source_structure,window_index,chain_id,chain_window_index,sequence,start_residue_number,start_insertion_code,start_residue_name,end_residue_number,end_insertion_code,end_residue_name,residue_ids,classifier_name,model_path,structure_model,prediction,probability
1s72.cif,1,0,1,UAUGCCAG,10,,U,17,,G,"0:10,0:11,0:12,0:13,0:14,0:15,0:16,0:17",GAT,exact-facility-location-gat_v9.pkl,1,False,0.001352976425550878
1s72.cif,2,0,2,AUGCCAGC,11,,A,18,,C,"0:11,0:12,0:13,0:14,0:15,0:16,0:17,0:18",GAT,exact-facility-location-gat_v9.pkl,1,False,0.0054842447862029076
1s72.cif,3,0,3,UGCCAGCU,12,,U,19,,U,"0:12,0:13,0:14,0:15,0:16,0:17,0:18,0:19",GAT,exact-facility-location-gat_v9.pkl,1,False,0.006071954499930143
1s72.cif,4,0,4,GCCAGCUG,13,,G,20,,G,"0:13,0:14,0:15,0:16,0:17,0:18,0:19,0:20",GAT,exact-facility-location-gat_v9.pkl,1,False,0.0009236917831003666
1s72.cif,5,0,5,CCAGCUGG,14,,C,21,,G,"0:14,0:15,0:16,0:17,0:18,0:19,0:20,0:21",GAT,exact-facility-location-gat_v9.pkl,1,False,0.00066330935806036
1s72.cif,6,0,6,CAGCUGGU,15,,C,22,,U,"0:15,0:16,0:17,0:18,0:19,0:20,0:21,0:22",GAT,exact-facility-location-gat_v9.pkl,1,False,0.0008757159812375903
1s72.cif,7,0,7,AGCUGGUG,16,,A,23,,G,"0:16,0:17,0:18,0:19,0:20,0:21,0:22,0:23",GAT,exact-facility-location-gat_v9.pkl,1,False,0.0009709885343909264
1s72.cif,8,0,8,GCUGGUGG,17,,G,24,,G,"0:17,0:18,0:19,0:20,0:21,0:22,0:23,0:24",GAT,exact-facility-location-gat_v9.pkl,1,False,0.0004284624010324478
1s72.cif,9,0,9,CUGGUGGA,18,,C,25,,A,"0:18,0:19,0:20,0:21,0:22,0:23,0:24,0:25",GAT,exact-facility-location-gat_v9.pkl,1,False,0.0024840552359819412
1s72.cif,10,0,10,UGGUGGAU,19,,U,26,,U,"0:19,0:20,0:21,0:22,0:23,0:24,0:25,0:26",GAT,exact-facility-location-gat_v9.pkl,1,False,0.002882788423448801
1s72.cif,11,0,11,GGUGGAUU,20,,G,27,,U,"0:20,0:21,0:22,0:23,0:24,0:25,0:26,0:27",GAT,exact-facility-location-gat_v9.pkl,1,False,0.007988660596311092
1s72.cif,12,0,12,GUGGAUUG,21,,G,28,,G,"0:21,0:22,0:23,0:24,0:25,0:26,0:27,0:28",GAT,exact-facility-location-gat_v9.pkl,1,False,0.0017846903065219522
1s72.cif,13,0,13,UGGAUUGC,22,,U,29,,C,"0:22,0:23,0:24,0:25,0:26,0:27,0:28,0:29",GAT,exact-facility-location-gat_v9.pkl,1,False,0.0005112732760608196
1s72.cif,14,0,14,GGAUUGCU,23,,G,30,,U,"0:23,0:24,0:25,0:26,0:27,0:28,0:29,0:30",GAT,exact-facility-location-gat_v9.pkl,1,False,0.0004599767562467605
1s72.cif,15,0,15,GAUUGCUC,24,,G,31,,C,"0:24,0:25,0:26,0:27,0:28,0:29,0:30,0:31",GAT,exact-facility-location-gat_v9.pkl,1,False,0.003979375585913658
1s72.cif,16,0,16,AUUGCUCG,25,,A,32,,G,"0:25,0:26,0:27,0:28,0:29,0:30,0:31,0:32",GAT,exact-facility-location-gat_v9.pkl,1,False,0.0032102575059980154
1s72.cif,17,0,17,UUGCUCGG,26,,U,33,,G,"0:26,0:27,0:28,0:29,0:30,0:31,0:32,0:33",GAT,exact-facility-location-gat_v9.pkl,1,False,0.002369572874158621
1s72.cif,18,0,18,UGCUCGGC,27,,U,34,,C,"0:27,0:28,0:29,0:30,0:31,0:32,0:33,0:34",GAT,exact-facility-location-gat_v9.pkl,1,False,0.001975221326574683
1s72.cif,19,0,19,GCUCGGCU,28,,G,35,,U,"0:28,0:29,0:30,0:31,0:32,0:33,0:34,0:35",GAT,exact-facility-location-gat_v9.pkl,1,False,0.0009531084215268493
1s72.cif,20,0,20,CUCGGCUC,29,,C,36,,C,"0:29,0:30,0:31,0:32,0:33,0:34,0:35,0:36",GAT,exact-facility-location-gat_v9.pkl,1,False,0.0003800958802457899
1s72.cif,21,0,21,UCGGCUCA,30,,U,37,,A,"0:30,0:31,0:32,0:33,0:34,0:35,0:36,0:37",GAT,exact-facility-location-gat_v9.pkl,1,False,0.001428327290341258
1s72.cif,22,0,22,CGGCUCAG,31,,C,38,,G,"0:31,0:32,0:33,0:34,0:35,0:36,0:37,0:38",GAT,exact-facility-location-gat_v9.pkl,1,False,0.0011805040994659066
1s72.cif,23,0,23,GGCUCAGG,32,,G,39,,G,"0:32,0:33,0:34,0:35,0:36,0:37,0:38,0:39",GAT,exact-facility-location-gat_v9.pkl,1,False,0.0008419982041232288
1s72.cif,24,0,24,GCUCAGGC,33,,G,40,,C,"0:33,0:34,0:35,0:36,0:37,0:38,0:39,0:40",GAT,exact-facility-location-gat_v9.pkl,1,False,0.0005730384727939963
1s72.cif,25,0,25,CUCAGGCG,34,,C,41,,G,"0:34,0:35,0:36,0:37,0:38,0:39,0:40,0:41",GAT,exact-facility-location-gat_v9.pkl,1,False,0.0005557680269703269
1s72.cif,26,0,26,UCAGGCGC,35,,U,42,,C,"0:35,0:36,0:37,0:38,0:39,0:40,0:41,0:42",GAT,exact-facility-location-gat_v9.pkl,1,False,0.0005876267678104341
1s72.cif,27,0,27,CAGGCGCU,36,,C,43,,U,"0:36,0:37,0:38,0:39,0:40,0:41,0:42,0:43",GAT,exact-facility-location-gat_v9.pkl,1,False,0.00035273926914669573
1s72.cif,28,0,28,AGGCGCUG,37,,A,44,,G,"0:37,0:38,0:39,0:40,0:41,0:42,0:43,0:44",GAT,exact-facility-location-gat_v9.pkl,1,False,0.00010219513933407143
1s72.cif,29,0,29,GGCGCUGA,38,,G,45,,A,"0:38,0:39,0:40,0:41,0:42,0:43,0:44,0:45",GAT,exact-facility-location-gat_v9.pkl,1,False,1.9325700122863054e-05
1s72.cif,30,0,30,GCGCUGAU,39,,G,46,,U,"0:39,0:40,0:41,0:42,0:43,0:44,0:45,0:46",GAT,exact-facility-location-gat_v9.pkl,1,False,0.0006800914416089654
1s72.cif,31,0,31,CGCUGAUG,40,,C,47,,G,"0:40,0:41,0:42,0:43,0:44,0:45,0:46,0:47",GAT,exact-facility-location-gat_v9.pkl,1,False,0.003026047721505165
1s72.cif,32,0,32,GCUGAUGA,41,,G,48,,A,"0:41,0:42,0:43,0:44,0:45,0:46,0:47,0:48",GAT,exact-facility-location-gat_v9.pkl,1,False,0.00025165133411064744
1s72.cif,33,0,33,CUGAUGAA,42,,C,49,,A,"0:42,0:43,0:44,0:45,0:46,0:47,0:48,0:49",GAT,exact-facility-location-gat_v9.pkl,1,False,0.0004836844454985112
1s72.cif,34,0,34,UGAUGAAG,43,,U,50,,G,"0:43,0:44,0:45,0:46,0:47,0:48,0:49,0:50",GAT,exact-facility-location-gat_v9.pkl,1,False,0.000902084750123322
1s72.cif,35,0,35,GAUGAAGG,44,,G,51,,G,"0:44,0:45,0:46,0:47,0:48,0:49,0:50,0:51",GAT,exact-facility-location-gat_v9.pkl,1,False,0.00045211176620796323
1s72.cif,36,0,36,AUGAAGGA,45,,A,52,,A,"0:45,0:46,0:47,0:48,0:49,0:50,0:51,0:52",GAT,exact-facility-location-gat_v9.pkl,1,False,0.00026802578940987587
1s72.cif,37,0,37,UGAAGGAC,46,,U,53,,C,"0:46,0:47,0:48,0:49,0:50,0:51,0:52,0:53",GAT,exact-facility-location-gat_v9.pkl,1,False,0.021218985319137573
1s72.cif,38,0,38,GAAGGACG,47,,G,54,,G,"0:47,0:48,0:49,0:50,0:51,0:52,0:53,0:54",GAT,exact-facility-location-gat_v9.pkl,1,False,0.0004921038052998483
1s72.cif,39,0,39,AAGGACGU,48,,A,55,,U,"0:48,0:49,0:50,0:51,0:52,0:53,0:54,0:55",GAT,exact-facility-location-gat_v9.pkl,1,False,0.000490400183480233
1s72.cif,40,0,40,AGGACGUG,49,,A,56,,G,"0:49,0:50,0:51,0:52,0:53,0:54,0:55,0:56",GAT,exact-facility-location-gat_v9.pkl,1,False,0.00040290062315762043
1s72.cif,41,0,41,GGACGUGC,50,,G,57,,C,"0:50,0:51,0:52,0:53,0:54,0:55,0:56,0:57",GAT,exact-facility-location-gat_v9.pkl,1,False,0.0001326484780292958
1s72.cif,42,0,42,GACGUGCC,51,,G,58,,C,"0:51,0:52,0:53,0:54,0:55,0:56,0:57,0:58",GAT,exact-facility-location-gat_v9.pkl,1,False,0.0002450062020216137
1s72.cif,43,0,43,ACGUGCCA,52,,A,59,,A,"0:52,0:53,0:54,0:55,0:56,0:57,0:58,0:59",GAT,exact-facility-location-gat_v9.pkl,1,False,0.012735351920127869
1s72.cif,44,0,44,CGUGCCAA,53,,C,60,,A,"0:53,0:54,0:55,0:56,0:57,0:58,0:59,0:60",GAT,exact-facility-location-gat_v9.pkl,1,False,0.012967102229595184
1s72.cif,45,0,45,GUGCCAAG,54,,G,61,,G,"0:54,0:55,0:56,0:57,0:58,0:59,0:60,0:61",GAT,exact-facility-location-gat_v9.pkl,1,False,0.0035611314233392477
1s72.cif,46,0,46,UGCCAAGC,55,,U,62,,C,"0:55,0:56,0:57,0:58,0:59,0:60,0:61,0:62",GAT,exact-facility-location-gat_v9.pkl,1,False,0.004273496102541685
1s72.cif,47,0,47,GCCAAGCU,56,,G,63,,U,"0:56,0:57,0:58,0:59,0:60,0:61,0:62,0:63",GAT,exact-facility-location-gat_v9.pkl,1,False,0.05736006796360016
1s72.cif,48,0,48,CCAAGCUG,57,,C,64,,G,"0:57,0:58,0:59,0:60,0:61,0:62,0:63,0:64",GAT,exact-facility-location-gat_v9.pkl,1,False,0.011074541136622429
1s72.cif,49,0,49,CAAGCUGC,58,,C,65,,C,"0:58,0:59,0:60,0:61,0:62,0:63,0:64,0:65",GAT,exact-facility-location-gat_v9.pkl,1,False,0.001149331801570952
1s72.cif,50,0,50,AAGCUGCG,59,,A,66,,G,"0:59,0:60,0:61,0:62,0:63,0:64,0:65,0:66",GAT,exact-facility-location-gat_v9.pkl,1,False,0.0007519516511820257
1s72.cif,51,0,51,AGCUGCGA,60,,A,67,,A,"0:60,0:61,0:62,0:63,0:64,0:65,0:66,0:67",GAT,exact-facility-location-gat_v9.pkl,1,False,0.0073524462059140205
1s72.cif,52,0,52,GCUGCGAU,61,,G,68,,U,"0:61,0:62,0:63,0:64,0:65,0:66,0:67,0:68",GAT,exact-facility-location-gat_v9.pkl,1,False,0.0014959992840886116
1s72.cif,53,0,53,CUGCGAUA,62,,C,69,,A,"0:62,0:63,0:64,0:65,0:66,0:67,0:68,0:69",GAT,exact-facility-location-gat_v9.pkl,1,False,0.001676870509982109
1s72.cif,54,0,54,UGCGAUAA,63,,U,70,,A,"0:63,0:64,0:65,0:66,0:67,0:68,0:69,0:70",GAT,exact-facility-location-gat_v9.pkl,1,False,0.050384823232889175
1s72.cif,55,0,55,GCGAUAAG,64,,G,71,,G,"0:64,0:65,0:66,0:67,0:68,0:69,0:70,0:71",GAT,exact-facility-location-gat_v9.pkl,1,False,0.0031393615063279867
1s72.cif,56,0,56,CGAUAAGC,65,,C,72,,C,"0:65,0:66,0:67,0:68,0:69,0:70,0:71,0:72",GAT,exact-facility-location-gat_v9.pkl,1,False,0.0007629171013832092
1s72.cif,57,0,57,GAUAAGCC,66,,G,73,,C,"0:66,0:67,0:68,0:69,0:70,0:71,0:72,0:73",GAT,exact-facility-location-gat_v9.pkl,1,False,0.0005058194510638714
1s72.cif,58,0,58,AUAAGCCA,67,,A,74,,A,"0:67,0:68,0:69,0:70,0:71,0:72,0:73,0:74",GAT,exact-facility-location-gat_v9.pkl,1,False,8.688786329003051e-05
1s72.cif,59,0,59,UAAGCCAU,68,,U,75,,U,"0:68,0:69,0:70,0:71,0:72,0:73,0:74,0:75",GAT,exact-facility-location-gat_v9.pkl,1,False,0.0006963918567635119
1s72.cif,60,0,60,AAGCCAUG,69,,A,76,,G,"0:69,0:70,0:71,0:72,0:73,0:74,0:75,0:76",GAT,exact-facility-location-gat_v9.pkl,1,False,0.006668647285550833
1s72.cif,61,0,61,AGCCAUGG,70,,A,77,,G,"0:70,0:71,0:72,0:73,0:74,0:75,0:76,0:77",GAT,exact-facility-location-gat_v9.pkl,1,False,0.007069988176226616
1s72.cif,62,0,62,GCCAUGGG,71,,G,78,,G,"0:71,0:72,0:73,0:74,0:75,0:76,0:77,0:78",GAT,exact-facility-location-gat_v9.pkl,1,False,0.0014888274017721415
1s72.cif,63,0,63,CCAUGGGG,72,,C,79,,G,"0:72,0:73,0:74,0:75,0:76,0:77,0:78,0:79",GAT,exact-facility-location-gat_v9.pkl,1,False,0.000870705465786159
1s72.cif,64,0,64,CAUGGGGA,73,,C,80,,A,"0:73,0:74,0:75,0:76,0:77,0:78,0:79,0:80",GAT,exact-facility-location-gat_v9.pkl,1,False,0.002160408068448305
1s72.cif,65,0,65,AUGGGGAG,74,,A,81,,G,"0:74,0:75,0:76,0:77,0:78,0:79,0:80,0:81",GAT,exact-facility-location-gat_v9.pkl,1,False,0.013784430921077728
1s72.cif,66,0,66,UGGGGAGC,75,,U,82,,C,"0:75,0:76,0:77,0:78,0:79,0:80,0:81,0:82",GAT,exact-facility-location-gat_v9.pkl,1,False,0.01033586636185646
1s72.cif,67,0,67,GGGGAGCC,76,,G,83,,C,"0:76,0:77,0:78,0:79,0:80,0:81,0:82,0:83",GAT,exact-facility-location-gat_v9.pkl,1,False,0.014191900379955769
1s72.cif,68,0,68,GGGAGCCG,77,,G,84,,G,"0:77,0:78,0:79,0:80,0:81,0:82,0:83,0:84",GAT,exact-facility-location-gat_v9.pkl,1,False,0.010234922170639038
1s72.cif,69,0,69,GGAGCCGC,78,,G,85,,C,"0:78,0:79,0:80,0:81,0:82,0:83,0:84,0:85",GAT,exact-facility-location-gat_v9.pkl,1,False,0.002942650346085429
1s72.cif,70,0,70,GAGCCGCA,79,,G,86,,A,"0:79,0:80,0:81,0:82,0:83,0:84,0:85,0:86",GAT,exact-facility-location-gat_v9.pkl,1,False,0.00022016340517438948
1s72.cif,71,0,71,AGCCGCAC,80,,A,87,,C,"0:80,0:81,0:82,0:83,0:84,0:85,0:86,0:87",GAT,exact-facility-location-gat_v9.pkl,1,False,0.0009029180509969592
1s72.cif,72,0,72,GCCGCACG,81,,G,88,,G,"0:81,0:82,0:83,0:84,0:85,0:86,0:87,0:88",GAT,exact-facility-location-gat_v9.pkl,1,False,0.005245485808700323
1s72.cif,73,0,73,CCGCACGG,82,,C,89,,G,"0:82,0:83,0:84,0:85,0:86,0:87,0:88,0:89",GAT,exact-facility-location-gat_v9.pkl,1,False,0.0014860201627016068
1s72.cif,74,0,74,CGCACGGA,83,,C,90,,A,"0:83,0:84,0:85,0:86,0:87,0:88,0:89,0:90",GAT,exact-facility-location-gat_v9.pkl,1,False,0.03497070074081421
1s72.cif,75,0,75,GCACGGAG,84,,G,91,,G,"0:84,0:85,0:86,0:87,0:88,0:89,0:90,0:91",GAT,exact-facility-location-gat_v9.pkl,1,False,0.02464471571147442
1s72.cif,76,0,76,CACGGAGG,85,,C,92,,G,"0:85,0:86,0:87,0:88,0:89,0:90,0:91,0:92",GAT,exact-facility-location-gat_v9.pkl,1,False,0.0036651568952947855
1s72.cif,77,0,77,ACGGAGGC,86,,A,93,,C,"0:86,0:87,0:88,0:89,0:90,0:91,0:92,0:93",GAT,exact-facility-location-gat_v9.pkl,1,False,0.005431413184851408
1s72.cif,78,0,78,CGGAGGCG,87,,C,94,,G,"0:87,0:88,0:89,0:90,0:91,0:92,0:93,0:94",GAT,exact-facility-location-gat_v9.pkl,1,False,0.005502141080796719
1s72.cif,79,0,79,GGAGGCGA,88,,G,95,,A,"0:88,0:89,0:90,0:91,0:92,0:93,0:94,0:95",GAT,exact-facility-location-gat_v9.pkl,1,False,0.00012452837836463004
1s72.cif,80,0,80,GAGGCGAA,89,,G,96,,A,"0:89,0:90,0:91,0:92,0:93,0:94,0:95,0:96",GAT,exact-facility-location-gat_v9.pkl,1,False,0.00011842559615615755
1s72.cif,81,0,81,AGGCGAAG,90,,A,97,,G,"0:90,0:91,0:92,0:93,0:94,0:95,0:96,0:97",GAT,exact-facility-location-gat_v9.pkl,1,False,4.615868238033727e-05
1s72.cif,82,0,82,GGCGAAGA,91,,G,98,,A,"0:91,0:92,0:93,0:94,0:95,0:96,0:97,0:98",GAT,exact-facility-location-gat_v9.pkl,1,False,0.0001527469139546156
1s72.cif,83,0,83,GCGAAGAA,92,,G,99,,A,"0:92,0:93,0:94,0:95,0:96,0:97,0:98,0:99",GAT,exact-facility-location-gat_v9.pkl,1,False,0.00043970352271571755
1s72.cif,84,0,84,CGAAGAAC,93,,C,100,,C,"0:93,0:94,0:95,0:96,0:97,0:98,0:99,0:100",GAT,exact-facility-location-gat_v9.pkl,1,False,0.0006373357609845698
1s72.cif,85,0,85,GAAGAACC,94,,G,101,,C,"0:94,0:95,0:96,0:97,0:98,0:99,0:100,0:101",GAT,exact-facility-location-gat_v9.pkl,1,False,0.0005078388494439423
1s72.cif,86,0,86,AAGAACCA,95,,A,102,,A,"0:95,0:96,0:97,0:98,0:99,0:100,0:101,0:102",GAT,exact-facility-location-gat_v9.pkl,1,False,0.00018892261141445488
1s72.cif,87,0,87,AGAACCAU,96,,A,103,,U,"0:96,0:97,0:98,0:99,0:100,0:101,0:102,0:103",GAT,exact-facility-location-gat_v9.pkl,1,False,0.014397205784916878
1s72.cif,88,0,88,GAACCAUG,97,,G,104,,G,"0:97,0:98,0:99,0:100,0:101,0:102,0:103,0:104",GAT,exact-facility-location-gat_v9.pkl,1,False,0.0006555148283950984
1s72.cif,89,0,89,AACCAUGG,98,,A,105,,G,"0:98,0:99,0:100,0:101,0:102,0:103,0:104,0:105",GAT,exact-facility-location-gat_v9.pkl,1,False,0.001061564777046442
1s72.cif,90,0,90,ACCAUGGA,99,,A,106,,A,"0:99,0:100,0:101,0:102,0:103,0:104,0:105,0:106",GAT,exact-facility-location-gat_v9.pkl,1,False,0.0017301692860201001
1s72.cif,91,0,91,CCAUGGAU,100,,C,107,,U,"0:100,0:101,0:102,0:103,0:104,0:105,0:106,0:107",GAT,exact-facility-location-gat_v9.pkl,1,False,0.0011336652096360922
1s72.cif,92,0,92,CAUGGAUU,101,,C,108,,U,"0:101,0:102,0:103,0:104,0:105,0:106,0:107,0:108",GAT,exact-facility-location-gat_v9.pkl,1,False,0.0005247044027782977
1s72.cif,93,0,93,AUGGAUUU,102,,A,109,,U,"0:102,0:103,0:104,0:105,0:106,0:107,0:108,0:109",GAT,exact-facility-location-gat_v9.pkl,1,False,0.0002793962776195258
1s72.cif,94,0,94,UGGAUUUC,103,,U,110,,C,"0:103,0:104,0:105,0:106,0:107,0:108,0:109,0:110",GAT,exact-facility-location-gat_v9.pkl,1,False,1.0492803994566202e-05
1s72.cif,95,0,95,GGAUUUCC,104,,G,111,,C,"0:104,0:105,0:106,0:107,0:108,0:109,0:110,0:111",GAT,exact-facility-location-gat_v9.pkl,1,False,3.94293456338346e-05
1s72.cif,96,0,96,GAUUUCCG,105,,G,112,,G,"0:105,0:106,0:107,0:108,0:109,0:110,0:111,0:112",GAT,exact-facility-location-gat_v9.pkl,1,False,0.00038083980325609446
1s72.cif,97,0,97,AUUUCCGA,106,,A,113,,A,"0:106,0:107,0:108,0:109,0:110,0:111,0:112,0:113",GAT,exact-facility-location-gat_v9.pkl,1,False,0.0019832339603453875
1s72.cif,98,0,98,UUUCCGAA,107,,U,114,,A,"0:107,0:108,0:109,0:110,0:111,0:112,0:113,0:114",GAT,exact-facility-location-gat_v9.pkl,1,False,0.0036565372720360756
1s72.cif,99,0,99,UUCCGAAU,108,,U,115,,U,"0:108,0:109,0:110,0:111,0:112,0:113,0:114,0:115",GAT,exact-facility-location-gat_v9.pkl,1,False,0.001049898099154234
1s72.cif,100,0,100,UCCGAAUG,109,,U,116,,G,"0:109,0:110,0:111,0:112,0:113,0:114,0:115,0:116",GAT,exact-facility-location-gat_v9.pkl,1,False,0.0008742493810132146
1s72.cif,101,0,101,CCGAAUGA,110,,C,117,,A,"0:110,0:111,0:112,0:113,0:114,0:115,0:116,0:117",GAT,exact-facility-location-gat_v9.pkl,1,False,0.000984412501566112
1s72.cif,102,0,102,CGAAUGAG,111,,C,118,,G,"0:111,0:112,0:113,0:114,0:115,0:116,0:117,0:118",GAT,exact-facility-location-gat_v9.pkl,1,False,0.009068135172128677
1s72.cif,103,0,103,GAAUGAGA,112,,G,119,,A,"0:112,0:113,0:114,0:115,0:116,0:117,0:118,0:119",GAT,exact-facility-location-gat_v9.pkl,1,False,0.012817648239433765
1s72.cif,104,0,104,AAUGAGAA,113,,A,120,,A,"0:113,0:114,0:115,0:116,0:117,0:118,0:119,0:120",GAT,exact-facility-location-gat_v9.pkl,1,False,0.013659547083079815
1s72.cif,105,0,105,AUGAGAAU,114,,A,121,,U,"0:114,0:115,0:116,0:117,0:118,0:119,0:120,0:121",GAT,exact-facility-location-gat_v9.pkl,1,False,0.085996612906456
1s72.cif,106,0,106,UGAGAAUC,115,,U,122,,C,"0:115,0:116,0:117,0:118,0:119,0:120,0:121,0:122",GAT,exact-facility-location-gat_v9.pkl,1,False,0.0062884059734642506
1s72.cif,107,0,107,GAGAAUCU,116,,G,123,,U,"0:116,0:117,0:118,0:119,0:120,0:121,0:122,0:123",GAT,exact-facility-location-gat_v9.pkl,1,False,0.0015925704501569271
1s72.cif,108,0,108,AGAAUCUC,117,,A,124,,C,"0:117,0:118,0:119,0:120,0:121,0:122,0:123,0:124",GAT,exact-facility-location-gat_v9.pkl,1,False,0.43714410066604614
1s72.cif,109,0,109,GAAUCUCU,118,,G,125,,U,"0:118,0:119,0:120,0:121,0:122,0:123,0:124,0:125",GAT,exact-facility-location-gat_v9.pkl,1,False,0.016212832182645798
1s72.cif,110,0,110,AAUCUCUA,119,,A,128,,A,"0:119,0:120,0:121,0:122,0:123,0:124,0:125,0:128",GAT,exact-facility-location-gat_v9.pkl,1,False,0.003346916288137436
1s72.cif,111,0,111,AUCUCUAA,120,,A,129,,A,"0:120,0:121,0:122,0:123,0:124,0:125,0:128,0:129",GAT,exact-facility-location-gat_v9.pkl,1,False,0.008986935019493103
1s72.cif,112,0,112,UCUCUAAC,121,,U,130,,C,"0:121,0:122,0:123,0:124,0:125,0:128,0:129,0:130",GAT,exact-facility-location-gat_v9.pkl,1,False,0.01137450709939003
1s72.cif,113,0,113,CUCUAACA,122,,C,131,,A,"0:122,0:123,0:124,0:125,0:128,0:129,0:130,0:131",GAT,exact-facility-location-gat_v9.pkl,1,False,0.02434433065354824
1s72.cif,114,0,114,UCUAACAA,123,,U,132,,A,"0:123,0:124,0:125,0:128,0:129,0:130,0:131,0:132",GAT,exact-facility-location-gat_v9.pkl,1,False,0.001567202154546976
1s72.cif,115,0,115,CUAACAAU,124,,C,133,,U,"0:124,0:125,0:128,0:129,0:130,0:131,0:132,0:133",GAT,exact-facility-location-gat_v9.pkl,1,False,6.070898234611377e-05
1s72.cif,116,0,116,UAACAAUU,125,,U,134,,U,"0:125,0:128,0:129,0:130,0:131,0:132,0:133,0:134",GAT,exact-facility-location-gat_v9.pkl,1,False,0.0001447760732844472
1s72.cif,117,0,117,AACAAUUG,128,,A,135,,G,"0:128,0:129,0:130,0:131,0:132,0:133,0:134,0:135",GAT,exact-facility-location-gat_v9.pkl,1,False,0.0018532694084569812
1s72.cif,118,0,118,ACAAUUGC,129,,A,136,,C,"0:129,0:130,0:131,0:132,0:133,0:134,0:135,0:136",GAT,exact-facility-location-gat_v9.pkl,1,False,0.020737918093800545
1s72.cif,119,0,119,CAAUUGCU,130,,C,137,,U,"0:130,0:131,0:132,0:133,0:134,0:135,0:136,0:137",GAT,exact-facility-location-gat_v9.pkl,1,False,0.0010991399176418781
1s72.cif,120,0,120,AAUUGCUU,131,,A,138,,U,"0:131,0:132,0:133,0:134,0:135,0:136,0:137,0:138",GAT,exact-facility-location-gat_v9.pkl,1,False,0.0021700686775147915
1s72.cif,121,0,121,AUUGCUUC,132,,A,139,,C,"0:132,0:133,0:134,0:135,0:136,0:137,0:138,0:139",GAT,exact-facility-location-gat_v9.pkl,1,False,0.003396878717467189
1s72.cif,122,0,122,UUGCUUCG,133,,U,140,,G,"0:133,0:134,0:135,0:136,0:137,0:138,0:139,0:140",GAT,exact-facility-location-gat_v9.pkl,1,False,0.047239191830158234
1s72.cif,123,0,123,UGCUUCGC,134,,U,141,,C,"0:134,0:135,0:136,0:137,0:138,0:139,0:140,0:141",GAT,exact-facility-location-gat_v9.pkl,1,False,0.0021477462723851204
1s72.cif,124,0,124,GCUUCGCG,135,,G,142,,G,"0:135,0:136,0:137,0:138,0:139,0:140,0:141,0:142",GAT,exact-facility-location-gat_v9.pkl,1,False,0.0018489396898075938
1s72.cif,125,0,125,CUUCGCGC,136,,C,143,,C,"0:136,0:137,0:138,0:139,0:140,0:141,0:142,0:143",GAT,exact-facility-location-gat_v9.pkl,1,False,0.017477577552199364
1s72.cif,126,0,126,UUCGCGCA,137,,U,144,,A,"0:137,0:138,0:139,0:140,0:141,0:142,0:143,0:144",GAT,exact-facility-location-gat_v9.pkl,1,False,0.0052033886313438416
1s72.cif,127,0,127,UCGCGCAA,138,,U,145,,A,"0:138,0:139,0:140,0:141,0:142,0:143,0:144,0:145",GAT,exact-facility-location-gat_v9.pkl,1,False,0.0017099686665460467
1s72.cif,128,0,128,CGCGCAAU,139,,C,146,,U,"0:139,0:140,0:141,0:142,0:143,0:144,0:145,0:146",GAT,exact-facility-location-gat_v9.pkl,1,False,0.0018799405079334974
1s72.cif,129,0,129,GCGCAAUG,140,,G,147,,G,"0:140,0:141,0:142,0:143,0:144,0:145,0:146,0:147",GAT,exact-facility-location-gat_v9.pkl,1,False,0.0028539628256112337
1s72.cif,130,0,130,CGCAAUGA,141,,C,148,,A,"0:141,0:142,0:143,0:144,0:145,0:146,0:147,0:148",GAT,exact-facility-location-gat_v9.pkl,1,False,0.0007491415017284453
1s72.cif,131,0,131,GCAAUGAG,142,,G,149,,G,"0:142,0:143,0:144,0:145,0:146,0:147,0:148,0:149",GAT,exact-facility-location-gat_v9.pkl,1,False,0.0002433444169582799
1s72.cif,132,0,132,CAAUGAGG,143,,C,150,,G,"0:143,0:144,0:145,0:146,0:147,0:148,0:149,0:150",GAT,exact-facility-location-gat_v9.pkl,1,False,0.00018935037951450795
1s72.cif,133,0,133,AAUGAGGA,144,,A,151,,A,"0:144,0:145,0:146,0:147,0:148,0:149,0:150,0:151",GAT,exact-facility-location-gat_v9.pkl,1,False,0.00011077700764872134
1s72.cif,134,0,134,AUGAGGAA,145,,A,152,,A,"0:145,0:146,0:147,0:148,0:149,0:150,0:151,0:152",GAT,exact-facility-location-gat_v9.pkl,1,False,0.00037668852019123733
1s72.cif,135,0,135,UGAGGAAC,146,,U,153,,C,"0:146,0:147,0:148,0:149,0:150,0:151,0:152,0:153",GAT,exact-facility-location-gat_v9.pkl,1,False,0.007518162485212088
1s72.cif,136,0,136,GAGGAACC,147,,G,154,,C,"0:147,0:148,0:149,0:150,0:151,0:152,0:153,0:154",GAT,exact-facility-location-gat_v9.pkl,1,False,0.008999902755022049
1s72.cif,137,0,137,AGGAACCC,148,,A,155,,C,"0:148,0:149,0:150,0:151,0:152,0:153,0:154,0:155",GAT,exact-facility-location-gat_v9.pkl,1,False,0.14421392977237701
1s72.cif,138,0,138,GGAACCCC,149,,G,156,,C,"0:149,0:150,0:151,0:152,0:153,0:154,0:155,0:156",GAT,exact-facility-location-gat_v9.pkl,1,False,0.013744951225817204
1s72.cif,139,0,139,GAACCCCG,150,,G,157,,G,"0:150,0:151,0:152,0:153,0:154,0:155,0:156,0:157",GAT,exact-facility-location-gat_v9.pkl,1,False,0.0007876655436120927
1s72.cif,140,0,140,AACCCCGA,151,,A,158,,A,"0:151,0:152,0:153,0:154,0:155,0:156,0:157,0:158",GAT,exact-facility-location-gat_v9.pkl,1,False,0.0013723635347560048
1s72.cif,141,0,141,ACCCCGAG,152,,A,159,,G,"0:152,0:153,0:154,0:155,0:156,0:157,0:158,0:159",GAT,exact-facility-location-gat_v9.pkl,1,False,0.0011886480497196317
1s72.cif,142,0,142,CCCCGAGA,153,,C,160,,A,"0:153,0:154,0:155,0:156,0:157,0:158,0:159,0:160",GAT,exact-facility-location-gat_v9.pkl,1,False,0.0029987578745931387
1s72.cif,143,0,143,CCCGAGAA,154,,C,161,,A,"0:154,0:155,0:156,0:157,0:158,0:159,0:160,0:161",GAT,exact-facility-location-gat_v9.pkl,1,False,0.002439234172925353
1s72.cif,144,0,144,CCGAGAAC,155,,C,162,,C,"0:155,0:156,0:157,0:158,0:159,0:160,0:161,0:162",GAT,exact-facility-location-gat_v9.pkl,1,False,0.002318211831152439
1s72.cif,145,0,145,CGAGAACU,156,,C,163,,U,"0:156,0:157,0:158,0:159,0:160,0:161,0:162,0:163",GAT,exact-facility-location-gat_v9.pkl,1,False,0.004043001215904951
1s72.cif,146,0,146,GAGAACUG,157,,G,164,,G,"0:157,0:158,0:159,0:160,0:161,0:162,0:163,0:164",GAT,exact-facility-location-gat_v9.pkl,1,False,0.00022544170496985316
1s72.cif,147,0,147,AGAACUGA,158,,A,165,,A,"0:158,0:159,0:160,0:161,0:162,0:163,0:164,0:165",GAT,exact-facility-location-gat_v9.pkl,1,False,0.0002218108857050538
1s72.cif,148,0,148,GAACUGAA,159,,G,166,,A,"0:159,0:160,0:161,0:162,0:163,0:164,0:165,0:166",GAT,exact-facility-location-gat_v9.pkl,1,False,0.0005382405361160636
1s72.cif,149,0,149,AACUGAAA,160,,A,167,,A,"0:160,0:161,0:162,0:163,0:164,0:165,0:166,0:167",GAT,exact-facility-location-gat_v9.pkl,1,False,0.0009493741090409458
1s72.cif,150,0,150,ACUGAAAC,161,,A,168,,C,"0:161,0:162,0:163,0:164,0:165,0:166,0:167,0:168",GAT,exact-facility-location-gat_v9.pkl,1,False,0.005087122321128845
1s72.cif,151,0,151,CUGAAACA,162,,C,169,,A,"0:162,0:163,0:164,0:165,0:166,0:167,0:168,0:169",GAT,exact-facility-location-gat_v9.pkl,1,False,0.0013379545416682959
1s72.cif,152,0,152,UGAAACAU,163,,U,170,,U,"0:163,0:164,0:165,0:166,0:167,0:168,0:169,0:170",GAT,exact-facility-location-gat_v9.pkl,1,False,0.0038408138789236546
1s72.cif,153,0,153,GAAACAUC,164,,G,171,,C,"0:164,0:165,0:166,0:167,0:168,0:169,0:170,0:171",GAT,exact-facility-location-gat_v9.pkl,1,False,0.04266056790947914
1s72.cif,154,0,154,AAACAUCU,165,,A,172,,U,"0:165,0:166,0:167,0:168,0:169,0:170,0:171,0:172",GAT,exact-facility-location-gat_v9.pkl,1,False,0.012485412880778313
1s72.cif,155,0,155,AACAUCUC,166,,A,173,,C,"0:166,0:167,0:168,0:169,0:170,0:171,0:172,0:173",GAT,exact-facility-location-gat_v9.pkl,1,False,0.0030408031307160854
1s72.cif,156,0,156,ACAUCUCA,167,,A,174,,A,"0:167,0:168,0:169,0:170,0:171,0:172,0:173,0:174",GAT,exact-facility-location-gat_v9.pkl,1,False,0.0007251332281157374
1s72.cif,157,0,157,CAUCUCAG,168,,C,175,,G,"0:168,0:169,0:170,0:171,0:172,0:173,0:174,0:175",GAT,exact-facility-location-gat_v9.pkl,1,False,0.0009204557281918824
1s72.cif,158,0,158,AUCUCAGU,169,,A,176,,U,"0:169,0:170,0:171,0:172,0:173,0:174,0:175,0:176",GAT,exact-facility-location-gat_v9.pkl,1,False,0.0011961179552599788
1s72.cif,159,0,159,UCUCAGUA,170,,U,177,,A,"0:170,0:171,0:172,0:173,0:174,0:175,0:176,0:177",GAT,exact-facility-location-gat_v9.pkl,1,False,5.408318611443974e-05
1s72.cif,160,0,160,CUCAGUAU,171,,C,178,,U,"0:171,0:172,0:173,0:174,0:175,0:176,0:177,0:178",GAT,exact-facility-location-gat_v9.pkl,1,False,0.00010338003630749881
1s72.cif,161,0,161,UCAGUAUC,172,,U,179,,C,"0:172,0:173,0:174,0:175,0:176,0:177,0:178,0:179",GAT,exact-facility-location-gat_v9.pkl,1,False,0.00020137477258685976
1s72.cif,162,0,162,CAGUAUCG,173,,C,180,,G,"0:173,0:174,0:175,0:176,0:177,0:178,0:179,0:180",GAT,exact-facility-location-gat_v9.pkl,1,False,0.0008298065513372421
1s72.cif,163,0,163,AGUAUCGG,174,,A,181,,G,"0:174,0:175,0:176,0:177,0:178,0:179,0:180,0:181",GAT,exact-facility-location-gat_v9.pkl,1,False,0.002151050604879856
1s72.cif,164,0,164,GUAUCGGG,175,,G,182,,G,"0:175,0:176,0:177,0:178,0:179,0:180,0:181,0:182",GAT,exact-facility-location-gat_v9.pkl,1,False,0.0005820267833769321
1s72.cif,165,0,165,UAUCGGGA,176,,U,183,,A,"0:176,0:177,0:178,0:179,0:180,0:181,0:182,0:183",GAT,exact-facility-location-gat_v9.pkl,1,False,0.0010027101961895823
1s72.cif,166,0,166,AUCGGGAG,177,,A,184,,G,"0:177,0:178,0:179,0:180,0:181,0:182,0:183,0:184",GAT,exact-facility-location-gat_v9.pkl,1,False,0.0021393969655036926
1s72.cif,167,0,167,UCGGGAGG,178,,U,185,,G,"0:178,0:179,0:180,0:181,0:182,0:183,0:184,0:185",GAT,exact-facility-location-gat_v9.pkl,1,False,0.0022760967258363962
1s72.cif,168,0,168,CGGGAGGA,179,,C,186,,A,"0:179,0:180,0:181,0:182,0:183,0:184,0:185,0:186",GAT,exact-facility-location-gat_v9.pkl,1,False,0.03613058477640152
1s72.cif,169,0,169,GGGAGGAA,180,,G,187,,A,"0:180,0:181,0:182,0:183,0:184,0:185,0:186,0:187",GAT,exact-facility-location-gat_v9.pkl,1,False,0.004976977594196796
1s72.cif,170,0,170,GGAGGAAC,181,,G,188,,C,"0:181,0:182,0:183,0:184,0:185,0:186,0:187,0:188",GAT,exact-facility-location-gat_v9.pkl,1,False,0.0010960005456581712
1s72.cif,171,0,171,GAGGAACA,182,,G,189,,A,"0:182,0:183,0:184,0:185,0:186,0:187,0:188,0:189",GAT,exact-facility-location-gat_v9.pkl,1,False,0.00017033223411999643
1s72.cif,172,0,172,AGGAACAG,183,,A,190,,G,"0:183,0:184,0:185,0:186,0:187,0:188,0:189,0:190",GAT,exact-facility-location-gat_v9.pkl,1,False,0.00041300654993392527
1s72.cif,173,0,173,GGAACAGA,184,,G,191,,A,"0:184,0:185,0:186,0:187,0:188,0:189,0:190,0:191",GAT,exact-facility-location-gat_v9.pkl,1,False,0.00667764525860548
1s72.cif,174,0,174,GAACAGAA,185,,G,192,,A,"0:185,0:186,0:187,0:188,0:189,0:190,0:191,0:192",GAT,exact-facility-location-gat_v9.pkl,1,False,0.0003898117574863136
1s72.cif,175,0,175,AACAGAAA,186,,A,193,,A,"0:186,0:187,0:188,0:189,0:190,0:191,0:192,0:193",GAT,exact-facility-location-gat_v9.pkl,1,False,2.7546722776605748e-05
1s72.cif,176,0,176,ACAGAAAA,187,,A,194,,A,"0:187,0:188,0:189,0:190,0:191,0:192,0:193,0:194",GAT,exact-facility-location-gat_v9.pkl,1,False,0.0001794791896827519
1s72.cif,177,0,177,CAGAAAAC,188,,C,195,,C,"0:188,0:189,0:190,0:191,0:192,0:193,0:194,0:195",GAT,exact-facility-location-gat_v9.pkl,1,False,0.0004238121910020709
1s72.cif,178,0,178,AGAAAACG,189,,A,196,,G,"0:189,0:190,0:191,0:192,0:193,0:194,0:195,0:196",GAT,exact-facility-location-gat_v9.pkl,1,False,0.0005908439052291214
1s72.cif,179,0,179,GAAAACGC,190,,G,197,,C,"0:190,0:191,0:192,0:193,0:194,0:195,0:196,0:197",GAT,exact-facility-location-gat_v9.pkl,1,False,0.00014548099716193974
1s72.cif,180,0,180,AAAACGCA,191,,A,198,,A,"0:191,0:192,0:193,0:194,0:195,0:196,0:197,0:198",GAT,exact-facility-location-gat_v9.pkl,1,False,0.00017258043226320297
1s72.cif,181,0,181,AAACGCAA,192,,A,199,,A,"0:192,0:193,0:194,0:195,0:196,0:197,0:198,0:199",GAT,exact-facility-location-gat_v9.pkl,1,False,0.002755396533757448
1s72.cif,182,0,182,AACGCAAU,193,,A,200,,U,"0:193,0:194,0:195,0:196,0:197,0:198,0:199,0:200",GAT,exact-facility-location-gat_v9.pkl,1,False,0.0015478499699383974
1s72.cif,183,0,183,ACGCAAUG,194,,A,201,,G,"0:194,0:195,0:196,0:197,0:198,0:199,0:200,0:201",GAT,exact-facility-location-gat_v9.pkl,1,False,0.0015123218763619661
1s72.cif,184,0,184,CGCAAUGU,195,,C,202,,U,"0:195,0:196,0:197,0:198,0:199,0:200,0:201,0:202",GAT,exact-facility-location-gat_v9.pkl,1,False,0.01701487973332405
1s72.cif,185,0,185,GCAAUGUG,196,,G,203,,G,"0:196,0:197,0:198,0:199,0:200,0:201,0:202,0:203",GAT,exact-facility-location-gat_v9.pkl,1,False,0.003285647602751851
1s72.cif,186,0,186,CAAUGUGA,197,,C,204,,A,"0:197,0:198,0:199,0:200,0:201,0:202,0:203,0:204",GAT,exact-facility-location-gat_v9.pkl,1,False,0.00022712261124979705
1s72.cif,187,0,187,AAUGUGAU,198,,A,205,,U,"0:198,0:199,0:200,0:201,0:202,0:203,0:204,0:205",GAT,exact-facility-location-gat_v9.pkl,1,False,0.0015486342599615455
1s72.cif,188,0,188,AUGUGAUG,199,,A,206,,G,"0:199,0:200,0:201,0:202,0:203,0:204,0:205,0:206",GAT,exact-facility-location-gat_v9.pkl,1,False,0.0002700176846701652
1s72.cif,189,0,189,UGUGAUGU,200,,U,207,,U,"0:200,0:201,0:202,0:203,0:204,0:205,0:206,0:207",GAT,exact-facility-location-gat_v9.pkl,1,False,7.700337300775573e-05
1s72.cif,190,0,190,GUGAUGUC,201,,G,208,,C,"0:201,0:202,0:203,0:204,0:205,0:206,0:207,0:208",GAT,exact-facility-location-gat_v9.pkl,1,False,0.014868251979351044
1s72.cif,191,0,191,UGAUGUCG,202,,U,209,,G,"0:202,0:203,0:204,0:205,0:206,0:207,0:208,0:209",GAT,exact-facility-location-gat_v9.pkl,1,False,0.018886955454945564
1s72.cif,192,0,192,GAUGUCGU,203,,G,210,,U,"0:203,0:204,0:205,0:206,0:207,0:208,0:209,0:210",GAT,exact-facility-location-gat_v9.pkl,1,False,0.002207519020885229
1s72.cif,193,0,193,AUGUCGUU,204,,A,211,,U,"0:204,0:205,0:206,0:207,0:208,0:209,0:210,0:211",GAT,exact-facility-location-gat_v9.pkl,1,False,0.000758669339120388
1s72.cif,194,0,194,UGUCGUUA,205,,U,212,,A,"0:205,0:206,0:207,0:208,0:209,0:210,0:211,0:212",GAT,exact-facility-location-gat_v9.pkl,1,False,0.0007350231171585619
1s72.cif,195,0,195,GUCGUUAG,206,,G,213,,G,"0:206,0:207,0:208,0:209,0:210,0:211,0:212,0:213",GAT,exact-facility-location-gat_v9.pkl,1,False,0.0007388948579318821
1s72.cif,196,0,196,UCGUUAGU,207,,U,214,,U,"0:207,0:208,0:209,0:210,0:211,0:212,0:213,0:214",GAT,exact-facility-location-gat_v9.pkl,1,False,0.0012953977566212416
1s72.cif,197,0,197,CGUUAGUA,208,,C,215,,A,"0:208,0:209,0:210,0:211,0:212,0:213,0:214,0:215",GAT,exact-facility-location-gat_v9.pkl,1,False,6.97346476954408e-05
1s72.cif,198,0,198,GUUAGUAA,209,,G,216,,A,"0:209,0:210,0:211,0:212,0:213,0:214,0:215,0:216",GAT,exact-facility-location-gat_v9.pkl,1,False,0.00014605185424443334
1s72.cif,199,0,199,UUAGUAAC,210,,U,217,,C,"0:210,0:211,0:212,0:213,0:214,0:215,0:216,0:217",GAT,exact-facility-location-gat_v9.pkl,1,False,0.0002444874553475529
1s72.cif,200,0,200,UAGUAACC,211,,U,218,,C,"0:211,0:212,0:213,0:214,0:215,0:216,0:217,0:218",GAT,exact-facility-location-gat_v9.pkl,1,False,0.0006294900667853653
1s72.cif,201,0,201,AGUAACCG,212,,A,219,,G,"0:212,0:213,0:214,0:215,0:216,0:217,0:218,0:219",GAT,exact-facility-location-gat_v9.pkl,1,False,0.0004239237168803811
1s72.cif,202,0,202,GUAACCGC,213,,G,220,,C,"0:213,0:214,0:215,0:216,0:217,0:218,0:219,0:220",GAT,exact-facility-location-gat_v9.pkl,1,False,0.0009279126534238458
1s72.cif,203,0,203,UAACCGCG,214,,U,221,,G,"0:214,0:215,0:216,0:217,0:218,0:219,0:220,0:221",GAT,exact-facility-location-gat_v9.pkl,1,False,0.023925192654132843
1s72.cif,204,0,204,AACCGCGA,215,,A,222,,A,"0:215,0:216,0:217,0:218,0:219,0:220,0:221,0:222",GAT,exact-facility-location-gat_v9.pkl,1,False,0.00023290657554753125
1s72.cif,205,0,205,ACCGCGAG,216,,A,223,,G,"0:216,0:217,0:218,0:219,0:220,0:221,0:222,0:223",GAT,exact-facility-location-gat_v9.pkl,1,False,0.002553795464336872
1s72.cif,206,0,206,CCGCGAGU,217,,C,224,,U,"0:217,0:218,0:219,0:220,0:221,0:222,0:223,0:224",GAT,exact-facility-location-gat_v9.pkl,1,False,0.07793649286031723
1s72.cif,207,0,207,CGCGAGUG,218,,C,225,,G,"0:218,0:219,0:220,0:221,0:222,0:223,0:224,0:225",GAT,exact-facility-location-gat_v9.pkl,1,False,0.010369967669248581
1s72.cif,208,0,208,GCGAGUGA,219,,G,226,,A,"0:219,0:220,0:221,0:222,0:223,0:224,0:225,0:226",GAT,exact-facility-location-gat_v9.pkl,1,False,0.0036876637022942305
1s72.cif,209,0,209,CGAGUGAA,220,,C,227,,A,"0:220,0:221,0:222,0:223,0:224,0:225,0:226,0:227",GAT,exact-facility-location-gat_v9.pkl,1,False,0.00114825286436826
1s72.cif,210,0,210,GAGUGAAC,221,,G,228,,C,"0:221,0:222,0:223,0:224,0:225,0:226,0:227,0:228",GAT,exact-facility-location-gat_v9.pkl,1,False,0.00028783155721612275
1s72.cif,211,0,211,AGUGAACG,222,,A,229,,G,"0:222,0:223,0:224,0:225,0:226,0:227,0:228,0:229",GAT,exact-facility-location-gat_v9.pkl,1,False,0.00032516909413971007
1s72.cif,212,0,212,GUGAACGC,223,,G,230,,C,"0:223,0:224,0:225,0:226,0:227,0:228,0:229,0:230",GAT,exact-facility-location-gat_v9.pkl,1,False,7.123074465198442e-05
1s72.cif,213,0,213,UGAACGCG,224,,U,231,,G,"0:224,0:225,0:226,0:227,0:228,0:229,0:230,0:231",GAT,exact-facility-location-gat_v9.pkl,1,False,0.00022715509112458676
1s72.cif,214,0,214,GAACGCGA,225,,G,232,,A,"0:225,0:226,0:227,0:228,0:229,0:230,0:231,0:232",GAT,exact-facility-location-gat_v9.pkl,1,False,0.0003868206695187837
1s72.cif,215,0,215,AACGCGAU,226,,A,233,,U,"0:226,0:227,0:228,0:229,0:230,0:231,0:232,0:233",GAT,exact-facility-location-gat_v9.pkl,1,False,0.00048761817743070424
1s72.cif,216,0,216,ACGCGAUA,227,,A,234,,A,"0:227,0:228,0:229,0:230,0:231,0:232,0:233,0:234",GAT,exact-facility-location-gat_v9.pkl,1,False,0.0005292377900332212
1s72.cif,217,0,217,CGCGAUAC,228,,C,235,,C,"0:228,0:229,0:230,0:231,0:232,0:233,0:234,0:235",GAT,exact-facility-location-gat_v9.pkl,1,False,0.0007331377128139138
1s72.cif,218,0,218,GCGAUACA,229,,G,236,,A,"0:229,0:230,0:231,0:232,0:233,0:234,0:235,0:236",GAT,exact-facility-location-gat_v9.pkl,1,False,0.0020004145335406065
1s72.cif,219,0,219,CGAUACAG,230,,C,237,,G,"0:230,0:231,0:232,0:233,0:234,0:235,0:236,0:237",GAT,exact-facility-location-gat_v9.pkl,1,False,0.0020444549154490232
1s72.cif,220,0,220,GAUACAGC,231,,G,238,,C,"0:231,0:232,0:233,0:234,0:235,0:236,0:237,0:238",GAT,exact-facility-location-gat_v9.pkl,1,False,0.0002925452427007258
1s72.cif,221,0,221,AUACAGCC,232,,A,239,,C,"0:232,0:233,0:234,0:235,0:236,0:237,0:238,0:239",GAT,exact-facility-location-gat_v9.pkl,1,False,0.0013077030889689922
1s72.cif,222,0,222,UACAGCCC,233,,U,240,,C,"0:233,0:234,0:235,0:236,0:237,0:238,0:239,0:240",GAT,exact-facility-location-gat_v9.pkl,1,False,0.0045186299830675125
1s72.cif,223,0,223,ACAGCCCA,234,,A,241,,A,"0:234,0:235,0:236,0:237,0:238,0:239,0:240,0:241",GAT,exact-facility-location-gat_v9.pkl,1,False,0.0006016154075041413
1s72.cif,224,0,224,CAGCCCAA,235,,C,242,,A,"0:235,0:236,0:237,0:238,0:239,0:240,0:241,0:242",GAT,exact-facility-location-gat_v9.pkl,1,False,0.00011776121391449124
1s72.cif,225,0,225,AGCCCAAA,236,,A,243,,A,"0:236,0:237,0:238,0:239,0:240,0:241,0:242,0:243",GAT,exact-facility-location-gat_v9.pkl,1,False,0.00014135875971987844
1s72.cif,226,0,226,GCCCAAAC,237,,G,244,,C,"0:237,0:238,0:239,0:240,0:241,0:242,0:243,0:244",GAT,exact-facility-location-gat_v9.pkl,1,False,0.00030369931482709944
1s72.cif,227,0,227,CCCAAACC,238,,C,245,,C,"0:238,0:239,0:240,0:241,0:242,0:243,0:244,0:245",GAT,exact-facility-location-gat_v9.pkl,1,False,0.0004889933625236154
1s72.cif,228,0,228,CCAAACCG,239,,C,246,,G,"0:239,0:240,0:241,0:242,0:243,0:244,0:245,0:246",GAT,exact-facility-location-gat_v9.pkl,1,False,0.0005330548156052828
1s72.cif,229,0,229,CAAACCGA,240,,C,247,,A,"0:240,0:241,0:242,0:243,0:244,0:245,0:246,0:247",GAT,exact-facility-location-gat_v9.pkl,1,False,0.003369229147210717
1s72.cif,230,0,230,AAACCGAA,241,,A,248,,A,"0:241,0:242,0:243,0:244,0:245,0:246,0:247,0:248",GAT,exact-facility-location-gat_v9.pkl,1,False,0.005469494964927435
1s72.cif,231,0,231,AACCGAAG,242,,A,249,,G,"0:242,0:243,0:244,0:245,0:246,0:247,0:248,0:249",GAT,exact-facility-location-gat_v9.pkl,1,False,0.005675860680639744
1s72.cif,232,0,232,ACCGAAGC,243,,A,250,,C,"0:243,0:244,0:245,0:246,0:247,0:248,0:249,0:250",GAT,exact-facility-location-gat_v9.pkl,1,False,0.0045443251729011536
1s72.cif,233,0,233,CCGAAGCC,244,,C,251,,C,"0:244,0:245,0:246,0:247,0:248,0:249,0:250,0:251",GAT,exact-facility-location-gat_v9.pkl,1,False,0.0007098459172993898
1s72.cif,234,0,234,CGAAGCCC,245,,C,252,,C,"0:245,0:246,0:247,0:248,0:249,0:250,0:251,0:252",GAT,exact-facility-location-gat_v9.pkl,1,False,0.00010027175449067727
1s72.cif,235,0,235,GAAGCCCU,246,,G,253,,U,"0:246,0:247,0:248,0:249,0:250,0:251,0:252,0:253",GAT,exact-facility-location-gat_v9.pkl,1,False,0.0004510351864155382
1s72.cif,236,0,236,AAGCCCUC,247,,A,254,,C,"0:247,0:248,0:249,0:250,0:251,0:252,0:253,0:254",GAT,exact-facility-location-gat_v9.pkl,1,False,0.0015720431692898273
1s72.cif,237,0,237,AGCCCUCA,248,,A,255,,A,"0:248,0:249,0:250,0:251,0:252,0:253,0:254,0:255",GAT,exact-facility-location-gat_v9.pkl,1,False,0.03700568526983261
1s72.cif,238,0,238,GCCCUCAC,249,,G,256,,C,"0:249,0:250,0:251,0:252,0:253,0:254,0:255,0:256",GAT,exact-facility-location-gat_v9.pkl,1,False,0.006006299518048763
1s72.cif,239,0,239,CCCUCACG,250,,C,257,,G,"0:250,0:251,0:252,0:253,0:254,0:255,0:256,0:257",GAT,exact-facility-location-gat_v9.pkl,1,False,0.00456608971580863
1s72.cif,240,0,240,CCUCACGG,251,,C,258,,G,"0:251,0:252,0:253,0:254,0:255,0:256,0:257,0:258",GAT,exact-facility-location-gat_v9.pkl,1,True,0.9417511820793152
1s72.cif,241,0,241,CUCACGGG,252,,C,259,,G,"0:252,0:253,0:254,0:255,0:256,0:257,0:258,0:259",GAT,exact-facility-location-gat_v9.pkl,1,False,0.062317993491888046
1s72.cif,242,0,242,UCACGGGC,253,,U,260,,C,"0:253,0:254,0:255,0:256,0:257,0:258,0:259,0:260",GAT,exact-facility-location-gat_v9.pkl,1,False,0.0026509480085223913
1s72.cif,243,0,243,CACGGGCA,254,,C,261,,A,"0:254,0:255,0:256,0:257,0:258,0:259,0:260,0:261",GAT,exact-facility-location-gat_v9.pkl,1,False,0.000342343671945855
1s72.cif,244,0,244,ACGGGCAA,255,,A,262,,A,"0:255,0:256,0:257,0:258,0:259,0:260,0:261,0:262",GAT,exact-facility-location-gat_v9.pkl,1,False,0.00021328615548554808
1s72.cif,245,0,245,CGGGCAAU,256,,C,263,,U,"0:256,0:257,0:258,0:259,0:260,0:261,0:262,0:263",GAT,exact-facility-location-gat_v9.pkl,1,False,0.0002797433116938919
1s72.cif,246,0,246,GGGCAAUG,257,,G,264,,G,"0:257,0:258,0:259,0:260,0:261,0:262,0:263,0:264",GAT,exact-facility-location-gat_v9.pkl,1,False,9.249148570233956e-05
1s72.cif,247,0,247,GGCAAUGU,258,,G,265,,U,"0:258,0:259,0:260,0:261,0:262,0:263,0:264,0:265",GAT,exact-facility-location-gat_v9.pkl,1,False,0.00012041701120324433
1s72.cif,248,0,248,GCAAUGUG,259,,G,266,,G,"0:259,0:260,0:261,0:262,0:263,0:264,0:265,0:266",GAT,exact-facility-location-gat_v9.pkl,1,False,0.00031659260275773704
1s72.cif,249,0,249,CAAUGUGG,260,,C,267,,G,"0:260,0:261,0:262,0:263,0:264,0:265,0:266,0:267",GAT,exact-facility-location-gat_v9.pkl,1,False,0.0001076214830391109
1s72.cif,250,0,250,AAUGUGGU,261,,A,268,,U,"0:261,0:262,0:263,0:264,0:265,0:266,0:267,0:268",GAT,exact-facility-location-gat_v9.pkl,1,False,0.0013864395441487432
1s72.cif,251,0,251,AUGUGGUG,262,,A,269,,G,"0:262,0:263,0:264,0:265,0:266,0:267,0:268,0:269",GAT,exact-facility-location-gat_v9.pkl,1,False,0.0009636988979764283
1s72.cif,252,0,252,UGUGGUGU,263,,U,270,,U,"0:263,0:264,0:265,0:266,0:267,0:268,0:269,0:270",GAT,exact-facility-location-gat_v9.pkl,1,False,0.003609712002798915
1s72.cif,253,0,253,GUGGUGUC,264,,G,271,,C,"0:264,0:265,0:266,0:267,0:268,0:269,0:270,0:271",GAT,exact-facility-location-gat_v9.pkl,1,False,0.00038358604069799185
1s72.cif,254,0,254,UGGUGUCA,265,,U,272,,A,"0:265,0:266,0:267,0:268,0:269,0:270,0:271,0:272",GAT,exact-facility-location-gat_v9.pkl,1,False,0.00010615398059599102
1s72.cif,255,0,255,GGUGUCAG,266,,G,273,,G,"0:266,0:267,0:268,0:269,0:270,0:271,0:272,0:273",GAT,exact-facility-location-gat_v9.pkl,1,False,0.0004719319986179471
1s72.cif,256,0,256,GUGUCAGG,267,,G,274,,G,"0:267,0:268,0:269,0:270,0:271,0:272,0:273,0:274",GAT,exact-facility-location-gat_v9.pkl,1,False,0.004730283282697201
1s72.cif,257,0,257,UGUCAGGG,268,,U,275,,G,"0:268,0:269,0:270,0:271,0:272,0:273,0:274,0:275",GAT,exact-facility-location-gat_v9.pkl,1,False,0.0061330064199864864
1s72.cif,258,0,258,GUCAGGGC,269,,G,276,,C,"0:269,0:270,0:271,0:272,0:273,0:274,0:275,0:276",GAT,exact-facility-location-gat_v9.pkl,1,False,0.0010049246484413743
1s72.cif,259,0,259,UCAGGGCU,270,,U,277,,U,"0:270,0:271,0:272,0:273,0:274,0:275,0:276,0:277",GAT,exact-facility-location-gat_v9.pkl,1,False,0.0003439440333750099
1s72.cif,260,0,260,CAGGGCUA,271,,C,278,,A,"0:271,0:272,0:273,0:274,0:275,0:276,0:277,0:278",GAT,exact-facility-location-gat_v9.pkl,1,False,0.002391078043729067
1s72.cif,261,0,261,AGGGCUAC,272,,A,279,,C,"0:272,0:273,0:274,0:275,0:276,0:277,0:278,0:279",GAT,exact-facility-location-gat_v9.pkl,1,False,0.020723877474665642
1s72.cif,262,0,262,GGGCUACC,273,,G,280,,C,"0:273,0:274,0:275,0:276,0:277,0:278,0:279,0:280",GAT,exact-facility-location-gat_v9.pkl,1,False,0.0017426859121769667
1s72.cif,263,0,263,GGCUACCU,274,,G,281,,U,"0:274,0:275,0:276,0:277,0:278,0:279,0:280,0:281",GAT,exact-facility-location-gat_v9.pkl,1,False,0.0019433718407526612
1s72.cif,264,0,264,GCUACCUC,275,,G,282,,C,"0:275,0:276,0:277,0:278,0:279,0:280,0:281,0:282",GAT,exact-facility-location-gat_v9.pkl,1,False,0.0017427979037165642
1s72.cif,265,0,265,CUACCUCU,276,,C,283,,U,"0:276,0:277,0:278,0:279,0:280,0:281,0:282,0:283",GAT,exact-facility-location-gat_v9.pkl,1,False,0.004150871187448502
1s72.cif,266,0,266,UACCUCUC,277,,U,284,,C,"0:277,0:278,0:279,0:280,0:281,0:282,0:283,0:284",GAT,exact-facility-location-gat_v9.pkl,1,False,0.00273168389685452
1s72.cif,267,0,267,ACCUCUCA,278,,A,285,,A,"0:278,0:279,0:280,0:281,0:282,0:283,0:284,0:285",GAT,exact-facility-location-gat_v9.pkl,1,False,0.002011664677411318
1s72.cif,268,0,268,CCUCUCAU,279,,C,286,,U,"0:279,0:280,0:281,0:282,0:283,0:284,0:285,0:286",GAT,exact-facility-location-gat_v9.pkl,1,False,0.017841985449194908
1s72.cif,269,0,269,CUCUCAUC,280,,C,287,,C,"0:280,0:281,0:282,0:283,0:284,0:285,0:286,0:287",GAT,exact-facility-location-gat_v9.pkl,1,False,0.0036243638023734093
1s72.cif,270,0,270,UCUCAUCA,281,,U,288,,A,"0:281,0:282,0:283,0:284,0:285,0:286,0:287,0:288",GAT,exact-facility-location-gat_v9.pkl,1,False,0.00045969904749654233
1s72.cif,271,0,271,CUCAUCAG,282,,C,289,,G,"0:282,0:283,0:284,0:285,0:286,0:287,0:288,0:289",GAT,exact-facility-location-gat_v9.pkl,1,False,0.0004476008180063218
1s72.cif,272,0,272,UCAUCAGC,283,,U,290,,C,"0:283,0:284,0:285,0:286,0:287,0:288,0:289,0:290",GAT,exact-facility-location-gat_v9.pkl,1,False,0.0014412448508664966
1s72.cif,273,0,273,CAUCAGCC,284,,C,291,,C,"0:284,0:285,0:286,0:287,0:288,0:289,0:290,0:291",GAT,exact-facility-location-gat_v9.pkl,1,False,0.0008602819289080799
1s72.cif,274,0,274,AUCAGCCG,285,,A,292,,G,"0:285,0:286,0:287,0:288,0:289,0:290,0:291,0:292",GAT,exact-facility-location-gat_v9.pkl,1,False,0.0005937152891419828
1s72.cif,275,0,275,UCAGCCGA,286,,U,293,,A,"0:286,0:287,0:288,0:289,0:290,0:291,0:292,0:293",GAT,exact-facility-location-gat_v9.pkl,1,False,0.002002561232075095
1s72.cif,276,0,276,CAGCCGAC,287,,C,294,,C,"0:287,0:288,0:289,0:290,0:291,0:292,0:293,0:294",GAT,exact-facility-location-gat_v9.pkl,1,False,0.003977720160037279
1s72.cif,277,0,277,AGCCGACC,288,,A,295,,C,"0:288,0:289,0:290,0:291,0:292,0:293,0:294,0:295",GAT,exact-facility-location-gat_v9.pkl,1,False,0.0033074957318603992
1s72.cif,278,0,278,GCCGACCG,289,,G,296,,G,"0:289,0:290,0:291,0:292,0:293,0:294,0:295,0:296",GAT,exact-facility-location-gat_v9.pkl,1,False,0.0037010409869253635
1s72.cif,279,0,279,CCGACCGU,290,,C,297,,U,"0:290,0:291,0:292,0:293,0:294,0:295,0:296,0:297",GAT,exact-facility-location-gat_v9.pkl,1,False,0.00011576977703953162
1s72.cif,280,0,280,CGACCGUC,291,,C,298,,C,"0:291,0:292,0:293,0:294,0:295,0:296,0:297,0:298",GAT,exact-facility-location-gat_v9.pkl,1,False,0.00031564536038786173
1s72.cif,281,0,281,GACCGUCU,292,,G,299,,U,"0:292,0:293,0:294,0:295,0:296,0:297,0:298,0:299",GAT,exact-facility-location-gat_v9.pkl,1,False,0.0004565828130580485
1s72.cif,282,0,282,ACCGUCUC,293,,A,300,,C,"0:293,0:294,0:295,0:296,0:297,0:298,0:299,0:300",GAT,exact-facility-location-gat_v9.pkl,1,False,0.00045664553181268275
1s72.cif,283,0,283,CCGUCUCG,294,,C,301,,G,"0:294,0:295,0:296,0:297,0:298,0:299,0:300,0:301",GAT,exact-facility-location-gat_v9.pkl,1,False,0.0007506171823479235
1s72.cif,284,0,284,CGUCUCGA,295,,C,302,,A,"0:295,0:296,0:297,0:298,0:299,0:300,0:301,0:302",GAT,exact-facility-location-gat_v9.pkl,1,False,0.0012324367417022586
1s72.cif,285,0,285,GUCUCGAC,296,,G,303,,C,"0:296,0:297,0:298,0:299,0:300,0:301,0:302,0:303",GAT,exact-facility-location-gat_v9.pkl,1,False,0.0007289275527000427
1s72.cif,286,0,286,UCUCGACG,297,,U,304,,G,"0:297,0:298,0:299,0:300,0:301,0:302,0:303,0:304",GAT,exact-facility-location-gat_v9.pkl,1,False,0.00038921821396797895
1s72.cif,287,0,287,CUCGACGA,298,,C,305,,A,"0:298,0:299,0:300,0:301,0:302,0:303,0:304,0:305",GAT,exact-facility-location-gat_v9.pkl,1,False,0.00032342292251996696
1s72.cif,288,0,288,UCGACGAA,299,,U,306,,A,"0:299,0:300,0:301,0:302,0:303,0:304,0:305,0:306",GAT,exact-facility-location-gat_v9.pkl,1,False,0.00021915245451964438
1s72.cif,289,0,289,CGACGAAG,300,,C,307,,G,"0:300,0:301,0:302,0:303,0:304,0:305,0:306,0:307",GAT,exact-facility-location-gat_v9.pkl,1,False,0.0003254414186812937
1s72.cif,290,0,290,GACGAAGU,301,,G,308,,U,"0:301,0:302,0:303,0:304,0:305,0:306,0:307,0:308",GAT,exact-facility-location-gat_v9.pkl,1,False,0.00263987691141665
1s72.cif,291,0,291,ACGAAGUC,302,,A,309,,C,"0:302,0:303,0:304,0:305,0:306,0:307,0:308,0:309",GAT,exact-facility-location-gat_v9.pkl,1,False,0.004395358730107546
1s72.cif,292,0,292,CGAAGUCU,303,,C,310,,U,"0:303,0:304,0:305,0:306,0:307,0:308,0:309,0:310",GAT,exact-facility-location-gat_v9.pkl,1,False,8.057942613959312e-05
1s72.cif,293,0,293,GAAGUCUC,304,,G,311,,C,"0:304,0:305,0:306,0:307,0:308,0:309,0:310,0:311",GAT,exact-facility-location-gat_v9.pkl,1,False,7.890181223046966e-06
1s72.cif,294,0,294,AAGUCUCU,305,,A,312,,U,"0:305,0:306,0:307,0:308,0:309,0:310,0:311,0:312",GAT,exact-facility-location-gat_v9.pkl,1,False,7.700836431467906e-05
1s72.cif,295,0,295,AGUCUCUU,306,,A,313,,U,"0:306,0:307,0:308,0:309,0:310,0:311,0:312,0:313",GAT,exact-facility-location-gat_v9.pkl,1,False,0.00029145897133275867
1s72.cif,296,0,296,GUCUCUUG,307,,G,314,,G,"0:307,0:308,0:309,0:310,0:311,0:312,0:313,0:314",GAT,exact-facility-location-gat_v9.pkl,1,False,0.005125569179654121
1s72.cif,297,0,297,UCUCUUGG,308,,U,315,,G,"0:308,0:309,0:310,0:311,0:312,0:313,0:314,0:315",GAT,exact-facility-location-gat_v9.pkl,1,False,0.0016149391885846853
1s72.cif,298,0,298,CUCUUGGA,309,,C,316,,A,"0:309,0:310,0:311,0:312,0:313,0:314,0:315,0:316",GAT,exact-facility-location-gat_v9.pkl,1,False,0.013306759297847748
1s72.cif,299,0,299,UCUUGGAA,310,,U,317,,A,"0:310,0:311,0:312,0:313,0:314,0:315,0:316,0:317",GAT,exact-facility-location-gat_v9.pkl,1,False,0.018588542938232422
1s72.cif,300,0,300,CUUGGAAC,311,,C,318,,C,"0:311,0:312,0:313,0:314,0:315,0:316,0:317,0:318",GAT,exact-facility-location-gat_v9.pkl,1,False,0.0010258695110678673
1s72.cif,301,0,301,UUGGAACA,312,,U,319,,A,"0:312,0:313,0:314,0:315,0:316,0:317,0:318,0:319",GAT,exact-facility-location-gat_v9.pkl,1,False,0.0022175912745296955
1s72.cif,302,0,302,UGGAACAG,313,,U,320,,G,"0:313,0:314,0:315,0:316,0:317,0:318,0:319,0:320",GAT,exact-facility-location-gat_v9.pkl,1,False,0.01542037446051836
1s72.cif,303,0,303,GGAACAGA,314,,G,321,,A,"0:314,0:315,0:316,0:317,0:318,0:319,0:320,0:321",GAT,exact-facility-location-gat_v9.pkl,1,False,0.005661970004439354
1s72.cif,304,0,304,GAACAGAG,315,,G,322,,G,"0:315,0:316,0:317,0:318,0:319,0:320,0:321,0:322",GAT,exact-facility-location-gat_v9.pkl,1,False,0.0004759090079460293
1s72.cif,305,0,305,AACAGAGC,316,,A,323,,C,"0:316,0:317,0:318,0:319,0:320,0:321,0:322,0:323",GAT,exact-facility-location-gat_v9.pkl,1,False,0.0005739220650866628
1s72.cif,306,0,306,ACAGAGCG,317,,A,324,,G,"0:317,0:318,0:319,0:320,0:321,0:322,0:323,0:324",GAT,exact-facility-location-gat_v9.pkl,1,False,0.0030676457099616528
1s72.cif,307,0,307,CAGAGCGU,318,,C,325,,U,"0:318,0:319,0:320,0:321,0:322,0:323,0:324,0:325",GAT,exact-facility-location-gat_v9.pkl,1,False,0.003773699514567852
1s72.cif,308,0,308,AGAGCGUG,319,,A,326,,G,"0:319,0:320,0:321,0:322,0:323,0:324,0:325,0:326",GAT,exact-facility-location-gat_v9.pkl,1,False,0.0011969271581619978
1s72.cif,309,0,309,GAGCGUGA,320,,G,327,,A,"0:320,0:321,0:322,0:323,0:324,0:325,0:326,0:327",GAT,exact-facility-location-gat_v9.pkl,1,False,0.0007404099451377988
1s72.cif,310,0,310,AGCGUGAU,321,,A,328,,U,"0:321,0:322,0:323,0:324,0:325,0:326,0:327,0:328",GAT,exact-facility-location-gat_v9.pkl,1,False,8.649650408187881e-05
1s72.cif,311,0,311,GCGUGAUA,322,,G,329,,A,"0:322,0:323,0:324,0:325,0:326,0:327,0:328,0:329",GAT,exact-facility-location-gat_v9.pkl,1,False,0.00023893527395557612
1s72.cif,312,0,312,CGUGAUAC,323,,C,330,,C,"0:323,0:324,0:325,0:326,0:327,0:328,0:329,0:330",GAT,exact-facility-location-gat_v9.pkl,1,False,0.0018521423917263746
1s72.cif,313,0,313,GUGAUACA,324,,G,331,,A,"0:324,0:325,0:326,0:327,0:328,0:329,0:330,0:331",GAT,exact-facility-location-gat_v9.pkl,1,False,0.002326394198462367
1s72.cif,314,0,314,UGAUACAG,325,,U,332,,G,"0:325,0:326,0:327,0:328,0:329,0:330,0:331,0:332",GAT,exact-facility-location-gat_v9.pkl,1,False,0.00034266061265952885
1s72.cif,315,0,315,GAUACAGG,326,,G,333,,G,"0:326,0:327,0:328,0:329,0:330,0:331,0:332,0:333",GAT,exact-facility-location-gat_v9.pkl,1,False,0.0007154877530410886
1s72.cif,316,0,316,AUACAGGG,327,,A,334,,G,"0:327,0:328,0:329,0:330,0:331,0:332,0:333,0:334",GAT,exact-facility-location-gat_v9.pkl,1,False,0.0009077110444195569
1s72.cif,317,0,317,UACAGGGU,328,,U,335,,U,"0:328,0:329,0:330,0:331,0:332,0:333,0:334,0:335",GAT,exact-facility-location-gat_v9.pkl,1,False,0.0009296555072069168
1s72.cif,318,0,318,ACAGGGUG,329,,A,336,,G,"0:329,0:330,0:331,0:332,0:333,0:334,0:335,0:336",GAT,exact-facility-location-gat_v9.pkl,1,False,0.0006563466158695519
1s72.cif,319,0,319,CAGGGUGA,330,,C,337,,A,"0:330,0:331,0:332,0:333,0:334,0:335,0:336,0:337",GAT,exact-facility-location-gat_v9.pkl,1,False,0.0019513643346726894
1s72.cif,320,0,320,AGGGUGAC,331,,A,338,,C,"0:331,0:332,0:333,0:334,0:335,0:336,0:337,0:338",GAT,exact-facility-location-gat_v9.pkl,1,False,0.009320358745753765
1s72.cif,321,0,321,GGGUGACA,332,,G,339,,A,"0:332,0:333,0:334,0:335,0:336,0:337,0:338,0:339",GAT,exact-facility-location-gat_v9.pkl,1,False,0.0312809981405735
1s72.cif,322,0,322,GGUGACAA,333,,G,340,,A,"0:333,0:334,0:335,0:336,0:337,0:338,0:339,0:340",GAT,exact-facility-location-gat_v9.pkl,1,False,0.09252966940402985
1s72.cif,323,0,323,GUGACAAC,334,,G,341,,C,"0:334,0:335,0:336,0:337,0:338,0:339,0:340,0:341",GAT,exact-facility-location-gat_v9.pkl,1,False,0.0014320004265755415
1s72.cif,324,0,324,UGACAACC,335,,U,342,,C,"0:335,0:336,0:337,0:338,0:339,0:340,0:341,0:342",GAT,exact-facility-location-gat_v9.pkl,1,False,0.045035481452941895
1s72.cif,325,0,325,GACAACCC,336,,G,343,,C,"0:336,0:337,0:338,0:339,0:340,0:341,0:342,0:343",GAT,exact-facility-location-gat_v9.pkl,1,False,0.010226961225271225
1s72.cif,326,0,326,ACAACCCC,337,,A,344,,C,"0:337,0:338,0:339,0:340,0:341,0:342,0:343,0:344",GAT,exact-facility-location-gat_v9.pkl,1,False,0.0013356456765905023
1s72.cif,327,0,327,CAACCCCG,338,,C,345,,G,"0:338,0:339,0:340,0:341,0:342,0:343,0:344,0:345",GAT,exact-facility-location-gat_v9.pkl,1,False,0.0005526671884581447
1s72.cif,328,0,328,AACCCCGU,339,,A,346,,U,"0:339,0:340,0:341,0:342,0:343,0:344,0:345,0:346",GAT,exact-facility-location-gat_v9.pkl,1,False,0.005012033972889185
1s72.cif,329,0,329,ACCCCGUA,340,,A,347,,A,"0:340,0:341,0:342,0:343,0:344,0:345,0:346,0:347",GAT,exact-facility-location-gat_v9.pkl,1,False,0.005761410109698772
1s72.cif,330,0,330,CCCCGUAC,341,,C,348,,C,"0:341,0:342,0:343,0:344,0:345,0:346,0:347,0:348",GAT,exact-facility-location-gat_v9.pkl,1,False,0.001441541244275868
1s72.cif,331,0,331,CCCGUACU,342,,C,349,,U,"0:342,0:343,0:344,0:345,0:346,0:347,0:348,0:349",GAT,exact-facility-location-gat_v9.pkl,1,False,0.0004706709587480873
1s72.cif,332,0,332,CCGUACUC,343,,C,350,,C,"0:343,0:344,0:345,0:346,0:347,0:348,0:349,0:350",GAT,exact-facility-location-gat_v9.pkl,1,False,0.001021105796098709
1s72.cif,333,0,333,CGUACUCG,344,,C,351,,G,"0:344,0:345,0:346,0:347,0:348,0:349,0:350,0:351",GAT,exact-facility-location-gat_v9.pkl,1,False,0.0011854063486680388
1s72.cif,334,0,334,GUACUCGA,345,,G,352,,A,"0:345,0:346,0:347,0:348,0:349,0:350,0:351,0:352",GAT,exact-facility-location-gat_v9.pkl,1,False,0.0008256107103079557
1s72.cif,335,0,335,UACUCGAG,346,,U,353,,G,"0:346,0:347,0:348,0:349,0:350,0:351,0:352,0:353",GAT,exact-facility-location-gat_v9.pkl,1,False,0.0005792408483102918
1s72.cif,336,0,336,ACUCGAGA,347,,A,354,,A,"0:347,0:348,0:349,0:350,0:351,0:352,0:353,0:354",GAT,exact-facility-location-gat_v9.pkl,1,False,0.000540888577234
1s72.cif,337,0,337,CUCGAGAC,348,,C,355,,C,"0:348,0:349,0:350,0:351,0:352,0:353,0:354,0:355",GAT,exact-facility-location-gat_v9.pkl,1,False,0.0005643591284751892
1s72.cif,338,0,338,UCGAGACC,349,,U,356,,C,"0:349,0:350,0:351,0:352,0:353,0:354,0:355,0:356",GAT,exact-facility-location-gat_v9.pkl,1,False,0.0006535034044645727
1s72.cif,339,0,339,CGAGACCA,350,,C,357,,A,"0:350,0:351,0:352,0:353,0:354,0:355,0:356,0:357",GAT,exact-facility-location-gat_v9.pkl,1,False,0.0007073183078318834
1s72.cif,340,0,340,GAGACCAG,351,,G,358,,G,"0:351,0:352,0:353,0:354,0:355,0:356,0:357,0:358",GAT,exact-facility-location-gat_v9.pkl,1,False,0.0006633742013946176
1s72.cif,341,0,341,AGACCAGU,352,,A,359,,U,"0:352,0:353,0:354,0:355,0:356,0:357,0:358,0:359",GAT,exact-facility-location-gat_v9.pkl,1,False,0.0014963712310418487
1s72.cif,342,0,342,GACCAGUA,353,,G,360,,A,"0:353,0:354,0:355,0:356,0:357,0:358,0:359,0:360",GAT,exact-facility-location-gat_v9.pkl,1,False,6.102310726419091e-05
1s72.cif,343,0,343,ACCAGUAC,354,,A,361,,C,"0:354,0:355,0:356,0:357,0:358,0:359,0:360,0:361",GAT,exact-facility-location-gat_v9.pkl,1,False,0.00011549257033038884
1s72.cif,344,0,344,CCAGUACG,355,,C,362,,G,"0:355,0:356,0:357,0:358,0:359,0:360,0:361,0:362",GAT,exact-facility-location-gat_v9.pkl,1,False,0.00015466568584088236
1s72.cif,345,0,345,CAGUACGA,356,,C,363,,A,"0:356,0:357,0:358,0:359,0:360,0:361,0:362,0:363",GAT,exact-facility-location-gat_v9.pkl,1,False,0.0003120946930721402
1s72.cif,346,0,346,AGUACGAC,357,,A,364,,C,"0:357,0:358,0:359,0:360,0:361,0:362,0:363,0:364",GAT,exact-facility-location-gat_v9.pkl,1,False,0.00267884973436594
1s72.cif,347,0,347,GUACGACG,358,,G,365,,G,"0:358,0:359,0:360,0:361,0:362,0:363,0:364,0:365",GAT,exact-facility-location-gat_v9.pkl,1,False,0.0006019652355462313
1s72.cif,348,0,348,UACGACGU,359,,U,366,,U,"0:359,0:360,0:361,0:362,0:363,0:364,0:365,0:366",GAT,exact-facility-location-gat_v9.pkl,1,False,0.00048208332736976445
1s72.cif,349,0,349,ACGACGUG,360,,A,367,,G,"0:360,0:361,0:362,0:363,0:364,0:365,0:366,0:367",GAT,exact-facility-location-gat_v9.pkl,1,False,0.0004921234794892371
1s72.cif,350,0,350,CGACGUGC,361,,C,368,,C,"0:361,0:362,0:363,0:364,0:365,0:366,0:367,0:368",GAT,exact-facility-location-gat_v9.pkl,1,False,0.0024221267085522413
1s72.cif,351,0,351,GACGUGCG,362,,G,369,,G,"0:362,0:363,0:364,0:365,0:366,0:367,0:368,0:369",GAT,exact-facility-location-gat_v9.pkl,1,False,0.0010207958985120058
1s72.cif,352,0,352,ACGUGCGG,363,,A,370,,G,"0:363,0:364,0:365,0:366,0:367,0:368,0:369,0:370",GAT,exact-facility-location-gat_v9.pkl,1,False,0.0002061946870526299
1s72.cif,353,0,353,CGUGCGGU,364,,C,371,,U,"0:364,0:365,0:366,0:367,0:368,0:369,0:370,0:371",GAT,exact-facility-location-gat_v9.pkl,1,False,0.00029658133280463517
1s72.cif,354,0,354,GUGCGGUA,365,,G,372,,A,"0:365,0:366,0:367,0:368,0:369,0:370,0:371,0:372",GAT,exact-facility-location-gat_v9.pkl,1,False,0.00010836282308446243
1s72.cif,355,0,355,UGCGGUAG,366,,U,373,,G,"0:366,0:367,0:368,0:369,0:370,0:371,0:372,0:373",GAT,exact-facility-location-gat_v9.pkl,1,False,0.0054331268183887005
1s72.cif,356,0,356,GCGGUAGU,367,,G,374,,U,"0:367,0:368,0:369,0:370,0:371,0:372,0:373,0:374",GAT,exact-facility-location-gat_v9.pkl,1,False,0.0006317707011476159
1s72.cif,357,0,357,CGGUAGUG,368,,C,375,,G,"0:368,0:369,0:370,0:371,0:372,0:373,0:374,0:375",GAT,exact-facility-location-gat_v9.pkl,1,False,0.0007106527336873114
1s72.cif,358,0,358,GGUAGUGC,369,,G,376,,C,"0:369,0:370,0:371,0:372,0:373,0:374,0:375,0:376",GAT,exact-facility-location-gat_v9.pkl,1,False,0.02207501418888569
1s72.cif,359,0,359,GUAGUGCC,370,,G,377,,C,"0:370,0:371,0:372,0:373,0:374,0:375,0:376,0:377",GAT,exact-facility-location-gat_v9.pkl,1,False,0.0034826002083718777
1s72.cif,360,0,360,UAGUGCCA,371,,U,378,,A,"0:371,0:372,0:373,0:374,0:375,0:376,0:377,0:378",GAT,exact-facility-location-gat_v9.pkl,1,False,0.006732586771249771
1s72.cif,361,0,361,AGUGCCAG,372,,A,379,,G,"0:372,0:373,0:374,0:375,0:376,0:377,0:378,0:379",GAT,exact-facility-location-gat_v9.pkl,1,False,0.00038646720349788666
1s72.cif,362,0,362,GUGCCAGA,373,,G,380,,A,"0:373,0:374,0:375,0:376,0:377,0:378,0:379,0:380",GAT,exact-facility-location-gat_v9.pkl,1,False,0.000161711621331051
1s72.cif,363,0,363,UGCCAGAG,374,,U,381,,G,"0:374,0:375,0:376,0:377,0:378,0:379,0:380,0:381",GAT,exact-facility-location-gat_v9.pkl,1,False,0.0005029065650887787
1s72.cif,364,0,364,GCCAGAGU,375,,G,382,,U,"0:375,0:376,0:377,0:378,0:379,0:380,0:381,0:382",GAT,exact-facility-location-gat_v9.pkl,1,False,0.00018787533917929977
1s72.cif,365,0,365,CCAGAGUA,376,,C,383,,A,"0:376,0:377,0:378,0:379,0:380,0:381,0:382,0:383",GAT,exact-facility-location-gat_v9.pkl,1,False,0.0006140495534054935
1s72.cif,366,0,366,CAGAGUAG,377,,C,384,,G,"0:377,0:378,0:379,0:380,0:381,0:382,0:383,0:384",GAT,exact-facility-location-gat_v9.pkl,1,False,0.0013589373556897044
1s72.cif,367,0,367,AGAGUAGC,378,,A,385,,C,"0:378,0:379,0:380,0:381,0:382,0:383,0:384,0:385",GAT,exact-facility-location-gat_v9.pkl,1,False,0.0005379464128054678
1s72.cif,368,0,368,GAGUAGCG,379,,G,386,,G,"0:379,0:380,0:381,0:382,0:383,0:384,0:385,0:386",GAT,exact-facility-location-gat_v9.pkl,1,False,0.0007269384223036468
1s72.cif,369,0,369,AGUAGCGG,380,,A,387,,G,"0:380,0:381,0:382,0:383,0:384,0:385,0:386,0:387",GAT,exact-facility-location-gat_v9.pkl,1,False,0.0021464170422405005
1s72.cif,370,0,370,GUAGCGGG,381,,G,388,,G,"0:381,0:382,0:383,0:384,0:385,0:386,0:387,0:388",GAT,exact-facility-location-gat_v9.pkl,1,False,0.0006533997366204858
1s72.cif,371,0,371,UAGCGGGG,382,,U,389,,G,"0:382,0:383,0:384,0:385,0:386,0:387,0:388,0:389",GAT,exact-facility-location-gat_v9.pkl,1,False,0.0005597101408056915
1s72.cif,372,0,372,AGCGGGGG,383,,A,390,,G,"0:383,0:384,0:385,0:386,0:387,0:388,0:389,0:390",GAT,exact-facility-location-gat_v9.pkl,1,False,0.0016453907592222095
1s72.cif,373,0,373,GCGGGGGU,384,,G,391,,U,"0:384,0:385,0:386,0:387,0:388,0:389,0:390,0:391",GAT,exact-facility-location-gat_v9.pkl,1,False,0.0017054976196959615
1s72.cif,374,0,374,CGGGGGUU,385,,C,392,,U,"0:385,0:386,0:387,0:388,0:389,0:390,0:391,0:392",GAT,exact-facility-location-gat_v9.pkl,1,False,0.0013282051077112556
1s72.cif,375,0,375,GGGGGUUG,386,,G,393,,G,"0:386,0:387,0:388,0:389,0:390,0:391,0:392,0:393",GAT,exact-facility-location-gat_v9.pkl,1,False,0.00042763183591887355
1s72.cif,376,0,376,GGGGUUGG,387,,G,394,,G,"0:387,0:388,0:389,0:390,0:391,0:392,0:393,0:394",GAT,exact-facility-location-gat_v9.pkl,1,False,0.011949878185987473
1s72.cif,377,0,377,GGGUUGGA,388,,G,395,,A,"0:388,0:389,0:390,0:391,0:392,0:393,0:394,0:395",GAT,exact-facility-location-gat_v9.pkl,1,False,0.007179532665759325
1s72.cif,378,0,378,GGUUGGAU,389,,G,396,,U,"0:389,0:390,0:391,0:392,0:393,0:394,0:395,0:396",GAT,exact-facility-location-gat_v9.pkl,1,False,0.03662796691060066
1s72.cif,379,0,379,GUUGGAUA,390,,G,397,,A,"0:390,0:391,0:392,0:393,0:394,0:395,0:396,0:397",GAT,exact-facility-location-gat_v9.pkl,1,False,0.00518165435642004
1s72.cif,380,0,380,UUGGAUAU,391,,U,398,,U,"0:391,0:392,0:393,0:394,0:395,0:396,0:397,0:398",GAT,exact-facility-location-gat_v9.pkl,1,False,0.008629475720226765
1s72.cif,381,0,381,UGGAUAUC,392,,U,399,,C,"0:392,0:393,0:394,0:395,0:396,0:397,0:398,0:399",GAT,exact-facility-location-gat_v9.pkl,1,False,0.0055892253294587135
1s72.cif,382,0,382,GGAUAUCC,393,,G,400,,C,"0:393,0:394,0:395,0:396,0:397,0:398,0:399,0:400",GAT,exact-facility-location-gat_v9.pkl,1,False,0.001387223252095282
1s72.cif,383,0,383,GAUAUCCC,394,,G,401,,C,"0:394,0:395,0:396,0:397,0:398,0:399,0:400,0:401",GAT,exact-facility-location-gat_v9.pkl,1,False,0.0038158928509801626
1s72.cif,384,0,384,AUAUCCCU,395,,A,402,,U,"0:395,0:396,0:397,0:398,0:399,0:400,0:401,0:402",GAT,exact-facility-location-gat_v9.pkl,1,False,0.01134275272488594
1s72.cif,385,0,385,UAUCCCUC,396,,U,403,,C,"0:396,0:397,0:398,0:399,0:400,0:401,0:402,0:403",GAT,exact-facility-location-gat_v9.pkl,1,False,0.004884464666247368
1s72.cif,386,0,386,AUCCCUCG,397,,A,404,,G,"0:397,0:398,0:399,0:400,0:401,0:402,0:403,0:404",GAT,exact-facility-location-gat_v9.pkl,1,False,0.003693726845085621
1s72.cif,387,0,387,UCCCUCGC,398,,U,405,,C,"0:398,0:399,0:400,0:401,0:402,0:403,0:404,0:405",GAT,exact-facility-location-gat_v9.pkl,1,False,0.0006926749483682215
1s72.cif,388,0,388,CCCUCGCG,399,,C,406,,G,"0:399,0:400,0:401,0:402,0:403,0:404,0:405,0:406",GAT,exact-facility-location-gat_v9.pkl,1,False,0.0010980807710438967
1s72.cif,389,0,389,CCUCGCGA,400,,C,407,,A,"0:400,0:401,0:402,0:403,0:404,0:405,0:406,0:407",GAT,exact-facility-location-gat_v9.pkl,1,False,0.003385954536497593
1s72.cif,390,0,390,CUCGCGAA,401,,C,408,,A,"0:401,0:402,0:403,0:404,0:405,0:406,0:407,0:408",GAT,exact-facility-location-gat_v9.pkl,1,False,0.002455394249409437
1s72.cif,391,0,391,UCGCGAAU,402,,U,409,,U,"0:402,0:403,0:404,0:405,0:406,0:407,0:408,0:409",GAT,exact-facility-location-gat_v9.pkl,1,False,0.00020313277491368353
1s72.cif,392,0,392,CGCGAAUA,403,,C,410,,A,"0:403,0:404,0:405,0:406,0:407,0:408,0:409,0:410",GAT,exact-facility-location-gat_v9.pkl,1,False,0.0007044472731649876
1s72.cif,393,0,393,GCGAAUAA,404,,G,411,,A,"0:404,0:405,0:406,0:407,0:408,0:409,0:410,0:411",GAT,exact-facility-location-gat_v9.pkl,1,False,5.7786008255789056e-05
1s72.cif,394,0,394,CGAAUAAC,405,,C,412,,C,"0:405,0:406,0:407,0:408,0:409,0:410,0:411,0:412",GAT,exact-facility-location-gat_v9.pkl,1,False,9.448188939131796e-05
1s72.cif,395,0,395,GAAUAACG,406,,G,413,,G,"0:406,0:407,0:408,0:409,0:410,0:411,0:412,0:413",GAT,exact-facility-location-gat_v9.pkl,1,False,0.002436947077512741
1s72.cif,396,0,396,AAUAACGC,407,,A,414,,C,"0:407,0:408,0:409,0:410,0:411,0:412,0:413,0:414",GAT,exact-facility-location-gat_v9.pkl,1,False,0.002315632766112685
1s72.cif,397,0,397,AUAACGCA,408,,A,415,,A,"0:408,0:409,0:410,0:411,0:412,0:413,0:414,0:415",GAT,exact-facility-location-gat_v9.pkl,1,False,0.0005741806235164404
1s72.cif,398,0,398,UAACGCAG,409,,U,416,,G,"0:409,0:410,0:411,0:412,0:413,0:414,0:415,0:416",GAT,exact-facility-location-gat_v9.pkl,1,False,0.0018584170611575246
1s72.cif,399,0,399,AACGCAGG,410,,A,417,,G,"0:410,0:411,0:412,0:413,0:414,0:415,0:416,0:417",GAT,exact-facility-location-gat_v9.pkl,1,False,0.001260126824490726
1s72.cif,400,0,400,ACGCAGGC,411,,A,418,,C,"0:411,0:412,0:413,0:414,0:415,0:416,0:417,0:418",GAT,exact-facility-location-gat_v9.pkl,1,False,0.0009475995902903378
1s72.cif,401,0,401,CGCAGGCA,412,,C,419,,A,"0:412,0:413,0:414,0:415,0:416,0:417,0:418,0:419",GAT,exact-facility-location-gat_v9.pkl,1,False,0.0016782231396064162
1s72.cif,402,0,402,GCAGGCAU,413,,G,420,,U,"0:413,0:414,0:415,0:416,0:417,0:418,0:419,0:420",GAT,exact-facility-location-gat_v9.pkl,1,False,0.024195725098252296
1s72.cif,403,0,403,CAGGCAUC,414,,C,421,,C,"0:414,0:415,0:416,0:417,0:418,0:419,0:420,0:421",GAT,exact-facility-location-gat_v9.pkl,1,False,0.04816494137048721
1s72.cif,404,0,404,AGGCAUCG,415,,A,422,,G,"0:415,0:416,0:417,0:418,0:419,0:420,0:421,0:422",GAT,exact-facility-location-gat_v9.pkl,1,False,0.03512775897979736
1s72.cif,405,0,405,GGCAUCGA,416,,G,423,,A,"0:416,0:417,0:418,0:419,0:420,0:421,0:422,0:423",GAT,exact-facility-location-gat_v9.pkl,1,False,0.06158529967069626
1s72.cif,406,0,406,GCAUCGAC,417,,G,424,,C,"0:417,0:418,0:419,0:420,0:421,0:422,0:423,0:424",GAT,exact-facility-location-gat_v9.pkl,1,False,0.017545325681567192
1s72.cif,407,0,407,CAUCGACU,418,,C,425,,U,"0:418,0:419,0:420,0:421,0:422,0:423,0:424,0:425",GAT,exact-facility-location-gat_v9.pkl,1,False,0.0012955940328538418
1s72.cif,408,0,408,AUCGACUG,419,,A,426,,G,"0:419,0:420,0:421,0:422,0:423,0:424,0:425,0:426",GAT,exact-facility-location-gat_v9.pkl,1,False,0.0008017069194465876
1s72.cif,409,0,409,UCGACUGC,420,,U,427,,C,"0:420,0:421,0:422,0:423,0:424,0:425,0:426,0:427",GAT,exact-facility-location-gat_v9.pkl,1,False,0.0005646139034070075
1s72.cif,410,0,410,CGACUGCG,421,,C,428,,G,"0:421,0:422,0:423,0:424,0:425,0:426,0:427,0:428",GAT,exact-facility-location-gat_v9.pkl,1,False,0.0006827446050010622
1s72.cif,411,0,411,GACUGCGA,422,,G,429,,A,"0:422,0:423,0:424,0:425,0:426,0:427,0:428,0:429",GAT,exact-facility-location-gat_v9.pkl,1,False,0.017888696864247322
1s72.cif,412,0,412,ACUGCGAA,423,,A,430,,A,"0:423,0:424,0:425,0:426,0:427,0:428,0:429,0:430",GAT,exact-facility-location-gat_v9.pkl,1,False,0.0021322350949048996
1s72.cif,413,0,413,CUGCGAAG,424,,C,431,,G,"0:424,0:425,0:426,0:427,0:428,0:429,0:430,0:431",GAT,exact-facility-location-gat_v9.pkl,1,False,1.5312420146074146e-05
1s72.cif,414,0,414,UGCGAAGG,425,,U,432,,G,"0:425,0:426,0:427,0:428,0:429,0:430,0:431,0:432",GAT,exact-facility-location-gat_v9.pkl,1,False,5.7881028624251485e-05
1s72.cif,415,0,415,GCGAAGGC,426,,G,433,,C,"0:426,0:427,0:428,0:429,0:430,0:431,0:432,0:433",GAT,exact-facility-location-gat_v9.pkl,1,False,0.0037511454429477453
1s72.cif,416,0,416,CGAAGGCU,427,,C,434,,U,"0:427,0:428,0:429,0:430,0:431,0:432,0:433,0:434",GAT,exact-facility-location-gat_v9.pkl,1,False,0.007746855728328228
1s72.cif,417,0,417,GAAGGCUA,428,,G,435,,A,"0:428,0:429,0:430,0:431,0:432,0:433,0:434,0:435",GAT,exact-facility-location-gat_v9.pkl,1,False,0.00044236541725695133
1s72.cif,418,0,418,AAGGCUAA,429,,A,436,,A,"0:429,0:430,0:431,0:432,0:433,0:434,0:435,0:436",GAT,exact-facility-location-gat_v9.pkl,1,False,0.0002766121760942042
1s72.cif,419,0,419,AGGCUAAA,430,,A,437,,A,"0:430,0:431,0:432,0:433,0:434,0:435,0:436,0:437",GAT,exact-facility-location-gat_v9.pkl,1,False,0.004581238608807325
1s72.cif,420,0,420,GGCUAAAC,431,,G,438,,C,"0:431,0:432,0:433,0:434,0:435,0:436,0:437,0:438",GAT,exact-facility-location-gat_v9.pkl,1,False,0.001975025748834014
1s72.cif,421,0,421,GCUAAACA,432,,G,439,,A,"0:432,0:433,0:434,0:435,0:436,0:437,0:438,0:439",GAT,exact-facility-location-gat_v9.pkl,1,False,0.004991080611944199
1s72.cif,422,0,422,CUAAACAC,433,,C,440,,C,"0:433,0:434,0:435,0:436,0:437,0:438,0:439,0:440",GAT,exact-facility-location-gat_v9.pkl,1,False,0.0020056874491274357
1s72.cif,423,0,423,UAAACACA,434,,U,441,,A,"0:434,0:435,0:436,0:437,0:438,0:439,0:440,0:441",GAT,exact-facility-location-gat_v9.pkl,1,False,0.00042209483217447996
1s72.cif,424,0,424,AAACACAA,435,,A,442,,A,"0:435,0:436,0:437,0:438,0:439,0:440,0:441,0:442",GAT,exact-facility-location-gat_v9.pkl,1,False,0.003092421917244792
1s72.cif,425,0,425,AACACAAC,436,,A,443,,C,"0:436,0:437,0:438,0:439,0:440,0:441,0:442,0:443",GAT,exact-facility-location-gat_v9.pkl,1,False,0.0023936021607369184
1s72.cif,426,0,426,ACACAACC,437,,A,444,,C,"0:437,0:438,0:439,0:440,0:441,0:442,0:443,0:444",GAT,exact-facility-location-gat_v9.pkl,1,False,0.011008435860276222
1s72.cif,427,0,427,CACAACCU,438,,C,445,,U,"0:438,0:439,0:440,0:441,0:442,0:443,0:444,0:445",GAT,exact-facility-location-gat_v9.pkl,1,False,0.004281937610358
1s72.cif,428,0,428,ACAACCUG,439,,A,446,,G,"0:439,0:440,0:441,0:442,0:443,0:444,0:445,0:446",GAT,exact-facility-location-gat_v9.pkl,1,False,0.0021220725029706955
1s72.cif,429,0,429,CAACCUGA,440,,C,447,,A,"0:440,0:441,0:442,0:443,0:444,0:445,0:446,0:447",GAT,exact-facility-location-gat_v9.pkl,1,False,0.0013860460603609681
1s72.cif,430,0,430,AACCUGAG,441,,A,448,,G,"0:441,0:442,0:443,0:444,0:445,0:446,0:447,0:448",GAT,exact-facility-location-gat_v9.pkl,1,False,0.00116279860958457
1s72.cif,431,0,431,ACCUGAGA,442,,A,449,,A,"0:442,0:443,0:444,0:445,0:446,0:447,0:448,0:449",GAT,exact-facility-location-gat_v9.pkl,1,False,0.00029244206962175667
1s72.cif,432,0,432,CCUGAGAC,443,,C,450,,C,"0:443,0:444,0:445,0:446,0:447,0:448,0:449,0:450",GAT,exact-facility-location-gat_v9.pkl,1,False,0.001596100046299398
1s72.cif,433,0,433,CUGAGACC,444,,C,451,,C,"0:444,0:445,0:446,0:447,0:448,0:449,0:450,0:451",GAT,exact-facility-location-gat_v9.pkl,1,False,0.0059277075342834
1s72.cif,434,0,434,UGAGACCG,445,,U,452,,G,"0:445,0:446,0:447,0:448,0:449,0:450,0:451,0:452",GAT,exact-facility-location-gat_v9.pkl,1,False,0.005637477617710829
1s72.cif,435,0,435,GAGACCGA,446,,G,453,,A,"0:446,0:447,0:448,0:449,0:450,0:451,0:452,0:453",GAT,exact-facility-location-gat_v9.pkl,1,False,0.0038920079823583364
1s72.cif,436,0,436,AGACCGAU,447,,A,454,,U,"0:447,0:448,0:449,0:450,0:451,0:452,0:453,0:454",GAT,exact-facility-location-gat_v9.pkl,1,False,0.0002538621483836323
1s72.cif,437,0,437,GACCGAUA,448,,G,455,,A,"0:448,0:449,0:450,0:451,0:452,0:453,0:454,0:455",GAT,exact-facility-location-gat_v9.pkl,1,False,0.0008465858409181237
1s72.cif,438,0,438,ACCGAUAG,449,,A,456,,G,"0:449,0:450,0:451,0:452,0:453,0:454,0:455,0:456",GAT,exact-facility-location-gat_v9.pkl,1,False,0.0007257471443153918
1s72.cif,439,0,439,CCGAUAGU,450,,C,457,,U,"0:450,0:451,0:452,0:453,0:454,0:455,0:456,0:457",GAT,exact-facility-location-gat_v9.pkl,1,False,0.005072195548564196
1s72.cif,440,0,440,CGAUAGUG,451,,C,458,,G,"0:451,0:452,0:453,0:454,0:455,0:456,0:457,0:458",GAT,exact-facility-location-gat_v9.pkl,1,False,0.0012704264372587204
1s72.cif,441,0,441,GAUAGUGA,452,,G,459,,A,"0:452,0:453,0:454,0:455,0:456,0:457,0:458,0:459",GAT,exact-facility-location-gat_v9.pkl,1,False,0.0031612003222107887
1s72.cif,442,0,442,AUAGUGAA,453,,A,460,,A,"0:453,0:454,0:455,0:456,0:457,0:458,0:459,0:460",GAT,exact-facility-location-gat_v9.pkl,1,False,0.003182808868587017
1s72.cif,443,0,443,UAGUGAAC,454,,U,461,,C,"0:454,0:455,0:456,0:457,0:458,0:459,0:460,0:461",GAT,exact-facility-location-gat_v9.pkl,1,False,0.0037820711731910706
1s72.cif,444,0,444,AGUGAACA,455,,A,462,,A,"0:455,0:456,0:457,0:458,0:459,0:460,0:461,0:462",GAT,exact-facility-location-gat_v9.pkl,1,False,0.0009143832721747458
1s72.cif,445,0,445,GUGAACAA,456,,G,463,,A,"0:456,0:457,0:458,0:459,0:460,0:461,0:462,0:463",GAT,exact-facility-location-gat_v9.pkl,1,False,0.00023815130407456309
1s72.cif,446,0,446,UGAACAAG,457,,U,464,,G,"0:457,0:458,0:459,0:460,0:461,0:462,0:463,0:464",GAT,exact-facility-location-gat_v9.pkl,1,False,0.007703210227191448
1s72.cif,447,0,447,GAACAAGU,458,,G,465,,U,"0:458,0:459,0:460,0:461,0:462,0:463,0:464,0:465",GAT,exact-facility-location-gat_v9.pkl,1,False,0.0020347454119473696
1s72.cif,448,0,448,AACAAGUA,459,,A,466,,A,"0:459,0:460,0:461,0:462,0:463,0:464,0:465,0:466",GAT,exact-facility-location-gat_v9.pkl,1,False,0.00033654284197837114
1s72.cif,449,0,449,ACAAGUAG,460,,A,467,,G,"0:460,0:461,0:462,0:463,0:464,0:465,0:466,0:467",GAT,exact-facility-location-gat_v9.pkl,1,False,0.00035790723632089794
1s72.cif,450,0,450,CAAGUAGU,461,,C,468,,U,"0:461,0:462,0:463,0:464,0:465,0:466,0:467,0:468",GAT,exact-facility-location-gat_v9.pkl,1,False,0.0003221974475309253
1s72.cif,451,0,451,AAGUAGUG,462,,A,469,,G,"0:462,0:463,0:464,0:465,0:466,0:467,0:468,0:469",GAT,exact-facility-location-gat_v9.pkl,1,False,0.0035323179326951504
1s72.cif,452,0,452,AGUAGUGU,463,,A,470,,U,"0:463,0:464,0:465,0:466,0:467,0:468,0:469,0:470",GAT,exact-facility-location-gat_v9.pkl,1,False,0.0010807686485350132
1s72.cif,453,0,453,GUAGUGUG,464,,G,471,,G,"0:464,0:465,0:466,0:467,0:468,0:469,0:470,0:471",GAT,exact-facility-location-gat_v9.pkl,1,False,0.004638467449694872
1s72.cif,454,0,454,UAGUGUGA,465,,U,472,,A,"0:465,0:466,0:467,0:468,0:469,0:470,0:471,0:472",GAT,exact-facility-location-gat_v9.pkl,1,False,0.004831505473703146
1s72.cif,455,0,455,AGUGUGAA,466,,A,473,,A,"0:466,0:467,0:468,0:469,0:470,0:471,0:472,0:473",GAT,exact-facility-location-gat_v9.pkl,1,False,0.008703440427780151
1s72.cif,456,0,456,GUGUGAAC,467,,G,474,,C,"0:467,0:468,0:469,0:470,0:471,0:472,0:473,0:474",GAT,exact-facility-location-gat_v9.pkl,1,True,0.962373673915863
1s72.cif,457,0,457,UGUGAACG,468,,U,475,,G,"0:468,0:469,0:470,0:471,0:472,0:473,0:474,0:475",GAT,exact-facility-location-gat_v9.pkl,1,False,0.06267628073692322
1s72.cif,458,0,458,GUGAACGA,469,,G,476,,A,"0:469,0:470,0:471,0:472,0:473,0:474,0:475,0:476",GAT,exact-facility-location-gat_v9.pkl,1,False,0.0025515214074403048
1s72.cif,459,0,459,UGAACGAA,470,,U,477,,A,"0:470,0:471,0:472,0:473,0:474,0:475,0:476,0:477",GAT,exact-facility-location-gat_v9.pkl,1,False,0.0003218996280338615
1s72.cif,460,0,460,GAACGAAC,471,,G,478,,C,"0:471,0:472,0:473,0:474,0:475,0:476,0:477,0:478",GAT,exact-facility-location-gat_v9.pkl,1,False,4.706957406597212e-05
1s72.cif,461,0,461,AACGAACG,472,,A,479,,G,"0:472,0:473,0:474,0:475,0:476,0:477,0:478,0:479",GAT,exact-facility-location-gat_v9.pkl,1,False,4.690459172707051e-05
1s72.cif,462,0,462,ACGAACGC,473,,A,480,,C,"0:473,0:474,0:475,0:476,0:477,0:478,0:479,0:480",GAT,exact-facility-location-gat_v9.pkl,1,False,7.29059029254131e-05
1s72.cif,463,0,463,CGAACGCU,474,,C,481,,U,"0:474,0:475,0:476,0:477,0:478,0:479,0:480,0:481",GAT,exact-facility-location-gat_v9.pkl,1,False,2.5084988010348752e-05
1s72.cif,464,0,464,GAACGCUG,475,,G,482,,G,"0:475,0:476,0:477,0:478,0:479,0:480,0:481,0:482",GAT,exact-facility-location-gat_v9.pkl,1,False,3.430229480727576e-05
1s72.cif,465,0,465,AACGCUGC,476,,A,483,,C,"0:476,0:477,0:478,0:479,0:480,0:481,0:482,0:483",GAT,exact-facility-location-gat_v9.pkl,1,False,3.3954511309275404e-05
1s72.cif,466,0,466,ACGCUGCA,477,,A,484,,A,"0:477,0:478,0:479,0:480,0:481,0:482,0:483,0:484",GAT,exact-facility-location-gat_v9.pkl,1,False,6.67135973344557e-05
1s72.cif,467,0,467,CGCUGCAA,478,,C,485,,A,"0:478,0:479,0:480,0:481,0:482,0:483,0:484,0:485",GAT,exact-facility-location-gat_v9.pkl,1,False,0.0004080935032106936
1s72.cif,468,0,468,GCUGCAAA,479,,G,486,,A,"0:479,0:480,0:481,0:482,0:483,0:484,0:485,0:486",GAT,exact-facility-location-gat_v9.pkl,1,False,6.904304609633982e-05
1s72.cif,469,0,469,CUGCAAAG,480,,C,487,,G,"0:480,0:481,0:482,0:483,0:484,0:485,0:486,0:487",GAT,exact-facility-location-gat_v9.pkl,1,False,0.00089884118642658
1s72.cif,470,0,470,UGCAAAGU,481,,U,488,,U,"0:481,0:482,0:483,0:484,0:485,0:486,0:487,0:488",GAT,exact-facility-location-gat_v9.pkl,1,False,0.003925587981939316
1s72.cif,471,0,471,GCAAAGUA,482,,G,489,,A,"0:482,0:483,0:484,0:485,0:486,0:487,0:488,0:489",GAT,exact-facility-location-gat_v9.pkl,1,False,0.0003469509829301387
1s72.cif,472,0,472,CAAAGUAC,483,,C,490,,C,"0:483,0:484,0:485,0:486,0:487,0:488,0:489,0:490",GAT,exact-facility-location-gat_v9.pkl,1,False,1.9243861970608123e-05
1s72.cif,473,0,473,AAAGUACC,484,,A,491,,C,"0:484,0:485,0:486,0:487,0:488,0:489,0:490,0:491",GAT,exact-facility-location-gat_v9.pkl,1,False,4.479754716157913e-05
1s72.cif,474,0,474,AAGUACCC,485,,A,492,,C,"0:485,0:486,0:487,0:488,0:489,0:490,0:491,0:492",GAT,exact-facility-location-gat_v9.pkl,1,False,0.00038798493915237486
1s72.cif,475,0,475,AGUACCCU,486,,A,493,,U,"0:486,0:487,0:488,0:489,0:490,0:491,0:492,0:493",GAT,exact-facility-location-gat_v9.pkl,1,False,0.00034939427860081196
1s72.cif,476,0,476,GUACCCUC,487,,G,494,,C,"0:487,0:488,0:489,0:490,0:491,0:492,0:493,0:494",GAT,exact-facility-location-gat_v9.pkl,1,False,0.00840065535157919
1s72.cif,477,0,477,UACCCUCA,488,,U,495,,A,"0:488,0:489,0:490,0:491,0:492,0:493,0:494,0:495",GAT,exact-facility-location-gat_v9.pkl,1,False,0.00032679701689630747
1s72.cif,478,0,478,ACCCUCAG,489,,A,496,,G,"0:489,0:490,0:491,0:492,0:493,0:494,0:495,0:496",GAT,exact-facility-location-gat_v9.pkl,1,False,0.011130868457257748
1s72.cif,479,0,479,CCCUCAGA,490,,C,497,,A,"0:490,0:491,0:492,0:493,0:494,0:495,0:496,0:497",GAT,exact-facility-location-gat_v9.pkl,1,False,0.00861313659697771
1s72.cif,480,0,480,CCUCAGAA,491,,C,498,,A,"0:491,0:492,0:493,0:494,0:495,0:496,0:497,0:498",GAT,exact-facility-location-gat_v9.pkl,1,False,0.0007993585313670337
1s72.cif,481,0,481,CUCAGAAG,492,,C,499,,G,"0:492,0:493,0:494,0:495,0:496,0:497,0:498,0:499",GAT,exact-facility-location-gat_v9.pkl,1,False,0.0005510586779564619
1s72.cif,482,0,482,UCAGAAGG,493,,U,500,,G,"0:493,0:494,0:495,0:496,0:497,0:498,0:499,0:500",GAT,exact-facility-location-gat_v9.pkl,1,False,0.011270025745034218
1s72.cif,483,0,483,CAGAAGGG,494,,C,501,,G,"0:494,0:495,0:496,0:497,0:498,0:499,0:500,0:501",GAT,exact-facility-location-gat_v9.pkl,1,False,0.008693622425198555
1s72.cif,484,0,484,AGAAGGGA,495,,A,502,,A,"0:495,0:496,0:497,0:498,0:499,0:500,0:501,0:502",GAT,exact-facility-location-gat_v9.pkl,1,False,0.0002681249752640724
1s72.cif,485,0,485,GAAGGGAG,496,,G,503,,G,"0:496,0:497,0:498,0:499,0:500,0:501,0:502,0:503",GAT,exact-facility-location-gat_v9.pkl,1,False,0.002357461489737034
1s72.cif,486,0,486,AAGGGAGG,497,,A,504,,G,"0:497,0:498,0:499,0:500,0:501,0:502,0:503,0:504",GAT,exact-facility-location-gat_v9.pkl,1,False,0.001098344917409122
1s72.cif,487,0,487,AGGGAGGC,498,,A,505,,C,"0:498,0:499,0:500,0:501,0:502,0:503,0:504,0:505",GAT,exact-facility-location-gat_v9.pkl,1,False,0.0005893281195312738
1s72.cif,488,0,488,GGGAGGCG,499,,G,506,,G,"0:499,0:500,0:501,0:502,0:503,0:504,0:505,0:506",GAT,exact-facility-location-gat_v9.pkl,1,False,0.00039773923344910145
1s72.cif,489,0,489,GGAGGCGA,500,,G,507,,A,"0:500,0:501,0:502,0:503,0:504,0:505,0:506,0:507",GAT,exact-facility-location-gat_v9.pkl,1,False,0.0002729716361500323
1s72.cif,490,0,490,GAGGCGAA,501,,G,508,,A,"0:501,0:502,0:503,0:504,0:505,0:506,0:507,0:508",GAT,exact-facility-location-gat_v9.pkl,1,False,0.007016677409410477
1s72.cif,491,0,491,AGGCGAAA,502,,A,509,,A,"0:502,0:503,0:504,0:505,0:506,0:507,0:508,0:509",GAT,exact-facility-location-gat_v9.pkl,1,False,0.015793142840266228
1s72.cif,492,0,492,GGCGAAAU,503,,G,510,,U,"0:503,0:504,0:505,0:506,0:507,0:508,0:509,0:510",GAT,exact-facility-location-gat_v9.pkl,1,False,0.009793762117624283
1s72.cif,493,0,493,GCGAAAUA,504,,G,511,,A,"0:504,0:505,0:506,0:507,0:508,0:509,0:510,0:511",GAT,exact-facility-location-gat_v9.pkl,1,False,0.00022424396593123674
1s72.cif,494,0,494,CGAAAUAG,505,,C,512,,G,"0:505,0:506,0:507,0:508,0:509,0:510,0:511,0:512",GAT,exact-facility-location-gat_v9.pkl,1,False,0.001185913453809917
1s72.cif,495,0,495,GAAAUAGA,506,,G,513,,A,"0:506,0:507,0:508,0:509,0:510,0:511,0:512,0:513",GAT,exact-facility-location-gat_v9.pkl,1,False,0.0015253658639267087
1s72.cif,496,0,496,AAAUAGAG,507,,A,514,,G,"0:507,0:508,0:509,0:510,0:511,0:512,0:513,0:514",GAT,exact-facility-location-gat_v9.pkl,1,False,0.00011096381058450788
1s72.cif,497,0,497,AAUAGAGC,508,,A,515,,C,"0:508,0:509,0:510,0:511,0:512,0:513,0:514,0:515",GAT,exact-facility-location-gat_v9.pkl,1,False,0.0009452974773012102
1s72.cif,498,0,498,AUAGAGCA,509,,A,516,,A,"0:509,0:510,0:511,0:512,0:513,0:514,0:515,0:516",GAT,exact-facility-location-gat_v9.pkl,1,False,0.008890267461538315
1s72.cif,499,0,499,UAGAGCAU,510,,U,517,,U,"0:510,0:511,0:512,0:513,0:514,0:515,0:516,0:517",GAT,exact-facility-location-gat_v9.pkl,1,False,0.006813485641032457
1s72.cif,500,0,500,AGAGCAUG,511,,A,518,,G,"0:511,0:512,0:513,0:514,0:515,0:516,0:517,0:518",GAT,exact-facility-location-gat_v9.pkl,1,False,0.0012035341933369637
1s72.cif,501,0,501,GAGCAUGA,512,,G,519,,A,"0:512,0:513,0:514,0:515,0:516,0:517,0:518,0:519",GAT,exact-facility-location-gat_v9.pkl,1,False,0.001053225132636726
1s72.cif,502,0,502,AGCAUGAA,513,,A,520,,A,"0:513,0:514,0:515,0:516,0:517,0:518,0:519,0:520",GAT,exact-facility-location-gat_v9.pkl,1,False,0.0007953221211209893
1s72.cif,503,0,503,GCAUGAAA,514,,G,521,,A,"0:514,0:515,0:516,0:517,0:518,0:519,0:520,0:521",GAT,exact-facility-location-gat_v9.pkl,1,False,0.001551418681629002
1s72.cif,504,0,504,CAUGAAAU,515,,C,522,,U,"0:515,0:516,0:517,0:518,0:519,0:520,0:521,0:522",GAT,exact-facility-location-gat_v9.pkl,1,False,0.004893182311207056
1s72.cif,505,0,505,AUGAAAUC,516,,A,523,,C,"0:516,0:517,0:518,0:519,0:520,0:521,0:522,0:523",GAT,exact-facility-location-gat_v9.pkl,1,False,7.877114694565535e-05
1s72.cif,506,0,506,UGAAAUCA,517,,U,524,,A,"0:517,0:518,0:519,0:520,0:521,0:522,0:523,0:524",GAT,exact-facility-location-gat_v9.pkl,1,False,0.0013567920541390777
1s72.cif,507,0,507,GAAAUCAG,518,,G,525,,G,"0:518,0:519,0:520,0:521,0:522,0:523,0:524,0:525",GAT,exact-facility-location-gat_v9.pkl,1,False,0.0004526138654910028
1s72.cif,508,0,508,AAAUCAGU,519,,A,526,,U,"0:519,0:520,0:521,0:522,0:523,0:524,0:525,0:526",GAT,exact-facility-location-gat_v9.pkl,1,False,0.0006280317320488393
1s72.cif,509,0,509,AAUCAGUU,520,,A,527,,U,"0:520,0:521,0:522,0:523,0:524,0:525,0:526,0:527",GAT,exact-facility-location-gat_v9.pkl,1,False,0.0011295645963400602
1s72.cif,510,0,510,AUCAGUUG,521,,A,528,,G,"0:521,0:522,0:523,0:524,0:525,0:526,0:527,0:528",GAT,exact-facility-location-gat_v9.pkl,1,False,0.0016419526655226946
1s72.cif,511,0,511,UCAGUUGG,522,,U,529,,G,"0:522,0:523,0:524,0:525,0:526,0:527,0:528,0:529",GAT,exact-facility-location-gat_v9.pkl,1,False,0.0008337338222190738
1s72.cif,512,0,512,CAGUUGGC,523,,C,530,,C,"0:523,0:524,0:525,0:526,0:527,0:528,0:529,0:530",GAT,exact-facility-location-gat_v9.pkl,1,False,0.0005792817682959139
1s72.cif,513,0,513,AGUUGGCG,524,,A,531,,G,"0:524,0:525,0:526,0:527,0:528,0:529,0:530,0:531",GAT,exact-facility-location-gat_v9.pkl,1,False,0.0006291989120654762
1s72.cif,514,0,514,GUUGGCGA,525,,G,532,,A,"0:525,0:526,0:527,0:528,0:529,0:530,0:531,0:532",GAT,exact-facility-location-gat_v9.pkl,1,False,0.002120535122230649
1s72.cif,515,0,515,UUGGCGAU,526,,U,533,,U,"0:526,0:527,0:528,0:529,0:530,0:531,0:532,0:533",GAT,exact-facility-location-gat_v9.pkl,1,False,0.0007218639948405325
1s72.cif,516,0,516,UGGCGAUC,527,,U,534,,C,"0:527,0:528,0:529,0:530,0:531,0:532,0:533,0:534",GAT,exact-facility-location-gat_v9.pkl,1,False,4.352384348749183e-05
1s72.cif,517,0,517,GGCGAUCG,528,,G,535,,G,"0:528,0:529,0:530,0:531,0:532,0:533,0:534,0:535",GAT,exact-facility-location-gat_v9.pkl,1,False,0.00012338398664724082
1s72.cif,518,0,518,GCGAUCGA,529,,G,536,,A,"0:529,0:530,0:531,0:532,0:533,0:534,0:535,0:536",GAT,exact-facility-location-gat_v9.pkl,1,False,0.0013628918677568436
1s72.cif,519,0,519,CGAUCGAG,530,,C,537,,G,"0:530,0:531,0:532,0:533,0:534,0:535,0:536,0:537",GAT,exact-facility-location-gat_v9.pkl,1,False,0.011898819357156754
1s72.cif,520,0,520,GAUCGAGC,531,,G,538,,C,"0:531,0:532,0:533,0:534,0:535,0:536,0:537,0:538",GAT,exact-facility-location-gat_v9.pkl,1,False,0.028778573498129845
1s72.cif,521,0,521,AUCGAGCG,532,,A,539,,G,"0:532,0:533,0:534,0:535,0:536,0:537,0:538,0:539",GAT,exact-facility-location-gat_v9.pkl,1,False,0.003885997226461768
1s72.cif,522,0,522,UCGAGCGA,533,,U,540,,A,"0:533,0:534,0:535,0:536,0:537,0:538,0:539,0:540",GAT,exact-facility-location-gat_v9.pkl,1,False,0.0035118735395371914
1s72.cif,523,0,523,CGAGCGAC,534,,C,541,,C,"0:534,0:535,0:536,0:537,0:538,0:539,0:540,0:541",GAT,exact-facility-location-gat_v9.pkl,1,False,0.004088094923645258
1s72.cif,524,0,524,GAGCGACA,535,,G,542,,A,"0:535,0:536,0:537,0:538,0:539,0:540,0:541,0:542",GAT,exact-facility-location-gat_v9.pkl,1,False,0.04185859113931656
1s72.cif,525,0,525,AGCGACAG,536,,A,543,,G,"0:536,0:537,0:538,0:539,0:540,0:541,0:542,0:543",GAT,exact-facility-location-gat_v9.pkl,1,False,0.001002409728243947
1s72.cif,526,0,526,GCGACAGG,537,,G,544,,G,"0:537,0:538,0:539,0:540,0:541,0:542,0:543,0:544",GAT,exact-facility-location-gat_v9.pkl,1,False,0.003085105447098613
1s72.cif,527,0,527,CGACAGGG,538,,C,545,,G,"0:538,0:539,0:540,0:541,0:542,0:543,0:544,0:545",GAT,exact-facility-location-gat_v9.pkl,1,False,0.002334950491786003
1s72.cif,528,0,528,GACAGGGC,539,,G,546,,C,"0:539,0:540,0:541,0:542,0:543,0:544,0:545,0:546",GAT,exact-facility-location-gat_v9.pkl,1,False,0.0010687296744436026
1s72.cif,529,0,529,ACAGGGCA,540,,A,547,,A,"0:540,0:541,0:542,0:543,0:544,0:545,0:546,0:547",GAT,exact-facility-location-gat_v9.pkl,1,False,0.000882504100445658
1s72.cif,530,0,530,CAGGGCAU,541,,C,548,,U,"0:541,0:542,0:543,0:544,0:545,0:546,0:547,0:548",GAT,exact-facility-location-gat_v9.pkl,1,False,0.0005504019791260362
1s72.cif,531,0,531,AGGGCAUA,542,,A,549,,A,"0:542,0:543,0:544,0:545,0:546,0:547,0:548,0:549",GAT,exact-facility-location-gat_v9.pkl,1,False,0.00015912145317997783
1s72.cif,532,0,532,GGGCAUAC,543,,G,550,,C,"0:543,0:544,0:545,0:546,0:547,0:548,0:549,0:550",GAT,exact-facility-location-gat_v9.pkl,1,False,9.949615923687816e-05
1s72.cif,533,0,533,GGCAUACA,544,,G,551,,A,"0:544,0:545,0:546,0:547,0:548,0:549,0:550,0:551",GAT,exact-facility-location-gat_v9.pkl,1,False,0.0009785039583221078
1s72.cif,534,0,534,GCAUACAA,545,,G,552,,A,"0:545,0:546,0:547,0:548,0:549,0:550,0:551,0:552",GAT,exact-facility-location-gat_v9.pkl,1,False,0.00026741778128780425
1s72.cif,535,0,535,CAUACAAG,546,,C,553,,G,"0:546,0:547,0:548,0:549,0:550,0:551,0:552,0:553",GAT,exact-facility-location-gat_v9.pkl,1,False,0.006926209665834904
1s72.cif,536,0,536,AUACAAGG,547,,A,554,,G,"0:547,0:548,0:549,0:550,0:551,0:552,0:553,0:554",GAT,exact-facility-location-gat_v9.pkl,1,False,0.0012946170754730701
1s72.cif,537,0,537,UACAAGGU,548,,U,555,,U,"0:548,0:549,0:550,0:551,0:552,0:553,0:554,0:555",GAT,exact-facility-location-gat_v9.pkl,1,False,0.0038694937247782946
1s72.cif,538,0,538,ACAAGGUC,549,,A,556,,C,"0:549,0:550,0:551,0:552,0:553,0:554,0:555,0:556",GAT,exact-facility-location-gat_v9.pkl,1,False,0.009039279073476791
1s72.cif,539,0,539,CAAGGUCC,550,,C,557,,C,"0:550,0:551,0:552,0:553,0:554,0:555,0:556,0:557",GAT,exact-facility-location-gat_v9.pkl,1,False,0.003427713643759489
1s72.cif,540,0,540,AAGGUCCC,551,,A,558,,C,"0:551,0:552,0:553,0:554,0:555,0:556,0:557,0:558",GAT,exact-facility-location-gat_v9.pkl,1,False,0.00037610201979987323
1s72.cif,541,0,541,AGGUCCCU,552,,A,559,,U,"0:552,0:553,0:554,0:555,0:556,0:557,0:558,0:559",GAT,exact-facility-location-gat_v9.pkl,1,False,1.703995258139912e-05
1s72.cif,542,0,542,GGUCCCUC,553,,G,560,,C,"0:553,0:554,0:555,0:556,0:557,0:558,0:559,0:560",GAT,exact-facility-location-gat_v9.pkl,1,False,0.000297688995487988
1s72.cif,543,0,543,GUCCCUCG,554,,G,561,,G,"0:554,0:555,0:556,0:557,0:558,0:559,0:560,0:561",GAT,exact-facility-location-gat_v9.pkl,1,False,0.0010266060708090663
1s72.cif,544,0,544,UCCCUCGA,555,,U,562,,A,"0:555,0:556,0:557,0:558,0:559,0:560,0:561,0:562",GAT,exact-facility-location-gat_v9.pkl,1,False,0.001483802916482091
1s72.cif,545,0,545,CCCUCGAC,556,,C,563,,C,"0:556,0:557,0:558,0:559,0:560,0:561,0:562,0:563",GAT,exact-facility-location-gat_v9.pkl,1,False,0.0009725620620884001
1s72.cif,546,0,546,CCUCGACG,557,,C,564,,G,"0:557,0:558,0:559,0:560,0:561,0:562,0:563,0:564",GAT,exact-facility-location-gat_v9.pkl,1,False,0.0005325314705260098
1s72.cif,547,0,547,CUCGACGA,558,,C,565,,A,"0:558,0:559,0:560,0:561,0:562,0:563,0:564,0:565",GAT,exact-facility-location-gat_v9.pkl,1,False,0.0007560632075183094
1s72.cif,548,0,548,UCGACGAA,559,,U,566,,A,"0:559,0:560,0:561,0:562,0:563,0:564,0:565,0:566",GAT,exact-facility-location-gat_v9.pkl,1,False,0.0007209163741208613
1s72.cif,549,0,549,CGACGAAU,560,,C,567,,U,"0:560,0:561,0:562,0:563,0:564,0:565,0:566,0:567",GAT,exact-facility-location-gat_v9.pkl,1,False,0.0016588231083005667
1s72.cif,550,0,550,GACGAAUG,561,,G,568,,G,"0:561,0:562,0:563,0:564,0:565,0:566,0:567,0:568",GAT,exact-facility-location-gat_v9.pkl,1,False,0.0031469783280044794
1s72.cif,551,0,551,ACGAAUGA,562,,A,569,,A,"0:562,0:563,0:564,0:565,0:566,0:567,0:568,0:569",GAT,exact-facility-location-gat_v9.pkl,1,False,0.007422671653330326
1s72.cif,552,0,552,CGAAUGAC,563,,C,570,,C,"0:563,0:564,0:565,0:566,0:567,0:568,0:569,0:570",GAT,exact-facility-location-gat_v9.pkl,1,False,0.004901994485408068
1s72.cif,553,0,553,GAAUGACC,564,,G,571,,C,"0:564,0:565,0:566,0:567,0:568,0:569,0:570,0:571",GAT,exact-facility-location-gat_v9.pkl,1,False,0.0004629986360669136
1s72.cif,554,0,554,AAUGACCG,565,,A,572,,G,"0:565,0:566,0:567,0:568,0:569,0:570,0:571,0:572",GAT,exact-facility-location-gat_v9.pkl,1,False,0.00011808212730102241
1s72.cif,555,0,555,AUGACCGA,566,,A,573,,A,"0:566,0:567,0:568,0:569,0:570,0:571,0:572,0:573",GAT,exact-facility-location-gat_v9.pkl,1,False,0.00010280768037773669
1s72.cif,556,0,556,UGACCGAC,567,,U,574,,C,"0:567,0:568,0:569,0:570,0:571,0:572,0:573,0:574",GAT,exact-facility-location-gat_v9.pkl,1,False,0.003276327159255743
1s72.cif,557,0,557,GACCGACG,568,,G,575,,G,"0:568,0:569,0:570,0:571,0:572,0:573,0:574,0:575",GAT,exact-facility-location-gat_v9.pkl,1,False,0.0007392625557258725
1s72.cif,558,0,558,ACCGACGC,569,,A,576,,C,"0:569,0:570,0:571,0:572,0:573,0:574,0:575,0:576",GAT,exact-facility-location-gat_v9.pkl,1,False,0.0006515239947475493
1s72.cif,559,0,559,CCGACGCG,570,,C,577,,G,"0:570,0:571,0:572,0:573,0:574,0:575,0:576,0:577",GAT,exact-facility-location-gat_v9.pkl,1,False,0.0009509550873190165
1s72.cif,560,0,560,CGACGCGC,571,,C,578,,C,"0:571,0:572,0:573,0:574,0:575,0:576,0:577,0:578",GAT,exact-facility-location-gat_v9.pkl,1,False,0.0005558797856792808
1s72.cif,561,0,561,GACGCGCG,572,,G,579,,G,"0:572,0:573,0:574,0:575,0:576,0:577,0:578,0:579",GAT,exact-facility-location-gat_v9.pkl,1,False,0.008432180620729923
1s72.cif,562,0,562,ACGCGCGA,573,,A,580,,A,"0:573,0:574,0:575,0:576,0:577,0:578,0:579,0:580",GAT,exact-facility-location-gat_v9.pkl,1,False,0.007058335468173027
1s72.cif,563,0,563,CGCGCGAG,574,,C,581,,G,"0:574,0:575,0:576,0:577,0:578,0:579,0:580,0:581",GAT,exact-facility-location-gat_v9.pkl,1,False,0.01855597458779812
1s72.cif,564,0,564,GCGCGAGC,575,,G,582,,C,"0:575,0:576,0:577,0:578,0:579,0:580,0:581,0:582",GAT,exact-facility-location-gat_v9.pkl,1,True,0.9702274799346924
1s72.cif,565,0,565,CGCGAGCG,576,,C,583,,G,"0:576,0:577,0:578,0:579,0:580,0:581,0:582,0:583",GAT,exact-facility-location-gat_v9.pkl,1,False,0.09841012954711914
1s72.cif,566,0,566,GCGAGCGU,577,,G,584,,U,"0:577,0:578,0:579,0:580,0:581,0:582,0:583,0:584",GAT,exact-facility-location-gat_v9.pkl,1,False,0.004940382670611143
1s72.cif,567,0,567,CGAGCGUC,578,,C,585,,C,"0:578,0:579,0:580,0:581,0:582,0:583,0:584,0:585",GAT,exact-facility-location-gat_v9.pkl,1,False,0.0002681259938981384
1s72.cif,568,0,568,GAGCGUCC,579,,G,586,,C,"0:579,0:580,0:581,0:582,0:583,0:584,0:585,0:586",GAT,exact-facility-location-gat_v9.pkl,1,False,0.0003372285282239318
1s72.cif,569,0,569,AGCGUCCA,580,,A,587,,A,"0:580,0:581,0:582,0:583,0:584,0:585,0:586,0:587",GAT,exact-facility-location-gat_v9.pkl,1,False,0.0003371981147211045
1s72.cif,570,0,570,GCGUCCAG,581,,G,588,,G,"0:581,0:582,0:583,0:584,0:585,0:586,0:587,0:588",GAT,exact-facility-location-gat_v9.pkl,1,False,0.0007839492755010724
1s72.cif,571,0,571,CGUCCAGU,582,,C,589,,U,"0:582,0:583,0:584,0:585,0:586,0:587,0:588,0:589",GAT,exact-facility-location-gat_v9.pkl,1,False,0.002561417641118169
1s72.cif,572,0,572,GUCCAGUA,583,,G,590,,A,"0:583,0:584,0:585,0:586,0:587,0:588,0:589,0:590",GAT,exact-facility-location-gat_v9.pkl,1,False,6.177525210659951e-05
1s72.cif,573,0,573,UCCAGUAA,584,,U,591,,A,"0:584,0:585,0:586,0:587,0:588,0:589,0:590,0:591",GAT,exact-facility-location-gat_v9.pkl,1,False,9.529507224215195e-05
1s72.cif,574,0,574,CCAGUAAG,585,,C,592,,G,"0:585,0:586,0:587,0:588,0:589,0:590,0:591,0:592",GAT,exact-facility-location-gat_v9.pkl,1,False,8.510163752362132e-05
1s72.cif,575,0,575,CAGUAAGA,586,,C,593,,A,"0:586,0:587,0:588,0:589,0:590,0:591,0:592,0:593",GAT,exact-facility-location-gat_v9.pkl,1,False,0.00010811675747390836
1s72.cif,576,0,576,AGUAAGAC,587,,A,594,,C,"0:587,0:588,0:589,0:590,0:591,0:592,0:593,0:594",GAT,exact-facility-location-gat_v9.pkl,1,False,0.0004091971495654434
1s72.cif,577,0,577,GUAAGACU,588,,G,595,,U,"0:588,0:589,0:590,0:591,0:592,0:593,0:594,0:595",GAT,exact-facility-location-gat_v9.pkl,1,False,0.00036486127646639943
1s72.cif,578,0,578,UAAGACUC,589,,U,596,,C,"0:589,0:590,0:591,0:592,0:593,0:594,0:595,0:596",GAT,exact-facility-location-gat_v9.pkl,1,False,0.0034693812485784292
1s72.cif,579,0,579,AAGACUCA,590,,A,597,,A,"0:590,0:591,0:592,0:593,0:594,0:595,0:596,0:597",GAT,exact-facility-location-gat_v9.pkl,1,False,0.011582465842366219
1s72.cif,580,0,580,AGACUCAC,591,,A,598,,C,"0:591,0:592,0:593,0:594,0:595,0:596,0:597,0:598",GAT,exact-facility-location-gat_v9.pkl,1,False,0.0040594241581857204
1s72.cif,581,0,581,GACUCACG,592,,G,599,,G,"0:592,0:593,0:594,0:595,0:596,0:597,0:598,0:599",GAT,exact-facility-location-gat_v9.pkl,1,False,0.0003739558160305023
1s72.cif,582,0,582,ACUCACGG,593,,A,600,,G,"0:593,0:594,0:595,0:596,0:597,0:598,0:599,0:600",GAT,exact-facility-location-gat_v9.pkl,1,False,0.000573444995097816
1s72.cif,583,0,583,CUCACGGG,594,,C,601,,G,"0:594,0:595,0:596,0:597,0:598,0:599,0:600,0:601",GAT,exact-facility-location-gat_v9.pkl,1,False,0.0008236709400080144
1s72.cif,584,0,584,UCACGGGA,595,,U,602,,A,"0:595,0:596,0:597,0:598,0:599,0:600,0:601,0:602",GAT,exact-facility-location-gat_v9.pkl,1,False,0.0012351060286164284
1s72.cif,585,0,585,CACGGGAA,596,,C,603,,A,"0:596,0:597,0:598,0:599,0:600,0:601,0:602,0:603",GAT,exact-facility-location-gat_v9.pkl,1,False,0.0006602032226510346
1s72.cif,586,0,586,ACGGGAAG,597,,A,604,,G,"0:597,0:598,0:599,0:600,0:601,0:602,0:603,0:604",GAT,exact-facility-location-gat_v9.pkl,1,False,0.0008090925985015929
1s72.cif,587,0,587,CGGGAAGC,598,,C,605,,C,"0:598,0:599,0:600,0:601,0:602,0:603,0:604,0:605",GAT,exact-facility-location-gat_v9.pkl,1,False,0.0011401817901059985
1s72.cif,588,0,588,GGGAAGCC,599,,G,606,,C,"0:599,0:600,0:601,0:602,0:603,0:604,0:605,0:606",GAT,exact-facility-location-gat_v9.pkl,1,False,0.0019560353830456734
1s72.cif,589,0,589,GGAAGCCG,600,,G,607,,G,"0:600,0:601,0:602,0:603,0:604,0:605,0:606,0:607",GAT,exact-facility-location-gat_v9.pkl,1,False,0.000876154110301286
1s72.cif,590,0,590,GAAGCCGA,601,,G,608,,A,"0:601,0:602,0:603,0:604,0:605,0:606,0:607,0:608",GAT,exact-facility-location-gat_v9.pkl,1,False,0.00019907149544451386
1s72.cif,591,0,591,AAGCCGAU,602,,A,609,,U,"0:602,0:603,0:604,0:605,0:606,0:607,0:608,0:609",GAT,exact-facility-location-gat_v9.pkl,1,False,0.0020335817243903875
1s72.cif,592,0,592,AGCCGAUG,603,,A,610,,G,"0:603,0:604,0:605,0:606,0:607,0:608,0:609,0:610",GAT,exact-facility-location-gat_v9.pkl,1,False,0.0025781658478081226
1s72.cif,593,0,593,GCCGAUGU,604,,G,611,,U,"0:604,0:605,0:606,0:607,0:608,0:609,0:610,0:611",GAT,exact-facility-location-gat_v9.pkl,1,False,0.0013682810822501779
1s72.cif,594,0,594,CCGAUGUU,605,,C,612,,U,"0:605,0:606,0:607,0:608,0:609,0:610,0:611,0:612",GAT,exact-facility-location-gat_v9.pkl,1,False,0.0005924541037529707
1s72.cif,595,0,595,CGAUGUUC,606,,C,613,,C,"0:606,0:607,0:608,0:609,0:610,0:611,0:612,0:613",GAT,exact-facility-location-gat_v9.pkl,1,False,0.0011649627704173326
1s72.cif,596,0,596,GAUGUUCU,607,,G,614,,U,"0:607,0:608,0:609,0:610,0:611,0:612,0:613,0:614",GAT,exact-facility-location-gat_v9.pkl,1,False,0.0018147487426176667
1s72.cif,597,0,597,AUGUUCUG,608,,A,615,,G,"0:608,0:609,0:610,0:611,0:612,0:613,0:614,0:615",GAT,exact-facility-location-gat_v9.pkl,1,False,0.001101323519833386
1s72.cif,598,0,598,UGUUCUGU,609,,U,616,,U,"0:609,0:610,0:611,0:612,0:613,0:614,0:615,0:616",GAT,exact-facility-location-gat_v9.pkl,1,False,0.0005121233989484608
1s72.cif,599,0,599,GUUCUGUC,610,,G,617,,C,"0:610,0:611,0:612,0:613,0:614,0:615,0:616,0:617",GAT,exact-facility-location-gat_v9.pkl,1,False,0.0005146677722223103
1s72.cif,600,0,600,UUCUGUCG,611,,U,618,,G,"0:611,0:612,0:613,0:614,0:615,0:616,0:617,0:618",GAT,exact-facility-location-gat_v9.pkl,1,False,0.0008231762330979109
1s72.cif,601,0,601,UCUGUCGU,612,,U,619,,U,"0:612,0:613,0:614,0:615,0:616,0:617,0:618,0:619",GAT,exact-facility-location-gat_v9.pkl,1,False,0.0006253061583265662
1s72.cif,602,0,602,CUGUCGUA,613,,C,620,,A,"0:613,0:614,0:615,0:616,0:617,0:618,0:619,0:620",GAT,exact-facility-location-gat_v9.pkl,1,False,0.008741128258407116
1s72.cif,603,0,603,UGUCGUAC,614,,U,621,,C,"0:614,0:615,0:616,0:617,0:618,0:619,0:620,0:621",GAT,exact-facility-location-gat_v9.pkl,1,False,0.0007502005901187658
1s72.cif,604,0,604,GUCGUACG,615,,G,622,,G,"0:615,0:616,0:617,0:618,0:619,0:620,0:621,0:622",GAT,exact-facility-location-gat_v9.pkl,1,False,4.745555997942574e-05
1s72.cif,605,0,605,UCGUACGU,616,,U,623,,U,"0:616,0:617,0:618,0:619,0:620,0:621,0:622,0:623",GAT,exact-facility-location-gat_v9.pkl,1,False,5.5502892791992053e-05
1s72.cif,606,0,606,CGUACGUU,617,,C,624,,U,"0:617,0:618,0:619,0:620,0:621,0:622,0:623,0:624",GAT,exact-facility-location-gat_v9.pkl,1,False,0.0011976491659879684
1s72.cif,607,0,607,GUACGUUU,618,,G,625,,U,"0:618,0:619,0:620,0:621,0:622,0:623,0:624,0:625",GAT,exact-facility-location-gat_v9.pkl,1,False,0.04542272910475731
1s72.cif,608,0,608,UACGUUUU,619,,U,626,,U,"0:619,0:620,0:621,0:622,0:623,0:624,0:625,0:626",GAT,exact-facility-location-gat_v9.pkl,1,False,0.0012821545824408531
1s72.cif,609,0,609,ACGUUUUG,620,,A,627,,G,"0:620,0:621,0:622,0:623,0:624,0:625,0:626,0:627",GAT,exact-facility-location-gat_v9.pkl,1,False,0.007260440848767757
1s72.cif,610,0,610,CGUUUUGA,621,,C,628,,1MA,"0:621,0:622,0:623,0:624,0:625,0:626,0:627,0:628",GAT,exact-facility-location-gat_v9.pkl,1,False,0.03367006033658981
1s72.cif,611,0,611,GUUUUGAA,622,,G,629,,A,"0:622,0:623,0:624,0:625,0:626,0:627,0:628,0:629",GAT,exact-facility-location-gat_v9.pkl,1,False,0.00783633068203926
1s72.cif,612,0,612,UUUUGAAA,623,,U,630,,A,"0:623,0:624,0:625,0:626,0:627,0:628,0:629,0:630",GAT,exact-facility-location-gat_v9.pkl,1,False,0.0003077108121942729
1s72.cif,613,0,613,UUUGAAAA,624,,U,631,,A,"0:624,0:625,0:626,0:627,0:628,0:629,0:630,0:631",GAT,exact-facility-location-gat_v9.pkl,1,False,0.0005035138456150889
1s72.cif,614,0,614,UUGAAAAA,625,,U,632,,A,"0:625,0:626,0:627,0:628,0:629,0:630,0:631,0:632",GAT,exact-facility-location-gat_v9.pkl,1,False,0.03711967170238495
1s72.cif,615,0,615,UGAAAAAC,626,,U,633,,C,"0:626,0:627,0:628,0:629,0:630,0:631,0:632,0:633",GAT,exact-facility-location-gat_v9.pkl,1,False,0.0019390481757000089
1s72.cif,616,0,616,GAAAAACG,627,,G,634,,G,"0:627,0:628,0:629,0:630,0:631,0:632,0:633,0:634",GAT,exact-facility-location-gat_v9.pkl,1,False,0.0010266262106597424
1s72.cif,617,0,617,AAAAACGA,628,,1MA,635,,A,"0:628,0:629,0:630,0:631,0:632,0:633,0:634,0:635",GAT,exact-facility-location-gat_v9.pkl,1,False,0.00267424201592803
1s72.cif,618,0,618,AAAACGAG,629,,A,636,,G,"0:629,0:630,0:631,0:632,0:633,0:634,0:635,0:636",GAT,exact-facility-location-gat_v9.pkl,1,False,0.0009692190797068179
1s72.cif,619,0,619,AAACGAGC,630,,A,637,,C,"0:630,0:631,0:632,0:633,0:634,0:635,0:636,0:637",GAT,exact-facility-location-gat_v9.pkl,1,False,0.008668106980621815
1s72.cif,620,0,620,AACGAGCC,631,,A,638,,C,"0:631,0:632,0:633,0:634,0:635,0:636,0:637,0:638",GAT,exact-facility-location-gat_v9.pkl,1,False,0.00027196266455575824
1s72.cif,621,0,621,ACGAGCCA,632,,A,639,,A,"0:632,0:633,0:634,0:635,0:636,0:637,0:638,0:639",GAT,exact-facility-location-gat_v9.pkl,1,False,4.83988769701682e-05
1s72.cif,622,0,622,CGAGCCAG,633,,C,640,,G,"0:633,0:634,0:635,0:636,0:637,0:638,0:639,0:640",GAT,exact-facility-location-gat_v9.pkl,1,False,0.0018679554341360927
1s72.cif,623,0,623,GAGCCAGG,634,,G,641,,G,"0:634,0:635,0:636,0:637,0:638,0:639,0:640,0:641",GAT,exact-facility-location-gat_v9.pkl,1,False,0.07546630501747131
1s72.cif,624,0,624,AGCCAGGG,635,,A,642,,G,"0:635,0:636,0:637,0:638,0:639,0:640,0:641,0:642",GAT,exact-facility-location-gat_v9.pkl,1,False,0.01598029024899006
1s72.cif,625,0,625,GCCAGGGA,636,,G,643,,A,"0:636,0:637,0:638,0:639,0:640,0:641,0:642,0:643",GAT,exact-facility-location-gat_v9.pkl,1,False,0.00025374090182594955
1s72.cif,626,0,626,CCAGGGAG,637,,C,644,,G,"0:637,0:638,0:639,0:640,0:641,0:642,0:643,0:644",GAT,exact-facility-location-gat_v9.pkl,1,False,0.0003524824569467455
1s72.cif,627,0,627,CAGGGAGU,638,,C,645,,U,"0:638,0:639,0:640,0:641,0:642,0:643,0:644,0:645",GAT,exact-facility-location-gat_v9.pkl,1,False,0.0001461072824895382
1s72.cif,628,0,628,AGGGAGUG,639,,A,646,,G,"0:639,0:640,0:641,0:642,0:643,0:644,0:645,0:646",GAT,exact-facility-location-gat_v9.pkl,1,False,0.0002055314544122666
1s72.cif,629,0,629,GGGAGUGU,640,,G,647,,U,"0:640,0:641,0:642,0:643,0:644,0:645,0:646,0:647",GAT,exact-facility-location-gat_v9.pkl,1,False,0.0004669564659707248
1s72.cif,630,0,630,GGAGUGUG,641,,G,648,,G,"0:641,0:642,0:643,0:644,0:645,0:646,0:647,0:648",GAT,exact-facility-location-gat_v9.pkl,1,False,4.7003995859995484e-05
1s72.cif,631,0,631,GAGUGUGU,642,,G,649,,U,"0:642,0:643,0:644,0:645,0:646,0:647,0:648,0:649",GAT,exact-facility-location-gat_v9.pkl,1,False,0.0006801668787375093
1s72.cif,632,0,632,AGUGUGUC,643,,A,650,,C,"0:643,0:644,0:645,0:646,0:647,0:648,0:649,0:650",GAT,exact-facility-location-gat_v9.pkl,1,False,0.0028272345662117004
1s72.cif,633,0,633,GUGUGUCU,644,,G,651,,U,"0:644,0:645,0:646,0:647,0:648,0:649,0:650,0:651",GAT,exact-facility-location-gat_v9.pkl,1,False,0.0023659844882786274
1s72.cif,634,0,634,UGUGUCUG,645,,U,652,,G,"0:645,0:646,0:647,0:648,0:649,0:650,0:651,0:652",GAT,exact-facility-location-gat_v9.pkl,1,False,0.0010009343968704343
1s72.cif,635,0,635,GUGUCUGC,646,,G,653,,C,"0:646,0:647,0:648,0:649,0:650,0:651,0:652,0:653",GAT,exact-facility-location-gat_v9.pkl,1,False,0.0009363180142827332
1s72.cif,636,0,636,UGUCUGCA,647,,U,654,,A,"0:647,0:648,0:649,0:650,0:651,0:652,0:653,0:654",GAT,exact-facility-location-gat_v9.pkl,1,False,0.0009364460711367428
1s72.cif,637,0,637,GUCUGCAU,648,,G,655,,U,"0:648,0:649,0:650,0:651,0:652,0:653,0:654,0:655",GAT,exact-facility-location-gat_v9.pkl,1,False,0.0008785542449913919
1s72.cif,638,0,638,UCUGCAUG,649,,U,656,,G,"0:649,0:650,0:651,0:652,0:653,0:654,0:655,0:656",GAT,exact-facility-location-gat_v9.pkl,1,False,0.0008094650693237782
1s72.cif,639,0,639,CUGCAUGG,650,,C,657,,G,"0:650,0:651,0:652,0:653,0:654,0:655,0:656,0:657",GAT,exact-facility-location-gat_v9.pkl,1,False,0.0007615993963554502
1s72.cif,640,0,640,UGCAUGGC,651,,U,658,,C,"0:651,0:652,0:653,0:654,0:655,0:656,0:657,0:658",GAT,exact-facility-location-gat_v9.pkl,1,False,0.0008879753877408803
1s72.cif,641,0,641,GCAUGGCA,652,,G,659,,A,"0:652,0:653,0:654,0:655,0:656,0:657,0:658,0:659",GAT,exact-facility-location-gat_v9.pkl,1,False,0.0010049451375380158
1s72.cif,642,0,642,CAUGGCAA,653,,C,660,,A,"0:653,0:654,0:655,0:656,0:657,0:658,0:659,0:660",GAT,exact-facility-location-gat_v9.pkl,1,False,0.0026244225446134806
1s72.cif,643,0,643,AUGGCAAG,654,,A,661,,G,"0:654,0:655,0:656,0:657,0:658,0:659,0:660,0:661",GAT,exact-facility-location-gat_v9.pkl,1,False,0.002669819863513112
1s72.cif,644,0,644,UGGCAAGU,655,,U,662,,U,"0:655,0:656,0:657,0:658,0:659,0:660,0:661,0:662",GAT,exact-facility-location-gat_v9.pkl,1,False,0.003699058201164007
1s72.cif,645,0,645,GGCAAGUC,656,,G,663,,C,"0:656,0:657,0:658,0:659,0:660,0:661,0:662,0:663",GAT,exact-facility-location-gat_v9.pkl,1,False,0.010859557427465916
1s72.cif,646,0,646,GCAAGUCU,657,,G,664,,U,"0:657,0:658,0:659,0:660,0:661,0:662,0:663,0:664",GAT,exact-facility-location-gat_v9.pkl,1,False,0.0007615869981236756
1s72.cif,647,0,647,CAAGUCUA,658,,C,665,,A,"0:658,0:659,0:660,0:661,0:662,0:663,0:664,0:665",GAT,exact-facility-location-gat_v9.pkl,1,False,9.520161256659776e-05
1s72.cif,648,0,648,AAGUCUAA,659,,A,666,,A,"0:659,0:660,0:661,0:662,0:663,0:664,0:665,0:666",GAT,exact-facility-location-gat_v9.pkl,1,False,0.00010583681432763115
1s72.cif,649,0,649,AGUCUAAC,660,,A,667,,C,"0:660,0:661,0:662,0:663,0:664,0:665,0:666,0:667",GAT,exact-facility-location-gat_v9.pkl,1,False,0.0004515238688327372
1s72.cif,650,0,650,GUCUAACC,661,,G,668,,C,"0:661,0:662,0:663,0:664,0:665,0:666,0:667,0:668",GAT,exact-facility-location-gat_v9.pkl,1,False,0.0012807168532162905
1s72.cif,651,0,651,UCUAACCG,662,,U,669,,G,"0:662,0:663,0:664,0:665,0:666,0:667,0:668,0:669",GAT,exact-facility-location-gat_v9.pkl,1,False,0.0006726059946231544
1s72.cif,652,0,652,CUAACCGG,663,,C,670,,G,"0:663,0:664,0:665,0:666,0:667,0:668,0:669,0:670",GAT,exact-facility-location-gat_v9.pkl,1,False,0.003353332169353962
1s72.cif,653,0,653,UAACCGGA,664,,U,671,,A,"0:664,0:665,0:666,0:667,0:668,0:669,0:670,0:671",GAT,exact-facility-location-gat_v9.pkl,1,False,0.0004985859850421548
1s72.cif,654,0,654,AACCGGAG,665,,A,672,,G,"0:665,0:666,0:667,0:668,0:669,0:670,0:671,0:672",GAT,exact-facility-location-gat_v9.pkl,1,False,0.0016503415536135435
1s72.cif,655,0,655,ACCGGAGU,666,,A,673,,U,"0:666,0:667,0:668,0:669,0:670,0:671,0:672,0:673",GAT,exact-facility-location-gat_v9.pkl,1,False,0.0054096137173473835
1s72.cif,656,0,656,CCGGAGUA,667,,C,674,,A,"0:667,0:668,0:669,0:670,0:671,0:672,0:673,0:674",GAT,exact-facility-location-gat_v9.pkl,1,False,0.03086269088089466
1s72.cif,657,0,657,CGGAGUAU,668,,C,675,,U,"0:668,0:669,0:670,0:671,0:672,0:673,0:674,0:675",GAT,exact-facility-location-gat_v9.pkl,1,False,0.0028670141473412514
1s72.cif,658,0,658,GGAGUAUC,669,,G,676,,C,"0:669,0:670,0:671,0:672,0:673,0:674,0:675,0:676",GAT,exact-facility-location-gat_v9.pkl,1,False,0.002751212101429701
1s72.cif,659,0,659,GAGUAUCC,670,,G,677,,C,"0:670,0:671,0:672,0:673,0:674,0:675,0:676,0:677",GAT,exact-facility-location-gat_v9.pkl,1,False,0.17184989154338837
1s72.cif,660,0,660,AGUAUCCG,671,,A,678,,G,"0:671,0:672,0:673,0:674,0:675,0:676,0:677,0:678",GAT,exact-facility-location-gat_v9.pkl,1,False,0.012642175890505314
1s72.cif,661,0,661,GUAUCCGG,672,,G,679,,G,"0:672,0:673,0:674,0:675,0:676,0:677,0:678,0:679",GAT,exact-facility-location-gat_v9.pkl,1,False,0.002155107446014881
1s72.cif,662,0,662,UAUCCGGG,673,,U,680,,G,"0:673,0:674,0:675,0:676,0:677,0:678,0:679,0:680",GAT,exact-facility-location-gat_v9.pkl,1,False,0.0014461089158430696
1s72.cif,663,0,663,AUCCGGGG,674,,A,681,,G,"0:674,0:675,0:676,0:677,0:678,0:679,0:680,0:681",GAT,exact-facility-location-gat_v9.pkl,1,False,0.000548526004422456
1s72.cif,664,0,664,UCCGGGGA,675,,U,682,,A,"0:675,0:676,0:677,0:678,0:679,0:680,0:681,0:682",GAT,exact-facility-location-gat_v9.pkl,1,False,0.002227791817858815
1s72.cif,665,0,665,CCGGGGAG,676,,C,683,,G,"0:676,0:677,0:678,0:679,0:680,0:681,0:682,0:683",GAT,exact-facility-location-gat_v9.pkl,1,False,0.00032231202931143343
1s72.cif,666,0,666,CGGGGAGG,677,,C,684,,G,"0:677,0:678,0:679,0:680,0:681,0:682,0:683,0:684",GAT,exact-facility-location-gat_v9.pkl,1,False,0.000666943786200136
1s72.cif,667,0,667,GGGGAGGC,678,,G,685,,C,"0:678,0:679,0:680,0:681,0:682,0:683,0:684,0:685",GAT,exact-facility-location-gat_v9.pkl,1,False,0.0011243871413171291
1s72.cif,668,0,668,GGGAGGCA,679,,G,686,,A,"0:679,0:680,0:681,0:682,0:683,0:684,0:685,0:686",GAT,exact-facility-location-gat_v9.pkl,1,False,0.00048647375660948455
1s72.cif,669,0,669,GGAGGCAC,680,,G,687,,C,"0:680,0:681,0:682,0:683,0:684,0:685,0:686,0:687",GAT,exact-facility-location-gat_v9.pkl,1,False,0.000739076582249254
1s72.cif,670,0,670,GAGGCACA,681,,G,688,,A,"0:681,0:682,0:683,0:684,0:685,0:686,0:687,0:688",GAT,exact-facility-location-gat_v9.pkl,1,False,0.0008902737754397094
1s72.cif,671,0,671,AGGCACAG,682,,A,689,,G,"0:682,0:683,0:684,0:685,0:686,0:687,0:688,0:689",GAT,exact-facility-location-gat_v9.pkl,1,False,0.0004950534203089774
1s72.cif,672,0,672,GGCACAGG,683,,G,690,,G,"0:683,0:684,0:685,0:686,0:687,0:688,0:689,0:690",GAT,exact-facility-location-gat_v9.pkl,1,False,0.0010881527559831738
1s72.cif,673,0,673,GCACAGGG,684,,G,691,,G,"0:684,0:685,0:686,0:687,0:688,0:689,0:690,0:691",GAT,exact-facility-location-gat_v9.pkl,1,False,0.006146030500531197
1s72.cif,674,0,674,CACAGGGA,685,,C,692,,A,"0:685,0:686,0:687,0:688,0:689,0:690,0:691,0:692",GAT,exact-facility-location-gat_v9.pkl,1,False,0.032027967274188995
1s72.cif,675,0,675,ACAGGGAA,686,,A,693,,A,"0:686,0:687,0:688,0:689,0:690,0:691,0:692,0:693",GAT,exact-facility-location-gat_v9.pkl,1,False,0.03664691001176834
1s72.cif,676,0,676,CAGGGAAA,687,,C,694,,A,"0:687,0:688,0:689,0:690,0:691,0:692,0:693,0:694",GAT,exact-facility-location-gat_v9.pkl,1,False,0.002481018425896764
1s72.cif,677,0,677,AGGGAAAC,688,,A,695,,C,"0:688,0:689,0:690,0:691,0:692,0:693,0:694,0:695",GAT,exact-facility-location-gat_v9.pkl,1,False,0.014569017104804516
1s72.cif,678,0,678,GGGAAACC,689,,G,696,,C,"0:689,0:690,0:691,0:692,0:693,0:694,0:695,0:696",GAT,exact-facility-location-gat_v9.pkl,1,True,0.9569687247276306
1s72.cif,679,0,679,GGAAACCG,690,,G,697,,G,"0:690,0:691,0:692,0:693,0:694,0:695,0:696,0:697",GAT,exact-facility-location-gat_v9.pkl,1,False,0.04283991456031799
1s72.cif,680,0,680,GAAACCGA,691,,G,698,,A,"0:691,0:692,0:693,0:694,0:695,0:696,0:697,0:698",GAT,exact-facility-location-gat_v9.pkl,1,False,0.018701450899243355
1s72.cif,681,0,681,AAACCGAC,692,,A,699,,C,"0:692,0:693,0:694,0:695,0:696,0:697,0:698,0:699",GAT,exact-facility-location-gat_v9.pkl,1,False,0.0015965437050908804
1s72.cif,682,0,682,AACCGACA,693,,A,700,,A,"0:693,0:694,0:695,0:696,0:697,0:698,0:699,0:700",GAT,exact-facility-location-gat_v9.pkl,1,False,3.192976146237925e-05
1s72.cif,683,0,683,ACCGACAU,694,,A,701,,U,"0:694,0:695,0:696,0:697,0:698,0:699,0:700,0:701",GAT,exact-facility-location-gat_v9.pkl,1,False,1.8726246707956307e-05
1s72.cif,684,0,684,CCGACAUG,695,,C,702,,G,"0:695,0:696,0:697,0:698,0:699,0:700,0:701,0:702",GAT,exact-facility-location-gat_v9.pkl,1,False,0.000278435240034014
1s72.cif,685,0,685,CGACAUGG,696,,C,703,,G,"0:696,0:697,0:698,0:699,0:700,0:701,0:702,0:703",GAT,exact-facility-location-gat_v9.pkl,1,False,0.0005491760093718767
1s72.cif,686,0,686,GACAUGGC,697,,G,704,,C,"0:697,0:698,0:699,0:700,0:701,0:702,0:703,0:704",GAT,exact-facility-location-gat_v9.pkl,1,False,0.00024988208315335214
1s72.cif,687,0,687,ACAUGGCC,698,,A,705,,C,"0:698,0:699,0:700,0:701,0:702,0:703,0:704,0:705",GAT,exact-facility-location-gat_v9.pkl,1,False,0.001033395528793335
1s72.cif,688,0,688,CAUGGCCG,699,,C,706,,G,"0:699,0:700,0:701,0:702,0:703,0:704,0:705,0:706",GAT,exact-facility-location-gat_v9.pkl,1,False,0.004272209946066141
1s72.cif,689,0,689,AUGGCCGC,700,,A,707,,C,"0:700,0:701,0:702,0:703,0:704,0:705,0:706,0:707",GAT,exact-facility-location-gat_v9.pkl,1,False,0.05567334219813347
1s72.cif,690,0,690,UGGCCGCA,701,,U,708,,A,"0:701,0:702,0:703,0:704,0:705,0:706,0:707,0:708",GAT,exact-facility-location-gat_v9.pkl,1,False,0.0036364030092954636
1s72.cif,691,0,691,GGCCGCAG,702,,G,709,,G,"0:702,0:703,0:704,0:705,0:706,0:707,0:708,0:709",GAT,exact-facility-location-gat_v9.pkl,1,False,0.0018023992888629436
1s72.cif,692,0,692,GCCGCAGG,703,,G,710,,G,"0:703,0:704,0:705,0:706,0:707,0:708,0:709,0:710",GAT,exact-facility-location-gat_v9.pkl,1,False,0.002016444457694888
1s72.cif,693,0,693,CCGCAGGG,704,,C,711,,G,"0:704,0:705,0:706,0:707,0:708,0:709,0:710,0:711",GAT,exact-facility-location-gat_v9.pkl,1,False,0.0017393219750374556
1s72.cif,694,0,694,CGCAGGGC,705,,C,712,,C,"0:705,0:706,0:707,0:708,0:709,0:710,0:711,0:712",GAT,exact-facility-location-gat_v9.pkl,1,False,0.001032319967634976
1s72.cif,695,0,695,GCAGGGCU,706,,G,713,,U,"0:706,0:707,0:708,0:709,0:710,0:711,0:712,0:713",GAT,exact-facility-location-gat_v9.pkl,1,False,9.649635467212647e-05
1s72.cif,696,0,696,CAGGGCUU,707,,C,714,,U,"0:707,0:708,0:709,0:710,0:711,0:712,0:713,0:714",GAT,exact-facility-location-gat_v9.pkl,1,False,0.0021143779158592224
1s72.cif,697,0,697,AGGGCUUG,708,,A,716,,G,"0:708,0:709,0:710,0:711,0:712,0:713,0:714,0:716",GAT,exact-facility-location-gat_v9.pkl,1,False,0.037326399236917496
1s72.cif,698,0,698,GGGCUUGC,709,,G,717,,C,"0:709,0:710,0:711,0:712,0:713,0:714,0:716,0:717",GAT,exact-facility-location-gat_v9.pkl,1,False,0.0014600319555029273
1s72.cif,699,0,699,GGCUUGCC,710,,G,718,,C,"0:710,0:711,0:712,0:713,0:714,0:716,0:717,0:718",GAT,exact-facility-location-gat_v9.pkl,1,False,0.05417180061340332
1s72.cif,700,0,700,GCUUGCCC,711,,G,719,,C,"0:711,0:712,0:713,0:714,0:716,0:717,0:718,0:719",GAT,exact-facility-location-gat_v9.pkl,1,False,0.07892279326915741
1s72.cif,701,0,701,CUUGCCCG,712,,C,720,,G,"0:712,0:713,0:714,0:716,0:717,0:718,0:719,0:720",GAT,exact-facility-location-gat_v9.pkl,1,False,0.008342048153281212
1s72.cif,702,0,702,UUGCCCGA,713,,U,721,,A,"0:713,0:714,0:716,0:717,0:718,0:719,0:720,0:721",GAT,exact-facility-location-gat_v9.pkl,1,False,0.0009424345917068422
1s72.cif,703,0,703,UGCCCGAG,714,,U,722,,G,"0:714,0:716,0:717,0:718,0:719,0:720,0:721,0:722",GAT,exact-facility-location-gat_v9.pkl,1,False,0.0005962398136034608
1s72.cif,704,0,704,GCCCGAGG,716,,G,723,,G,"0:716,0:717,0:718,0:719,0:720,0:721,0:722,0:723",GAT,exact-facility-location-gat_v9.pkl,1,False,0.0006641066283918917
1s72.cif,705,0,705,CCCGAGGG,717,,C,724,,G,"0:717,0:718,0:719,0:720,0:721,0:722,0:723,0:724",GAT,exact-facility-location-gat_v9.pkl,1,False,0.001209973474033177
1s72.cif,706,0,706,CCGAGGGC,718,,C,725,,C,"0:718,0:719,0:720,0:721,0:722,0:723,0:724,0:725",GAT,exact-facility-location-gat_v9.pkl,1,False,0.0022655592765659094
1s72.cif,707,0,707,CGAGGGCC,719,,C,726,,C,"0:719,0:720,0:721,0:722,0:723,0:724,0:725,0:726",GAT,exact-facility-location-gat_v9.pkl,1,False,0.0030184530187398195
1s72.cif,708,0,708,GAGGGCCG,720,,G,727,,G,"0:720,0:721,0:722,0:723,0:724,0:725,0:726,0:727",GAT,exact-facility-location-gat_v9.pkl,1,False,0.0008046539151109755
1s72.cif,709,0,709,AGGGCCGC,721,,A,728,,C,"0:721,0:722,0:723,0:724,0:725,0:726,0:727,0:728",GAT,exact-facility-location-gat_v9.pkl,1,False,0.0007327735656872392
1s72.cif,710,0,710,GGGCCGCC,722,,G,729,,C,"0:722,0:723,0:724,0:725,0:726,0:727,0:728,0:729",GAT,exact-facility-location-gat_v9.pkl,1,False,0.0007450900156982243
1s72.cif,711,0,711,GGCCGCCG,723,,G,730,,G,"0:723,0:724,0:725,0:726,0:727,0:728,0:729,0:730",GAT,exact-facility-location-gat_v9.pkl,1,False,0.0004345447232481092
1s72.cif,712,0,712,GCCGCCGU,724,,G,731,,U,"0:724,0:725,0:726,0:727,0:728,0:729,0:730,0:731",GAT,exact-facility-location-gat_v9.pkl,1,False,0.0003036778944078833
1s72.cif,713,0,713,CCGCCGUC,725,,C,732,,C,"0:725,0:726,0:727,0:728,0:729,0:730,0:731,0:732",GAT,exact-facility-location-gat_v9.pkl,1,False,0.00047480108332820237
1s72.cif,714,0,714,CGCCGUCU,726,,C,733,,U,"0:726,0:727,0:728,0:729,0:730,0:731,0:732,0:733",GAT,exact-facility-location-gat_v9.pkl,1,False,0.0005812353920191526
1s72.cif,715,0,715,GCCGUCUU,727,,G,734,,U,"0:727,0:728,0:729,0:730,0:731,0:732,0:733,0:734",GAT,exact-facility-location-gat_v9.pkl,1,False,0.0007882430218160152
1s72.cif,716,0,716,CCGUCUUC,728,,C,735,,C,"0:728,0:729,0:730,0:731,0:732,0:733,0:734,0:735",GAT,exact-facility-location-gat_v9.pkl,1,False,0.00037507328670471907
1s72.cif,717,0,717,CGUCUUCA,729,,C,736,,A,"0:729,0:730,0:731,0:732,0:733,0:734,0:735,0:736",GAT,exact-facility-location-gat_v9.pkl,1,False,0.007224673870950937
1s72.cif,718,0,718,GUCUUCAA,730,,G,737,,A,"0:730,0:731,0:732,0:733,0:734,0:735,0:736,0:737",GAT,exact-facility-location-gat_v9.pkl,1,False,0.007041658740490675
1s72.cif,719,0,719,UCUUCAAG,731,,U,738,,G,"0:731,0:732,0:733,0:734,0:735,0:736,0:737,0:738",GAT,exact-facility-location-gat_v9.pkl,1,False,0.008853252977132797
1s72.cif,720,0,720,CUUCAAGG,732,,C,739,,G,"0:732,0:733,0:734,0:735,0:736,0:737,0:738,0:739",GAT,exact-facility-location-gat_v9.pkl,1,False,0.47680559754371643
1s72.cif,721,0,721,UUCAAGGG,733,,U,740,,G,"0:733,0:734,0:735,0:736,0:737,0:738,0:739,0:740",GAT,exact-facility-location-gat_v9.pkl,1,False,0.01517376396805048
1s72.cif,722,0,722,UCAAGGGC,734,,U,741,,C,"0:734,0:735,0:736,0:737,0:738,0:739,0:740,0:741",GAT,exact-facility-location-gat_v9.pkl,1,False,0.005123777315020561
1s72.cif,723,0,723,CAAGGGCG,735,,C,742,,G,"0:735,0:736,0:737,0:738,0:739,0:740,0:741,0:742",GAT,exact-facility-location-gat_v9.pkl,1,False,0.0003154564765281975
1s72.cif,724,0,724,AAGGGCGG,736,,A,743,,G,"0:736,0:737,0:738,0:739,0:740,0:741,0:742,0:743",GAT,exact-facility-location-gat_v9.pkl,1,False,0.00044822777272202075
1s72.cif,725,0,725,AGGGCGGG,737,,A,744,,G,"0:737,0:738,0:739,0:740,0:741,0:742,0:743,0:744",GAT,exact-facility-location-gat_v9.pkl,1,False,0.0004435555310919881
1s72.cif,726,0,726,GGGCGGGG,738,,G,745,,G,"0:738,0:739,0:740,0:741,0:742,0:743,0:744,0:745",GAT,exact-facility-location-gat_v9.pkl,1,False,0.0002511575585231185
1s72.cif,727,0,727,GGCGGGGA,739,,G,746,,A,"0:739,0:740,0:741,0:742,0:743,0:744,0:745,0:746",GAT,exact-facility-location-gat_v9.pkl,1,False,0.00014476722571998835
1s72.cif,728,0,728,GCGGGGAG,740,,G,747,,G,"0:740,0:741,0:742,0:743,0:744,0:745,0:746,0:747",GAT,exact-facility-location-gat_v9.pkl,1,False,0.0002449221210554242
1s72.cif,729,0,729,CGGGGAGC,741,,C,748,,C,"0:741,0:742,0:743,0:744,0:745,0:746,0:747,0:748",GAT,exact-facility-location-gat_v9.pkl,1,False,0.0021508296485990286
1s72.cif,730,0,730,GGGGAGCC,742,,G,749,,C,"0:742,0:743,0:744,0:745,0:746,0:747,0:748,0:749",GAT,exact-facility-location-gat_v9.pkl,1,False,9.424864401808009e-05
1s72.cif,731,0,731,GGGAGCCA,743,,G,750,,A,"0:743,0:744,0:745,0:746,0:747,0:748,0:749,0:750",GAT,exact-facility-location-gat_v9.pkl,1,False,3.113663842668757e-05
1s72.cif,732,0,732,GGAGCCAU,744,,G,751,,U,"0:744,0:745,0:746,0:747,0:748,0:749,0:750,0:751",GAT,exact-facility-location-gat_v9.pkl,1,False,9.057875286089256e-05
1s72.cif,733,0,733,GAGCCAUG,745,,G,752,,G,"0:745,0:746,0:747,0:748,0:749,0:750,0:751,0:752",GAT,exact-facility-location-gat_v9.pkl,1,False,0.0004942702944390476
1s72.cif,734,0,734,AGCCAUGU,746,,A,753,,U,"0:746,0:747,0:748,0:749,0:750,0:751,0:752,0:753",GAT,exact-facility-location-gat_v9.pkl,1,False,0.0006071259267628193
1s72.cif,735,0,735,GCCAUGUG,747,,G,754,,G,"0:747,0:748,0:749,0:750,0:751,0:752,0:753,0:754",GAT,exact-facility-location-gat_v9.pkl,1,False,0.0011441250098869205
1s72.cif,736,0,736,CCAUGUGG,748,,C,755,,G,"0:748,0:749,0:750,0:751,0:752,0:753,0:754,0:755",GAT,exact-facility-location-gat_v9.pkl,1,False,0.0012103774351999164
1s72.cif,737,0,737,CAUGUGGA,749,,C,756,,A,"0:749,0:750,0:751,0:752,0:753,0:754,0:755,0:756",GAT,exact-facility-location-gat_v9.pkl,1,False,0.001224767416715622
1s72.cif,738,0,738,AUGUGGAC,750,,A,757,,C,"0:750,0:751,0:752,0:753,0:754,0:755,0:756,0:757",GAT,exact-facility-location-gat_v9.pkl,1,False,0.0007340487209148705
1s72.cif,739,0,739,UGUGGACA,751,,U,758,,A,"0:751,0:752,0:753,0:754,0:755,0:756,0:757,0:758",GAT,exact-facility-location-gat_v9.pkl,1,False,0.0007536806515417993
1s72.cif,740,0,740,GUGGACAC,752,,G,759,,C,"0:752,0:753,0:754,0:755,0:756,0:757,0:758,0:759",GAT,exact-facility-location-gat_v9.pkl,1,False,0.0007745528710074723
1s72.cif,741,0,741,UGGACACG,753,,U,760,,G,"0:753,0:754,0:755,0:756,0:757,0:758,0:759,0:760",GAT,exact-facility-location-gat_v9.pkl,1,False,0.00044785745558328927
1s72.cif,742,0,742,GGACACGA,754,,G,761,,A,"0:754,0:755,0:756,0:757,0:758,0:759,0:760,0:761",GAT,exact-facility-location-gat_v9.pkl,1,False,0.018823906779289246
1s72.cif,743,0,743,GACACGAC,755,,G,762,,C,"0:755,0:756,0:757,0:758,0:759,0:760,0:761,0:762",GAT,exact-facility-location-gat_v9.pkl,1,False,0.005810558795928955
1s72.cif,744,0,744,ACACGACC,756,,A,763,,C,"0:756,0:757,0:758,0:759,0:760,0:761,0:762,0:763",GAT,exact-facility-location-gat_v9.pkl,1,False,0.0013027596287429333
1s72.cif,745,0,745,CACGACCC,757,,C,764,,C,"0:757,0:758,0:759,0:760,0:761,0:762,0:763,0:764",GAT,exact-facility-location-gat_v9.pkl,1,False,0.00016055974992923439
1s72.cif,746,0,746,ACGACCCG,758,,A,765,,G,"0:758,0:759,0:760,0:761,0:762,0:763,0:764,0:765",GAT,exact-facility-location-gat_v9.pkl,1,False,0.00047313713002949953
1s72.cif,747,0,747,CGACCCGA,759,,C,766,,A,"0:759,0:760,0:761,0:762,0:763,0:764,0:765,0:766",GAT,exact-facility-location-gat_v9.pkl,1,False,0.004860650282353163
1s72.cif,748,0,748,GACCCGAA,760,,G,767,,A,"0:760,0:761,0:762,0:763,0:764,0:765,0:766,0:767",GAT,exact-facility-location-gat_v9.pkl,1,False,0.010174747556447983
1s72.cif,749,0,749,ACCCGAAU,761,,A,768,,U,"0:761,0:762,0:763,0:764,0:765,0:766,0:767,0:768",GAT,exact-facility-location-gat_v9.pkl,1,False,0.010135471820831299
1s72.cif,750,0,750,CCCGAAUC,762,,C,769,,C,"0:762,0:763,0:764,0:765,0:766,0:767,0:768,0:769",GAT,exact-facility-location-gat_v9.pkl,1,False,0.003181201172992587
1s72.cif,751,0,751,CCGAAUCC,763,,C,770,,C,"0:763,0:764,0:765,0:766,0:767,0:768,0:769,0:770",GAT,exact-facility-location-gat_v9.pkl,1,False,0.004754509776830673
1s72.cif,752,0,752,CGAAUCCG,764,,C,771,,G,"0:764,0:765,0:766,0:767,0:768,0:769,0:770,0:771",GAT,exact-facility-location-gat_v9.pkl,1,False,0.00314059155061841
1s72.cif,753,0,753,GAAUCCGG,765,,G,772,,G,"0:765,0:766,0:767,0:768,0:769,0:770,0:771,0:772",GAT,exact-facility-location-gat_v9.pkl,1,False,0.0009809592738747597
1s72.cif,754,0,754,AAUCCGGA,766,,A,773,,A,"0:766,0:767,0:768,0:769,0:770,0:771,0:772,0:773",GAT,exact-facility-location-gat_v9.pkl,1,False,0.0017586529720574617
1s72.cif,755,0,755,AUCCGGAC,767,,A,774,,C,"0:767,0:768,0:769,0:770,0:771,0:772,0:773,0:774",GAT,exact-facility-location-gat_v9.pkl,1,False,0.004249221179634333
1s72.cif,756,0,756,UCCGGACG,768,,U,775,,G,"0:768,0:769,0:770,0:771,0:772,0:773,0:774,0:775",GAT,exact-facility-location-gat_v9.pkl,1,False,0.001065748161636293
1s72.cif,757,0,757,CCGGACGA,769,,C,776,,A,"0:769,0:770,0:771,0:772,0:773,0:774,0:775,0:776",GAT,exact-facility-location-gat_v9.pkl,1,False,0.0005438023363240063
1s72.cif,758,0,758,CGGACGAU,770,,C,777,,U,"0:770,0:771,0:772,0:773,0:774,0:775,0:776,0:777",GAT,exact-facility-location-gat_v9.pkl,1,False,0.00022861870820634067
1s72.cif,759,0,759,GGACGAUC,771,,G,778,,C,"0:771,0:772,0:773,0:774,0:775,0:776,0:777,0:778",GAT,exact-facility-location-gat_v9.pkl,1,False,0.00013483261864166707
1s72.cif,760,0,760,GACGAUCU,772,,G,779,,U,"0:772,0:773,0:774,0:775,0:776,0:777,0:778,0:779",GAT,exact-facility-location-gat_v9.pkl,1,False,9.054307884071022e-05
1s72.cif,761,0,761,ACGAUCUA,773,,A,780,,A,"0:773,0:774,0:775,0:776,0:777,0:778,0:779,0:780",GAT,exact-facility-location-gat_v9.pkl,1,False,0.00010563556134002283
1s72.cif,762,0,762,CGAUCUAC,774,,C,781,,C,"0:774,0:775,0:776,0:777,0:778,0:779,0:780,0:781",GAT,exact-facility-location-gat_v9.pkl,1,False,0.0002613327815197408
1s72.cif,763,0,763,GAUCUACG,775,,G,782,,G,"0:775,0:776,0:777,0:778,0:779,0:780,0:781,0:782",GAT,exact-facility-location-gat_v9.pkl,1,False,0.0011721312766894698
1s72.cif,764,0,764,AUCUACGC,776,,A,783,,C,"0:776,0:777,0:778,0:779,0:780,0:781,0:782,0:783",GAT,exact-facility-location-gat_v9.pkl,1,False,0.004734043497592211
1s72.cif,765,0,765,UCUACGCA,777,,U,784,,A,"0:777,0:778,0:779,0:780,0:781,0:782,0:783,0:784",GAT,exact-facility-location-gat_v9.pkl,1,False,0.002332641277462244
1s72.cif,766,0,766,CUACGCAU,778,,C,785,,U,"0:778,0:779,0:780,0:781,0:782,0:783,0:784,0:785",GAT,exact-facility-location-gat_v9.pkl,1,False,0.001225335174240172
1s72.cif,767,0,767,UACGCAUG,779,,U,786,,G,"0:779,0:780,0:781,0:782,0:783,0:784,0:785,0:786",GAT,exact-facility-location-gat_v9.pkl,1,False,0.0007820488535799086
1s72.cif,768,0,768,ACGCAUGG,780,,A,787,,G,"0:780,0:781,0:782,0:783,0:784,0:785,0:786,0:787",GAT,exact-facility-location-gat_v9.pkl,1,False,0.0009108289959840477
1s72.cif,769,0,769,CGCAUGGA,781,,C,788,,A,"0:781,0:782,0:783,0:784,0:785,0:786,0:787,0:788",GAT,exact-facility-location-gat_v9.pkl,1,False,0.0015101920580491424
1s72.cif,770,0,770,GCAUGGAC,782,,G,789,,C,"0:782,0:783,0:784,0:785,0:786,0:787,0:788,0:789",GAT,exact-facility-location-gat_v9.pkl,1,False,0.0010531482985243201
1s72.cif,771,0,771,CAUGGACA,783,,C,790,,A,"0:783,0:784,0:785,0:786,0:787,0:788,0:789,0:790",GAT,exact-facility-location-gat_v9.pkl,1,False,0.0001845055230660364
1s72.cif,772,0,772,AUGGACAA,784,,A,791,,A,"0:784,0:785,0:786,0:787,0:788,0:789,0:790,0:791",GAT,exact-facility-location-gat_v9.pkl,1,False,3.145976006635465e-05
1s72.cif,773,0,773,UGGACAAG,785,,U,792,,G,"0:785,0:786,0:787,0:788,0:789,0:790,0:791,0:792",GAT,exact-facility-location-gat_v9.pkl,1,False,3.6327142879599705e-05
1s72.cif,774,0,774,GGACAAGA,786,,G,793,,A,"0:786,0:787,0:788,0:789,0:790,0:791,0:792,0:793",GAT,exact-facility-location-gat_v9.pkl,1,False,0.00012889067875221372
1s72.cif,775,0,775,GACAAGAU,787,,G,794,,U,"0:787,0:788,0:789,0:790,0:791,0:792,0:793,0:794",GAT,exact-facility-location-gat_v9.pkl,1,False,0.0013777961721643806
1s72.cif,776,0,776,ACAAGAUG,788,,A,795,,G,"0:788,0:789,0:790,0:791,0:792,0:793,0:794,0:795",GAT,exact-facility-location-gat_v9.pkl,1,False,0.00230273581109941
1s72.cif,777,0,777,CAAGAUGA,789,,C,796,,A,"0:789,0:790,0:791,0:792,0:793,0:794,0:795,0:796",GAT,exact-facility-location-gat_v9.pkl,1,False,0.0031333474908024073
1s72.cif,778,0,778,AAGAUGAA,790,,A,797,,A,"0:790,0:791,0:792,0:793,0:794,0:795,0:796,0:797",GAT,exact-facility-location-gat_v9.pkl,1,False,0.00167045125272125
1s72.cif,779,0,779,AGAUGAAG,791,,A,798,,G,"0:791,0:792,0:793,0:794,0:795,0:796,0:797,0:798",GAT,exact-facility-location-gat_v9.pkl,1,False,0.003028759267181158
1s72.cif,780,0,780,GAUGAAGC,792,,G,799,,C,"0:792,0:793,0:794,0:795,0:796,0:797,0:798,0:799",GAT,exact-facility-location-gat_v9.pkl,1,False,0.0016489492263644934
1s72.cif,781,0,781,AUGAAGCG,793,,A,800,,G,"0:793,0:794,0:795,0:796,0:797,0:798,0:799,0:800",GAT,exact-facility-location-gat_v9.pkl,1,False,0.00013124111865181476
1s72.cif,782,0,782,UGAAGCGU,794,,U,801,,U,"0:794,0:795,0:796,0:797,0:798,0:799,0:800,0:801",GAT,exact-facility-location-gat_v9.pkl,1,False,0.0005145446048118174
1s72.cif,783,0,783,GAAGCGUG,795,,G,802,,G,"0:795,0:796,0:797,0:798,0:799,0:800,0:801,0:802",GAT,exact-facility-location-gat_v9.pkl,1,False,0.0004352318646851927
1s72.cif,784,0,784,AAGCGUGC,796,,A,803,,C,"0:796,0:797,0:798,0:799,0:800,0:801,0:802,0:803",GAT,exact-facility-location-gat_v9.pkl,1,False,0.0005250460235401988
1s72.cif,785,0,785,AGCGUGCC,797,,A,804,,C,"0:797,0:798,0:799,0:800,0:801,0:802,0:803,0:804",GAT,exact-facility-location-gat_v9.pkl,1,False,0.00069938920205459
1s72.cif,786,0,786,GCGUGCCG,798,,G,805,,G,"0:798,0:799,0:800,0:801,0:802,0:803,0:804,0:805",GAT,exact-facility-location-gat_v9.pkl,1,False,0.0007783663459122181
1s72.cif,787,0,787,CGUGCCGA,799,,C,806,,A,"0:799,0:800,0:801,0:802,0:803,0:804,0:805,0:806",GAT,exact-facility-location-gat_v9.pkl,1,False,0.0004542561655398458
1s72.cif,788,0,788,GUGCCGAA,800,,G,807,,A,"0:800,0:801,0:802,0:803,0:804,0:805,0:806,0:807",GAT,exact-facility-location-gat_v9.pkl,1,False,0.009436690248548985
1s72.cif,789,0,789,UGCCGAAA,801,,U,808,,A,"0:801,0:802,0:803,0:804,0:805,0:806,0:807,0:808",GAT,exact-facility-location-gat_v9.pkl,1,False,0.007482333108782768
1s72.cif,790,0,790,GCCGAAAG,802,,G,809,,G,"0:802,0:803,0:804,0:805,0:806,0:807,0:808,0:809",GAT,exact-facility-location-gat_v9.pkl,1,False,0.013693184591829777
1s72.cif,791,0,791,CCGAAAGG,803,,C,810,,G,"0:803,0:804,0:805,0:806,0:807,0:808,0:809,0:810",GAT,exact-facility-location-gat_v9.pkl,1,True,0.9561007618904114
1s72.cif,792,0,792,CGAAAGGC,804,,C,811,,C,"0:804,0:805,0:806,0:807,0:808,0:809,0:810,0:811",GAT,exact-facility-location-gat_v9.pkl,1,False,0.05118836835026741
1s72.cif,793,0,793,GAAAGGCA,805,,G,812,,A,"0:805,0:806,0:807,0:808,0:809,0:810,0:811,0:812",GAT,exact-facility-location-gat_v9.pkl,1,False,0.00669868616387248
1s72.cif,794,0,794,AAAGGCAC,806,,A,813,,C,"0:806,0:807,0:808,0:809,0:810,0:811,0:812,0:813",GAT,exact-facility-location-gat_v9.pkl,1,False,0.000488357269205153
1s72.cif,795,0,795,AAGGCACG,807,,A,814,,G,"0:807,0:808,0:809,0:810,0:811,0:812,0:813,0:814",GAT,exact-facility-location-gat_v9.pkl,1,False,0.0006407262990251184
1s72.cif,796,0,796,AGGCACGU,808,,A,815,,U,"0:808,0:809,0:810,0:811,0:812,0:813,0:814,0:815",GAT,exact-facility-location-gat_v9.pkl,1,False,0.0007530926959589124
1s72.cif,797,0,797,GGCACGUG,809,,G,816,,G,"0:809,0:810,0:811,0:812,0:813,0:814,0:815,0:816",GAT,exact-facility-location-gat_v9.pkl,1,False,0.0008885787683539093
1s72.cif,798,0,798,GCACGUGG,810,,G,817,,G,"0:810,0:811,0:812,0:813,0:814,0:815,0:816,0:817",GAT,exact-facility-location-gat_v9.pkl,1,False,0.00046575639862567186
1s72.cif,799,0,799,CACGUGGA,811,,C,818,,A,"0:811,0:812,0:813,0:814,0:815,0:816,0:817,0:818",GAT,exact-facility-location-gat_v9.pkl,1,False,0.0023734269198030233
1s72.cif,800,0,800,ACGUGGAA,812,,A,819,,A,"0:812,0:813,0:814,0:815,0:816,0:817,0:818,0:819",GAT,exact-facility-location-gat_v9.pkl,1,False,0.001574507332406938
1s72.cif,801,0,801,CGUGGAAG,813,,C,820,,G,"0:813,0:814,0:815,0:816,0:817,0:818,0:819,0:820",GAT,exact-facility-location-gat_v9.pkl,1,False,0.0005113590159453452
1s72.cif,802,0,802,GUGGAAGU,814,,G,821,,U,"0:814,0:815,0:816,0:817,0:818,0:819,0:820,0:821",GAT,exact-facility-location-gat_v9.pkl,1,False,0.0014008252182975411
1s72.cif,803,0,803,UGGAAGUC,815,,U,822,,C,"0:815,0:816,0:817,0:818,0:819,0:820,0:821,0:822",GAT,exact-facility-location-gat_v9.pkl,1,False,0.00163470848929137
1s72.cif,804,0,804,GGAAGUCU,816,,G,823,,U,"0:816,0:817,0:818,0:819,0:820,0:821,0:822,0:823",GAT,exact-facility-location-gat_v9.pkl,1,False,0.005708959419280291
1s72.cif,805,0,805,GAAGUCUG,817,,G,824,,G,"0:817,0:818,0:819,0:820,0:821,0:822,0:823,0:824",GAT,exact-facility-location-gat_v9.pkl,1,False,0.0012231067521497607
1s72.cif,806,0,806,AAGUCUGU,818,,A,825,,U,"0:818,0:819,0:820,0:821,0:822,0:823,0:824,0:825",GAT,exact-facility-location-gat_v9.pkl,1,False,0.00019192385661881417
1s72.cif,807,0,807,AGUCUGUU,819,,A,826,,U,"0:819,0:820,0:821,0:822,0:823,0:824,0:825,0:826",GAT,exact-facility-location-gat_v9.pkl,1,False,0.017608916386961937
1s72.cif,808,0,808,GUCUGUUA,820,,G,827,,A,"0:820,0:821,0:822,0:823,0:824,0:825,0:826,0:827",GAT,exact-facility-location-gat_v9.pkl,1,False,0.0052677239291369915
1s72.cif,809,0,809,UCUGUUAG,821,,U,828,,G,"0:821,0:822,0:823,0:824,0:825,0:826,0:827,0:828",GAT,exact-facility-location-gat_v9.pkl,1,False,0.011247795075178146
1s72.cif,810,0,810,CUGUUAGA,822,,C,829,,A,"0:822,0:823,0:824,0:825,0:826,0:827,0:828,0:829",GAT,exact-facility-location-gat_v9.pkl,1,False,0.003075749846175313
1s72.cif,811,0,811,UGUUAGAG,823,,U,830,,G,"0:823,0:824,0:825,0:826,0:827,0:828,0:829,0:830",GAT,exact-facility-location-gat_v9.pkl,1,False,0.003406163305044174
1s72.cif,812,0,812,GUUAGAGU,824,,G,831,,U,"0:824,0:825,0:826,0:827,0:828,0:829,0:830,0:831",GAT,exact-facility-location-gat_v9.pkl,1,False,0.0036247549578547478
1s72.cif,813,0,813,UUAGAGUU,825,,U,832,,U,"0:825,0:826,0:827,0:828,0:829,0:830,0:831,0:832",GAT,exact-facility-location-gat_v9.pkl,1,False,0.04440266638994217
1s72.cif,814,0,814,UAGAGUUG,826,,U,833,,G,"0:826,0:827,0:828,0:829,0:830,0:831,0:832,0:833",GAT,exact-facility-location-gat_v9.pkl,1,False,0.0025172242894768715
1s72.cif,815,0,815,AGAGUUGG,827,,A,834,,G,"0:827,0:828,0:829,0:830,0:831,0:832,0:833,0:834",GAT,exact-facility-location-gat_v9.pkl,1,False,0.007220844738185406
1s72.cif,816,0,816,GAGUUGGU,828,,G,835,,U,"0:828,0:829,0:830,0:831,0:832,0:833,0:834,0:835",GAT,exact-facility-location-gat_v9.pkl,1,False,0.0013339592842385173
1s72.cif,817,0,817,AGUUGGUG,829,,A,836,,G,"0:829,0:830,0:831,0:832,0:833,0:834,0:835,0:836",GAT,exact-facility-location-gat_v9.pkl,1,False,0.0003545269137248397
1s72.cif,818,0,818,GUUGGUGU,830,,G,837,,U,"0:830,0:831,0:832,0:833,0:834,0:835,0:836,0:837",GAT,exact-facility-location-gat_v9.pkl,1,False,0.0016105014365166426
1s72.cif,819,0,819,UUGGUGUC,831,,U,838,,C,"0:831,0:832,0:833,0:834,0:835,0:836,0:837,0:838",GAT,exact-facility-location-gat_v9.pkl,1,False,0.0017350618727505207
1s72.cif,820,0,820,UGGUGUCC,832,,U,839,,C,"0:832,0:833,0:834,0:835,0:836,0:837,0:838,0:839",GAT,exact-facility-location-gat_v9.pkl,1,False,0.00020383861556183547
1s72.cif,821,0,821,GGUGUCCU,833,,G,840,,U,"0:833,0:834,0:835,0:836,0:837,0:838,0:839,0:840",GAT,exact-facility-location-gat_v9.pkl,1,False,9.672981104813516e-05
1s72.cif,822,0,822,GUGUCCUA,834,,G,841,,A,"0:834,0:835,0:836,0:837,0:838,0:839,0:840,0:841",GAT,exact-facility-location-gat_v9.pkl,1,False,0.0002884326095227152
1s72.cif,823,0,823,UGUCCUAC,835,,U,842,,C,"0:835,0:836,0:837,0:838,0:839,0:840,0:841,0:842",GAT,exact-facility-location-gat_v9.pkl,1,False,7.09413579897955e-05
1s72.cif,824,0,824,GUCCUACA,836,,G,843,,A,"0:836,0:837,0:838,0:839,0:840,0:841,0:842,0:843",GAT,exact-facility-location-gat_v9.pkl,1,False,0.00022758757404517382
1s72.cif,825,0,825,UCCUACAA,837,,U,844,,A,"0:837,0:838,0:839,0:840,0:841,0:842,0:843,0:844",GAT,exact-facility-location-gat_v9.pkl,1,False,0.0001516217307653278
1s72.cif,826,0,826,CCUACAAU,838,,C,845,,U,"0:838,0:839,0:840,0:841,0:842,0:843,0:844,0:845",GAT,exact-facility-location-gat_v9.pkl,1,False,0.0009535971330478787
1s72.cif,827,0,827,CUACAAUA,839,,C,846,,A,"0:839,0:840,0:841,0:842,0:843,0:844,0:845,0:846",GAT,exact-facility-location-gat_v9.pkl,1,False,0.0007884904625825584
1s72.cif,828,0,828,UACAAUAC,840,,U,847,,C,"0:840,0:841,0:842,0:843,0:844,0:845,0:846,0:847",GAT,exact-facility-location-gat_v9.pkl,1,False,0.00021728819410782307
1s72.cif,829,0,829,ACAAUACC,841,,A,848,,C,"0:841,0:842,0:843,0:844,0:845,0:846,0:847,0:848",GAT,exact-facility-location-gat_v9.pkl,1,False,0.003465155139565468
1s72.cif,830,0,830,CAAUACCC,842,,C,849,,C,"0:842,0:843,0:844,0:845,0:846,0:847,0:848,0:849",GAT,exact-facility-location-gat_v9.pkl,1,False,8.87113346834667e-05
1s72.cif,831,0,831,AAUACCCU,843,,A,850,,U,"0:843,0:844,0:845,0:846,0:847,0:848,0:849,0:850",GAT,exact-facility-location-gat_v9.pkl,1,False,0.0012234931346029043
1s72.cif,832,0,832,AUACCCUC,844,,A,851,,C,"0:844,0:845,0:846,0:847,0:848,0:849,0:850,0:851",GAT,exact-facility-location-gat_v9.pkl,1,False,0.001738706137984991
1s72.cif,833,0,833,UACCCUCU,845,,U,852,,U,"0:845,0:846,0:847,0:848,0:849,0:850,0:851,0:852",GAT,exact-facility-location-gat_v9.pkl,1,False,0.0011660841992124915
1s72.cif,834,0,834,ACCCUCUC,846,,A,853,,C,"0:846,0:847,0:848,0:849,0:850,0:851,0:852,0:853",GAT,exact-facility-location-gat_v9.pkl,1,False,0.0005776222096756101
1s72.cif,835,0,835,CCCUCUCG,847,,C,854,,G,"0:847,0:848,0:849,0:850,0:851,0:852,0:853,0:854",GAT,exact-facility-location-gat_v9.pkl,1,False,0.0003414069942664355
1s72.cif,836,0,836,CCUCUCGU,848,,C,855,,U,"0:848,0:849,0:850,0:851,0:852,0:853,0:854,0:855",GAT,exact-facility-location-gat_v9.pkl,1,False,0.00015517178690060973
1s72.cif,837,0,837,CUCUCGUG,849,,C,856,,G,"0:849,0:850,0:851,0:852,0:853,0:854,0:855,0:856",GAT,exact-facility-location-gat_v9.pkl,1,False,0.00016117484483402222
1s72.cif,838,0,838,UCUCGUGA,850,,U,857,,A,"0:850,0:851,0:852,0:853,0:854,0:855,0:856,0:857",GAT,exact-facility-location-gat_v9.pkl,1,False,6.645308894803748e-05
1s72.cif,839,0,839,CUCGUGAU,851,,C,858,,U,"0:851,0:852,0:853,0:854,0:855,0:856,0:857,0:858",GAT,exact-facility-location-gat_v9.pkl,1,False,0.0002955572563223541
1s72.cif,840,0,840,UCGUGAUC,852,,U,859,,C,"0:852,0:853,0:854,0:855,0:856,0:857,0:858,0:859",GAT,exact-facility-location-gat_v9.pkl,1,False,0.00047624888247810304
1s72.cif,841,0,841,CGUGAUCU,853,,C,860,,U,"0:853,0:854,0:855,0:856,0:857,0:858,0:859,0:860",GAT,exact-facility-location-gat_v9.pkl,1,False,0.0003983011411037296
1s72.cif,842,0,842,GUGAUCUA,854,,G,861,,A,"0:854,0:855,0:856,0:857,0:858,0:859,0:860,0:861",GAT,exact-facility-location-gat_v9.pkl,1,False,0.00045357790077105165
1s72.cif,843,0,843,UGAUCUAU,855,,U,862,,U,"0:855,0:856,0:857,0:858,0:859,0:860,0:861,0:862",GAT,exact-facility-location-gat_v9.pkl,1,False,0.0005542402504943311
1s72.cif,844,0,844,GAUCUAUG,856,,G,863,,G,"0:856,0:857,0:858,0:859,0:860,0:861,0:862,0:863",GAT,exact-facility-location-gat_v9.pkl,1,False,0.011865057051181793
1s72.cif,845,0,845,AUCUAUGU,857,,A,864,,U,"0:857,0:858,0:859,0:860,0:861,0:862,0:863,0:864",GAT,exact-facility-location-gat_v9.pkl,1,False,0.009222283959388733
1s72.cif,846,0,846,UCUAUGUG,858,,U,865,,G,"0:858,0:859,0:860,0:861,0:862,0:863,0:864,0:865",GAT,exact-facility-location-gat_v9.pkl,1,False,0.0009463761816732585
1s72.cif,847,0,847,CUAUGUGU,859,,C,866,,U,"0:859,0:860,0:861,0:862,0:863,0:864,0:865,0:866",GAT,exact-facility-location-gat_v9.pkl,1,False,0.0008451275061815977
1s72.cif,848,0,848,UAUGUGUA,860,,U,867,,A,"0:860,0:861,0:862,0:863,0:864,0:865,0:866,0:867",GAT,exact-facility-location-gat_v9.pkl,1,False,0.0003501753672026098
1s72.cif,849,0,849,AUGUGUAG,861,,A,868,,G,"0:861,0:862,0:863,0:864,0:865,0:866,0:867,0:868",GAT,exact-facility-location-gat_v9.pkl,1,False,0.0008839625515975058
1s72.cif,850,0,850,UGUGUAGG,862,,U,869,,G,"0:862,0:863,0:864,0:865,0:866,0:867,0:868,0:869",GAT,exact-facility-location-gat_v9.pkl,1,False,0.0005471414769999683
1s72.cif,851,0,851,GUGUAGGG,863,,G,870,,G,"0:863,0:864,0:865,0:866,0:867,0:868,0:869,0:870",GAT,exact-facility-location-gat_v9.pkl,1,False,0.00020551341003738344
1s72.cif,852,0,852,UGUAGGGG,864,,U,871,,G,"0:864,0:865,0:866,0:867,0:868,0:869,0:870,0:871",GAT,exact-facility-location-gat_v9.pkl,1,False,0.009678064845502377
1s72.cif,853,0,853,GUAGGGGU,865,,G,872,,U,"0:865,0:866,0:867,0:868,0:869,0:870,0:871,0:872",GAT,exact-facility-location-gat_v9.pkl,1,False,0.0069137318059802055
1s72.cif,854,0,854,UAGGGGUG,866,,U,873,,G,"0:866,0:867,0:868,0:869,0:870,0:871,0:872,0:873",GAT,exact-facility-location-gat_v9.pkl,1,False,0.003311342792585492
1s72.cif,855,0,855,AGGGGUGA,867,,A,874,,A,"0:867,0:868,0:869,0:870,0:871,0:872,0:873,0:874",GAT,exact-facility-location-gat_v9.pkl,1,False,0.00047564139822497964
1s72.cif,856,0,856,GGGGUGAA,868,,G,875,,A,"0:868,0:869,0:870,0:871,0:872,0:873,0:874,0:875",GAT,exact-facility-location-gat_v9.pkl,1,False,0.006429930217564106
1s72.cif,857,0,857,GGGUGAAA,869,,G,876,,A,"0:869,0:870,0:871,0:872,0:873,0:874,0:875,0:876",GAT,exact-facility-location-gat_v9.pkl,1,False,0.012604417279362679
1s72.cif,858,0,858,GGUGAAAG,870,,G,877,,G,"0:870,0:871,0:872,0:873,0:874,0:875,0:876,0:877",GAT,exact-facility-location-gat_v9.pkl,1,False,0.005488168448209763
1s72.cif,859,0,859,GUGAAAGG,871,,G,878,,G,"0:871,0:872,0:873,0:874,0:875,0:876,0:877,0:878",GAT,exact-facility-location-gat_v9.pkl,1,False,0.19401393830776215
1s72.cif,860,0,860,UGAAAGGC,872,,U,879,,C,"0:872,0:873,0:874,0:875,0:876,0:877,0:878,0:879",GAT,exact-facility-location-gat_v9.pkl,1,False,0.015231375582516193
1s72.cif,861,0,861,GAAAGGCC,873,,G,880,,C,"0:873,0:874,0:875,0:876,0:877,0:878,0:879,0:880",GAT,exact-facility-location-gat_v9.pkl,1,False,0.006073974538594484
1s72.cif,862,0,862,AAAGGCCC,874,,A,881,,C,"0:874,0:875,0:876,0:877,0:878,0:879,0:880,0:881",GAT,exact-facility-location-gat_v9.pkl,1,False,0.0003252314345445484
1s72.cif,863,0,863,AAGGCCCA,875,,A,882,,A,"0:875,0:876,0:877,0:878,0:879,0:880,0:881,0:882",GAT,exact-facility-location-gat_v9.pkl,1,False,0.0003018774732481688
1s72.cif,864,0,864,AGGCCCAU,876,,A,883,,U,"0:876,0:877,0:878,0:879,0:880,0:881,0:882,0:883",GAT,exact-facility-location-gat_v9.pkl,1,False,0.005397922359406948
1s72.cif,865,0,865,GGCCCAUC,877,,G,884,,C,"0:877,0:878,0:879,0:880,0:881,0:882,0:883,0:884",GAT,exact-facility-location-gat_v9.pkl,1,False,0.006553908344358206
1s72.cif,866,0,866,GCCCAUCG,878,,G,885,,G,"0:878,0:879,0:880,0:881,0:882,0:883,0:884,0:885",GAT,exact-facility-location-gat_v9.pkl,1,False,0.08970566838979721
1s72.cif,867,0,867,CCCAUCGA,879,,C,886,,A,"0:879,0:880,0:881,0:882,0:883,0:884,0:885,0:886",GAT,exact-facility-location-gat_v9.pkl,1,False,0.0013928143307566643
1s72.cif,868,0,868,CCAUCGAG,880,,C,887,,G,"0:880,0:881,0:882,0:883,0:884,0:885,0:886,0:887",GAT,exact-facility-location-gat_v9.pkl,1,False,0.01082021463662386
1s72.cif,869,0,869,CAUCGAGU,881,,C,888,,U,"0:881,0:882,0:883,0:884,0:885,0:886,0:887,0:888",GAT,exact-facility-location-gat_v9.pkl,1,False,0.010570438578724861
1s72.cif,870,0,870,AUCGAGUC,882,,A,889,,C,"0:882,0:883,0:884,0:885,0:886,0:887,0:888,0:889",GAT,exact-facility-location-gat_v9.pkl,1,False,0.0002137680712621659
1s72.cif,871,0,871,UCGAGUCC,883,,U,890,,C,"0:883,0:884,0:885,0:886,0:887,0:888,0:889,0:890",GAT,exact-facility-location-gat_v9.pkl,1,False,0.0006266467971727252
1s72.cif,872,0,872,CGAGUCCG,884,,C,891,,G,"0:884,0:885,0:886,0:887,0:888,0:889,0:890,0:891",GAT,exact-facility-location-gat_v9.pkl,1,False,0.009074392728507519
1s72.cif,873,0,873,GAGUCCGG,885,,G,892,,G,"0:885,0:886,0:887,0:888,0:889,0:890,0:891,0:892",GAT,exact-facility-location-gat_v9.pkl,1,False,0.035126496106386185
1s72.cif,874,0,874,AGUCCGGC,886,,A,893,,C,"0:886,0:887,0:888,0:889,0:890,0:891,0:892,0:893",GAT,exact-facility-location-gat_v9.pkl,1,False,0.0017804743256419897
1s72.cif,875,0,875,GUCCGGCA,887,,G,894,,A,"0:887,0:888,0:889,0:890,0:891,0:892,0:893,0:894",GAT,exact-facility-location-gat_v9.pkl,1,False,0.00024130202655214816
1s72.cif,876,0,876,UCCGGCAA,888,,U,895,,A,"0:888,0:889,0:890,0:891,0:892,0:893,0:894,0:895",GAT,exact-facility-location-gat_v9.pkl,1,False,0.0013939330819994211
1s72.cif,877,0,877,CCGGCAAC,889,,C,896,,C,"0:889,0:890,0:891,0:892,0:893,0:894,0:895,0:896",GAT,exact-facility-location-gat_v9.pkl,1,False,0.0005608895444311202
1s72.cif,878,0,878,CGGCAACA,890,,C,897,,A,"0:890,0:891,0:892,0:893,0:894,0:895,0:896,0:897",GAT,exact-facility-location-gat_v9.pkl,1,False,6.704581755911931e-05
1s72.cif,879,0,879,GGCAACAG,891,,G,898,,G,"0:891,0:892,0:893,0:894,0:895,0:896,0:897,0:898",GAT,exact-facility-location-gat_v9.pkl,1,False,1.0087621376442257e-05
1s72.cif,880,0,880,GCAACAGC,892,,G,899,,C,"0:892,0:893,0:894,0:895,0:896,0:897,0:898,0:899",GAT,exact-facility-location-gat_v9.pkl,1,False,0.00011092233762610704
1s72.cif,881,0,881,CAACAGCU,893,,C,900,,U,"0:893,0:894,0:895,0:896,0:897,0:898,0:899,0:900",GAT,exact-facility-location-gat_v9.pkl,1,False,0.008614924736320972
1s72.cif,882,0,882,AACAGCUG,894,,A,901,,G,"0:894,0:895,0:896,0:897,0:898,0:899,0:900,0:901",GAT,exact-facility-location-gat_v9.pkl,1,False,0.016058655455708504
1s72.cif,883,0,883,ACAGCUGG,895,,A,902,,G,"0:895,0:896,0:897,0:898,0:899,0:900,0:901,0:902",GAT,exact-facility-location-gat_v9.pkl,1,False,0.003953987266868353
1s72.cif,884,0,884,CAGCUGGU,896,,C,903,,U,"0:896,0:897,0:898,0:899,0:900,0:901,0:902,0:903",GAT,exact-facility-location-gat_v9.pkl,1,False,0.0008313966682180762
1s72.cif,885,0,885,AGCUGGUU,897,,A,904,,U,"0:897,0:898,0:899,0:900,0:901,0:902,0:903,0:904",GAT,exact-facility-location-gat_v9.pkl,1,False,0.0008453147020190954
1s72.cif,886,0,886,GCUGGUUC,898,,G,905,,C,"0:898,0:899,0:900,0:901,0:902,0:903,0:904,0:905",GAT,exact-facility-location-gat_v9.pkl,1,False,2.370001675444655e-05
1s72.cif,887,0,887,CUGGUUCC,899,,C,906,,C,"0:899,0:900,0:901,0:902,0:903,0:904,0:905,0:906",GAT,exact-facility-location-gat_v9.pkl,1,False,7.303156598936766e-05
1s72.cif,888,0,888,UGGUUCCA,900,,U,907,,A,"0:900,0:901,0:902,0:903,0:904,0:905,0:906,0:907",GAT,exact-facility-location-gat_v9.pkl,1,False,0.0013665726874023676
1s72.cif,889,0,889,GGUUCCAA,901,,G,908,,A,"0:901,0:902,0:903,0:904,0:905,0:906,0:907,0:908",GAT,exact-facility-location-gat_v9.pkl,1,False,0.0065846978686749935
1s72.cif,890,0,890,GUUCCAAU,902,,G,909,,U,"0:902,0:903,0:904,0:905,0:906,0:907,0:908,0:909",GAT,exact-facility-location-gat_v9.pkl,1,False,0.0139622138813138
1s72.cif,891,0,891,UUCCAAUC,903,,U,910,,C,"0:903,0:904,0:905,0:906,0:907,0:908,0:909,0:910",GAT,exact-facility-location-gat_v9.pkl,1,False,0.01160738617181778
1s72.cif,892,0,892,UCCAAUCG,904,,U,911,,G,"0:904,0:905,0:906,0:907,0:908,0:909,0:910,0:911",GAT,exact-facility-location-gat_v9.pkl,1,False,0.005472896154969931
1s72.cif,893,0,893,CCAAUCGA,905,,C,912,,A,"0:905,0:906,0:907,0:908,0:909,0:910,0:911,0:912",GAT,exact-facility-location-gat_v9.pkl,1,False,0.0026263785548508167
1s72.cif,894,0,894,CAAUCGAA,906,,C,913,,A,"0:906,0:907,0:908,0:909,0:910,0:911,0:912,0:913",GAT,exact-facility-location-gat_v9.pkl,1,False,0.005025387275964022
1s72.cif,895,0,895,AAUCGAAA,907,,A,914,,A,"0:907,0:908,0:909,0:910,0:911,0:912,0:913,0:914",GAT,exact-facility-location-gat_v9.pkl,1,False,0.0005444744601845741
1s72.cif,896,0,896,AUCGAAAC,908,,A,915,,C,"0:908,0:909,0:910,0:911,0:912,0:913,0:914,0:915",GAT,exact-facility-location-gat_v9.pkl,1,False,0.00011277135490672663
1s72.cif,897,0,897,UCGAAACA,909,,U,916,,A,"0:909,0:910,0:911,0:912,0:913,0:914,0:915,0:916",GAT,exact-facility-location-gat_v9.pkl,1,False,9.365448931930587e-05
1s72.cif,898,0,898,CGAAACAU,910,,C,917,,U,"0:910,0:911,0:912,0:913,0:914,0:915,0:916,0:917",GAT,exact-facility-location-gat_v9.pkl,1,False,0.0008883400587365031
1s72.cif,899,0,899,GAAACAUG,911,,G,918,,G,"0:911,0:912,0:913,0:914,0:915,0:916,0:917,0:918",GAT,exact-facility-location-gat_v9.pkl,1,False,0.0003044266486540437
1s72.cif,900,0,900,AAACAUGU,912,,A,919,,U,"0:912,0:913,0:914,0:915,0:916,0:917,0:918,0:919",GAT,exact-facility-location-gat_v9.pkl,1,False,0.0003468087816145271
1s72.cif,901,0,901,AACAUGUC,913,,A,920,,C,"0:913,0:914,0:915,0:916,0:917,0:918,0:919,0:920",GAT,exact-facility-location-gat_v9.pkl,1,False,0.0009769706521183252
1s72.cif,902,0,902,ACAUGUCG,914,,A,921,,G,"0:914,0:915,0:916,0:917,0:918,0:919,0:920,0:921",GAT,exact-facility-location-gat_v9.pkl,1,False,0.019064608961343765
1s72.cif,903,0,903,CAUGUCGA,915,,C,922,,A,"0:915,0:916,0:917,0:918,0:919,0:920,0:921,0:922",GAT,exact-facility-location-gat_v9.pkl,1,False,0.00853636022657156
1s72.cif,904,0,904,AUGUCGAA,916,,A,923,,A,"0:916,0:917,0:918,0:919,0:920,0:921,0:922,0:923",GAT,exact-facility-location-gat_v9.pkl,1,False,0.004496317822486162
1s72.cif,905,0,905,UGUCGAAG,917,,U,924,,G,"0:917,0:918,0:919,0:920,0:921,0:922,0:923,0:924",GAT,exact-facility-location-gat_v9.pkl,1,False,0.0011399899376556277
1s72.cif,906,0,906,GUCGAAGC,918,,G,925,,C,"0:918,0:919,0:920,0:921,0:922,0:923,0:924,0:925",GAT,exact-facility-location-gat_v9.pkl,1,False,0.010927784256637096
1s72.cif,907,0,907,UCGAAGCA,919,,U,926,,A,"0:919,0:920,0:921,0:922,0:923,0:924,0:925,0:926",GAT,exact-facility-location-gat_v9.pkl,1,False,0.021726010367274284
1s72.cif,908,0,908,CGAAGCAU,920,,C,927,,U,"0:920,0:921,0:922,0:923,0:924,0:925,0:926,0:927",GAT,exact-facility-location-gat_v9.pkl,1,False,0.0005112237413413823
1s72.cif,909,0,909,GAAGCAUG,921,,G,928,,G,"0:921,0:922,0:923,0:924,0:925,0:926,0:927,0:928",GAT,exact-facility-location-gat_v9.pkl,1,False,0.0012886690674349666
1s72.cif,910,0,910,AAGCAUGA,922,,A,929,,A,"0:922,0:923,0:924,0:925,0:926,0:927,0:928,0:929",GAT,exact-facility-location-gat_v9.pkl,1,False,0.0015089393127709627
1s72.cif,911,0,911,AGCAUGAC,923,,A,930,,C,"0:923,0:924,0:925,0:926,0:927,0:928,0:929,0:930",GAT,exact-facility-location-gat_v9.pkl,1,False,0.0015162223717197776
1s72.cif,912,0,912,GCAUGACC,924,,G,931,,C,"0:924,0:925,0:926,0:927,0:928,0:929,0:930,0:931",GAT,exact-facility-location-gat_v9.pkl,1,False,0.0005332847940735519
1s72.cif,913,0,913,CAUGACCU,925,,C,932,,U,"0:925,0:926,0:927,0:928,0:929,0:930,0:931,0:932",GAT,exact-facility-location-gat_v9.pkl,1,False,0.0004346845671534538
1s72.cif,914,0,914,AUGACCUC,926,,A,933,,C,"0:926,0:927,0:928,0:929,0:930,0:931,0:932,0:933",GAT,exact-facility-location-gat_v9.pkl,1,False,0.0004356087592896074
1s72.cif,915,0,915,UGACCUCC,927,,U,934,,C,"0:927,0:928,0:929,0:930,0:931,0:932,0:933,0:934",GAT,exact-facility-location-gat_v9.pkl,1,False,0.0006362515268847346
1s72.cif,916,0,916,GACCUCCG,928,,G,935,,G,"0:928,0:929,0:930,0:931,0:932,0:933,0:934,0:935",GAT,exact-facility-location-gat_v9.pkl,1,False,0.0007468843250535429
1s72.cif,917,0,917,ACCUCCGC,929,,A,936,,C,"0:929,0:930,0:931,0:932,0:933,0:934,0:935,0:936",GAT,exact-facility-location-gat_v9.pkl,1,False,0.0010971531737595797
1s72.cif,918,0,918,CCUCCGCC,930,,C,937,,C,"0:930,0:931,0:932,0:933,0:934,0:935,0:936,0:937",GAT,exact-facility-location-gat_v9.pkl,1,False,0.0008784013916738331
1s72.cif,919,0,919,CUCCGCCG,931,,C,938,,G,"0:931,0:932,0:933,0:934,0:935,0:936,0:937,0:938",GAT,exact-facility-location-gat_v9.pkl,1,False,0.0005602270248346031
1s72.cif,920,0,920,UCCGCCGA,932,,U,939,,A,"0:932,0:933,0:934,0:935,0:936,0:937,0:938,0:939",GAT,exact-facility-location-gat_v9.pkl,1,False,0.002711813896894455
1s72.cif,921,0,921,CCGCCGAG,933,,C,940,,G,"0:933,0:934,0:935,0:936,0:937,0:938,0:939,0:940",GAT,exact-facility-location-gat_v9.pkl,1,False,0.009311969392001629
1s72.cif,922,0,922,CGCCGAGG,934,,C,941,,G,"0:934,0:935,0:936,0:937,0:938,0:939,0:940,0:941",GAT,exact-facility-location-gat_v9.pkl,1,False,0.0201263427734375
1s72.cif,923,0,923,GCCGAGGU,935,,G,942,,U,"0:935,0:936,0:937,0:938,0:939,0:940,0:941,0:942",GAT,exact-facility-location-gat_v9.pkl,1,False,0.004139814060181379
1s72.cif,924,0,924,CCGAGGUA,936,,C,943,,A,"0:936,0:937,0:938,0:939,0:940,0:941,0:942,0:943",GAT,exact-facility-location-gat_v9.pkl,1,False,0.002859988948330283
1s72.cif,925,0,925,CGAGGUAG,937,,C,944,,G,"0:937,0:938,0:939,0:940,0:941,0:942,0:943,0:944",GAT,exact-facility-location-gat_v9.pkl,1,False,5.6028893595794216e-05
1s72.cif,926,0,926,GAGGUAGU,938,,G,945,,U,"0:938,0:939,0:940,0:941,0:942,0:943,0:944,0:945",GAT,exact-facility-location-gat_v9.pkl,1,False,0.00015197272296063602
1s72.cif,927,0,927,AGGUAGUC,939,,A,946,,C,"0:939,0:940,0:941,0:942,0:943,0:944,0:945,0:946",GAT,exact-facility-location-gat_v9.pkl,1,False,0.0019106868421658874
1s72.cif,928,0,928,GGUAGUCU,940,,G,947,,U,"0:940,0:941,0:942,0:943,0:944,0:945,0:946,0:947",GAT,exact-facility-location-gat_v9.pkl,1,False,0.0024736253544688225
1s72.cif,929,0,929,GUAGUCUG,941,,G,948,,G,"0:941,0:942,0:943,0:944,0:945,0:946,0:947,0:948",GAT,exact-facility-location-gat_v9.pkl,1,False,0.0012997076846659184
1s72.cif,930,0,930,UAGUCUGU,942,,U,949,,U,"0:942,0:943,0:944,0:945,0:946,0:947,0:948,0:949",GAT,exact-facility-location-gat_v9.pkl,1,False,0.001286233658902347
1s72.cif,931,0,931,AGUCUGUG,943,,A,950,,G,"0:943,0:944,0:945,0:946,0:947,0:948,0:949,0:950",GAT,exact-facility-location-gat_v9.pkl,1,False,0.001208711415529251
1s72.cif,932,0,932,GUCUGUGA,944,,G,951,,A,"0:944,0:945,0:946,0:947,0:948,0:949,0:950,0:951",GAT,exact-facility-location-gat_v9.pkl,1,False,0.0011429502628743649
1s72.cif,933,0,933,UCUGUGAG,945,,U,952,,G,"0:945,0:946,0:947,0:948,0:949,0:950,0:951,0:952",GAT,exact-facility-location-gat_v9.pkl,1,False,0.0008295141742564738
1s72.cif,934,0,934,CUGUGAGG,946,,C,953,,G,"0:946,0:947,0:948,0:949,0:950,0:951,0:952,0:953",GAT,exact-facility-location-gat_v9.pkl,1,False,0.00033470525522716343
1s72.cif,935,0,935,UGUGAGGU,947,,U,954,,U,"0:947,0:948,0:949,0:950,0:951,0:952,0:953,0:954",GAT,exact-facility-location-gat_v9.pkl,1,False,0.005168349016457796
1s72.cif,936,0,936,GUGAGGUA,948,,G,955,,A,"0:948,0:949,0:950,0:951,0:952,0:953,0:954,0:955",GAT,exact-facility-location-gat_v9.pkl,1,False,0.0023031148593872786
1s72.cif,937,0,937,UGAGGUAG,949,,U,956,,G,"0:949,0:950,0:951,0:952,0:953,0:954,0:955,0:956",GAT,exact-facility-location-gat_v9.pkl,1,False,0.005677464418113232
1s72.cif,938,0,938,GAGGUAGA,950,,G,957,,A,"0:950,0:951,0:952,0:953,0:954,0:955,0:956,0:957",GAT,exact-facility-location-gat_v9.pkl,1,False,0.0013153570471331477
1s72.cif,939,0,939,AGGUAGAG,951,,A,958,,G,"0:951,0:952,0:953,0:954,0:955,0:956,0:957,0:958",GAT,exact-facility-location-gat_v9.pkl,1,False,0.0002716620801948011
1s72.cif,940,0,940,GGUAGAGC,952,,G,959,,C,"0:952,0:953,0:954,0:955,0:956,0:957,0:958,0:959",GAT,exact-facility-location-gat_v9.pkl,1,False,0.0008397283381782472
1s72.cif,941,0,941,GUAGAGCG,953,,G,960,,G,"0:953,0:954,0:955,0:956,0:957,0:958,0:959,0:960",GAT,exact-facility-location-gat_v9.pkl,1,False,0.000938965065870434
1s72.cif,942,0,942,UAGAGCGA,954,,U,961,,A,"0:954,0:955,0:956,0:957,0:958,0:959,0:960,0:961",GAT,exact-facility-location-gat_v9.pkl,1,False,0.0010350163793191314
1s72.cif,943,0,943,AGAGCGAC,955,,A,962,,C,"0:955,0:956,0:957,0:958,0:959,0:960,0:961,0:962",GAT,exact-facility-location-gat_v9.pkl,1,False,0.004145220387727022
1s72.cif,944,0,944,GAGCGACC,956,,G,963,,C,"0:956,0:957,0:958,0:959,0:960,0:961,0:962,0:963",GAT,exact-facility-location-gat_v9.pkl,1,False,0.0012292067985981703
1s72.cif,945,0,945,AGCGACCG,957,,A,964,,G,"0:957,0:958,0:959,0:960,0:961,0:962,0:963,0:964",GAT,exact-facility-location-gat_v9.pkl,1,False,0.0007218970567919314
1s72.cif,946,0,946,GCGACCGA,958,,G,965,,A,"0:958,0:959,0:960,0:961,0:962,0:963,0:964,0:965",GAT,exact-facility-location-gat_v9.pkl,1,False,0.002117987722158432
1s72.cif,947,0,947,CGACCGAU,959,,C,966,,U,"0:959,0:960,0:961,0:962,0:963,0:964,0:965,0:966",GAT,exact-facility-location-gat_v9.pkl,1,False,0.013163448311388493
1s72.cif,948,0,948,GACCGAUU,960,,G,967,,U,"0:960,0:961,0:962,0:963,0:964,0:965,0:966,0:967",GAT,exact-facility-location-gat_v9.pkl,1,False,0.01922852173447609
1s72.cif,949,0,949,ACCGAUUG,961,,A,968,,G,"0:961,0:962,0:963,0:964,0:965,0:966,0:967,0:968",GAT,exact-facility-location-gat_v9.pkl,1,False,0.0007044539088383317
1s72.cif,950,0,950,CCGAUUGG,962,,C,969,,G,"0:962,0:963,0:964,0:965,0:966,0:967,0:968,0:969",GAT,exact-facility-location-gat_v9.pkl,1,False,0.0014438850339502096
1s72.cif,951,0,951,CGAUUGGU,963,,C,970,,U,"0:963,0:964,0:965,0:966,0:967,0:968,0:969,0:970",GAT,exact-facility-location-gat_v9.pkl,1,False,0.002515209838747978
1s72.cif,952,0,952,GAUUGGUC,964,,G,999,,C,"0:964,0:965,0:966,0:967,0:968,0:969,0:970,0:999",GAT,exact-facility-location-gat_v9.pkl,1,False,0.08329201489686966
1s72.cif,953,0,953,AUUGGUCC,965,,A,1000,,C,"0:965,0:966,0:967,0:968,0:969,0:970,0:999,0:1000",GAT,exact-facility-location-gat_v9.pkl,1,False,0.03376206383109093
1s72.cif,954,0,954,UUGGUCCU,966,,U,1001,,U,"0:966,0:967,0:968,0:969,0:970,0:999,0:1000,0:1001",GAT,exact-facility-location-gat_v9.pkl,1,False,0.007089778780937195
1s72.cif,955,0,955,UGGUCCUG,967,,U,1002,,G,"0:967,0:968,0:969,0:970,0:999,0:1000,0:1001,0:1002",GAT,exact-facility-location-gat_v9.pkl,1,False,0.44032686948776245
1s72.cif,956,0,956,GGUCCUGU,968,,G,1003,,U,"0:968,0:969,0:970,0:999,0:1000,0:1001,0:1002,0:1003",GAT,exact-facility-location-gat_v9.pkl,1,False,0.01813848875463009
1s72.cif,957,0,957,GUCCUGUC,969,,G,1004,,C,"0:969,0:970,0:999,0:1000,0:1001,0:1002,0:1003,0:1004",GAT,exact-facility-location-gat_v9.pkl,1,False,0.002041781321167946
1s72.cif,958,0,958,UCCUGUCA,970,,U,1005,,A,"0:970,0:999,0:1000,0:1001,0:1002,0:1003,0:1004,0:1005",GAT,exact-facility-location-gat_v9.pkl,1,False,0.005823285318911076
1s72.cif,959,0,959,CCUGUCAA,999,,C,1006,,A,"0:999,0:1000,0:1001,0:1002,0:1003,0:1004,0:1005,0:1006",GAT,exact-facility-location-gat_v9.pkl,1,False,0.000599008402787149
1s72.cif,960,0,960,CUGUCAAA,1000,,C,1007,,A,"0:1000,0:1001,0:1002,0:1003,0:1004,0:1005,0:1006,0:1007",GAT,exact-facility-location-gat_v9.pkl,1,False,0.00011398285278119147
1s72.cif,961,0,961,UGUCAAAC,1001,,U,1008,,C,"0:1001,0:1002,0:1003,0:1004,0:1005,0:1006,0:1007,0:1008",GAT,exact-facility-location-gat_v9.pkl,1,False,0.0017951132031157613
1s72.cif,962,0,962,GUCAAACU,1002,,G,1009,,U,"0:1002,0:1003,0:1004,0:1005,0:1006,0:1007,0:1008,0:1009",GAT,exact-facility-location-gat_v9.pkl,1,False,0.0025618551298975945
1s72.cif,963,0,963,UCAAACUC,1003,,U,1010,,C,"0:1003,0:1004,0:1005,0:1006,0:1007,0:1008,0:1009,0:1010",GAT,exact-facility-location-gat_v9.pkl,1,False,0.003647452685981989
1s72.cif,964,0,964,CAAACUCC,1004,,C,1011,,C,"0:1004,0:1005,0:1006,0:1007,0:1008,0:1009,0:1010,0:1011",GAT,exact-facility-location-gat_v9.pkl,1,False,0.0007270315545611084
1s72.cif,965,0,965,AAACUCCA,1005,,A,1012,,A,"0:1005,0:1006,0:1007,0:1008,0:1009,0:1010,0:1011,0:1012",GAT,exact-facility-location-gat_v9.pkl,1,False,0.0038929397705942392
1s72.cif,966,0,966,AACUCCAA,1006,,A,1013,,A,"0:1006,0:1007,0:1008,0:1009,0:1010,0:1011,0:1012,0:1013",GAT,exact-facility-location-gat_v9.pkl,1,False,0.014848853461444378
1s72.cif,967,0,967,ACUCCAAA,1007,,A,1014,,A,"0:1007,0:1008,0:1009,0:1010,0:1011,0:1012,0:1013,0:1014",GAT,exact-facility-location-gat_v9.pkl,1,False,0.0034365926403552294
1s72.cif,968,0,968,CUCCAAAC,1008,,C,1015,,C,"0:1008,0:1009,0:1010,0:1011,0:1012,0:1013,0:1014,0:1015",GAT,exact-facility-location-gat_v9.pkl,1,False,0.0014923922717571259
1s72.cif,969,0,969,UCCAAACU,1009,,U,1016,,U,"0:1009,0:1010,0:1011,0:1012,0:1013,0:1014,0:1015,0:1016",GAT,exact-facility-location-gat_v9.pkl,1,False,0.0006090988172218204
1s72.cif,970,0,970,CCAAACUU,1010,,C,1017,,U,"0:1010,0:1011,0:1012,0:1013,0:1014,0:1015,0:1016,0:1017",GAT,exact-facility-location-gat_v9.pkl,1,False,0.0013886104570701718
1s72.cif,971,0,971,CAAACUUA,1011,,C,1018,,A,"0:1011,0:1012,0:1013,0:1014,0:1015,0:1016,0:1017,0:1018",GAT,exact-facility-location-gat_v9.pkl,1,False,0.0015189261175692081
1s72.cif,972,0,972,AAACUUAC,1012,,A,1019,,C,"0:1012,0:1013,0:1014,0:1015,0:1016,0:1017,0:1018,0:1019",GAT,exact-facility-location-gat_v9.pkl,1,False,0.0003632497100625187
1s72.cif,973,0,973,AACUUACA,1013,,A,1020,,A,"0:1013,0:1014,0:1015,0:1016,0:1017,0:1018,0:1019,0:1020",GAT,exact-facility-location-gat_v9.pkl,1,False,0.0004522839153651148
1s72.cif,974,0,974,ACUUACAG,1014,,A,1021,,G,"0:1014,0:1015,0:1016,0:1017,0:1018,0:1019,0:1020,0:1021",GAT,exact-facility-location-gat_v9.pkl,1,False,0.0007577769574709237
1s72.cif,975,0,975,CUUACAGA,1015,,C,1022,,A,"0:1015,0:1016,0:1017,0:1018,0:1019,0:1020,0:1021,0:1022",GAT,exact-facility-location-gat_v9.pkl,1,False,0.0015026911860331893
1s72.cif,976,0,976,UUACAGAC,1016,,U,1023,,C,"0:1016,0:1017,0:1018,0:1019,0:1020,0:1021,0:1022,0:1023",GAT,exact-facility-location-gat_v9.pkl,1,False,0.0016365741612389684
1s72.cif,977,0,977,UACAGACG,1017,,U,1024,,G,"0:1017,0:1018,0:1019,0:1020,0:1021,0:1022,0:1023,0:1024",GAT,exact-facility-location-gat_v9.pkl,1,False,0.0008169120992533863
1s72.cif,978,0,978,ACAGACGC,1018,,A,1025,,C,"0:1018,0:1019,0:1020,0:1021,0:1022,0:1023,0:1024,0:1025",GAT,exact-facility-location-gat_v9.pkl,1,False,0.0006448845379054546
1s72.cif,979,0,979,CAGACGCC,1019,,C,1026,,C,"0:1019,0:1020,0:1021,0:1022,0:1023,0:1024,0:1025,0:1026",GAT,exact-facility-location-gat_v9.pkl,1,False,0.0006236390909180045
1s72.cif,980,0,980,AGACGCCG,1020,,A,1027,,G,"0:1020,0:1021,0:1022,0:1023,0:1024,0:1025,0:1026,0:1027",GAT,exact-facility-location-gat_v9.pkl,1,False,0.0005818847566843033
1s72.cif,981,0,981,GACGCCGU,1021,,G,1028,,U,"0:1021,0:1022,0:1023,0:1024,0:1025,0:1026,0:1027,0:1028",GAT,exact-facility-location-gat_v9.pkl,1,False,0.0004762992903124541
1s72.cif,982,0,982,ACGCCGUU,1022,,A,1029,,U,"0:1022,0:1023,0:1024,0:1025,0:1026,0:1027,0:1028,0:1029",GAT,exact-facility-location-gat_v9.pkl,1,False,0.0003969194076489657
1s72.cif,983,0,983,CGCCGUUU,1023,,C,1030,,U,"0:1023,0:1024,0:1025,0:1026,0:1027,0:1028,0:1029,0:1030",GAT,exact-facility-location-gat_v9.pkl,1,False,0.00043500144965946674
1s72.cif,984,0,984,GCCGUUUG,1024,,G,1031,,G,"0:1024,0:1025,0:1026,0:1027,0:1028,0:1029,0:1030,0:1031",GAT,exact-facility-location-gat_v9.pkl,1,False,0.000370586320059374
1s72.cif,985,0,985,CCGUUUGA,1025,,C,1032,,A,"0:1025,0:1026,0:1027,0:1028,0:1029,0:1030,0:1031,0:1032",GAT,exact-facility-location-gat_v9.pkl,1,False,0.00048774550668895245
1s72.cif,986,0,986,CGUUUGAC,1026,,C,1033,,C,"0:1026,0:1027,0:1028,0:1029,0:1030,0:1031,0:1032,0:1033",GAT,exact-facility-location-gat_v9.pkl,1,False,0.0018044551834464073
1s72.cif,987,0,987,GUUUGACG,1027,,G,1034,,G,"0:1027,0:1028,0:1029,0:1030,0:1031,0:1032,0:1033,0:1034",GAT,exact-facility-location-gat_v9.pkl,1,False,0.0010565775446593761
1s72.cif,988,0,988,UUUGACGC,1028,,U,1035,,C,"0:1028,0:1029,0:1030,0:1031,0:1032,0:1033,0:1034,0:1035",GAT,exact-facility-location-gat_v9.pkl,1,False,0.0018218636978417635
1s72.cif,989,0,989,UUGACGCG,1029,,U,1036,,G,"0:1029,0:1030,0:1031,0:1032,0:1033,0:1034,0:1035,0:1036",GAT,exact-facility-location-gat_v9.pkl,1,False,0.0002802376984618604
1s72.cif,990,0,990,UGACGCGG,1030,,U,1037,,G,"0:1030,0:1031,0:1032,0:1033,0:1034,0:1035,0:1036,0:1037",GAT,exact-facility-location-gat_v9.pkl,1,False,0.016035472974181175
1s72.cif,991,0,991,GACGCGGG,1031,,G,1038,,G,"0:1031,0:1032,0:1033,0:1034,0:1035,0:1036,0:1037,0:1038",GAT,exact-facility-location-gat_v9.pkl,1,False,0.0007769824005663395
1s72.cif,992,0,992,ACGCGGGG,1032,,A,1039,,G,"0:1032,0:1033,0:1034,0:1035,0:1036,0:1037,0:1038,0:1039",GAT,exact-facility-location-gat_v9.pkl,1,False,0.0007474524900317192
1s72.cif,993,0,993,CGCGGGGA,1033,,C,1040,,A,"0:1033,0:1034,0:1035,0:1036,0:1037,0:1038,0:1039,0:1040",GAT,exact-facility-location-gat_v9.pkl,1,False,0.0010179252130910754
1s72.cif,994,0,994,GCGGGGAU,1034,,G,1041,,U,"0:1034,0:1035,0:1036,0:1037,0:1038,0:1039,0:1040,0:1041",GAT,exact-facility-location-gat_v9.pkl,1,False,0.0018248847918584943
1s72.cif,995,0,995,CGGGGAUU,1035,,C,1042,,U,"0:1035,0:1036,0:1037,0:1038,0:1039,0:1040,0:1041,0:1042",GAT,exact-facility-location-gat_v9.pkl,1,False,0.0018920926377177238
1s72.cif,996,0,996,GGGGAUUC,1036,,G,1043,,C,"0:1036,0:1037,0:1038,0:1039,0:1040,0:1041,0:1042,0:1043",GAT,exact-facility-location-gat_v9.pkl,1,False,0.0008380428771488369
1s72.cif,997,0,997,GGGAUUCC,1037,,G,1044,,C,"0:1037,0:1038,0:1039,0:1040,0:1041,0:1042,0:1043,0:1044",GAT,exact-facility-location-gat_v9.pkl,1,False,0.0005269899847917259
1s72.cif,998,0,998,GGAUUCCG,1038,,G,1045,,G,"0:1038,0:1039,0:1040,0:1041,0:1042,0:1043,0:1044,0:1045",GAT,exact-facility-location-gat_v9.pkl,1,False,0.00010864300566026941
1s72.cif,999,0,999,GAUUCCGG,1039,,G,1046,,G,"0:1039,0:1040,0:1041,0:1042,0:1043,0:1044,0:1045,0:1046",GAT,exact-facility-location-gat_v9.pkl,1,False,6.541396578541026e-05
1s72.cif,1000,0,1000,AUUCCGGU,1040,,A,1047,,U,"0:1040,0:1041,0:1042,0:1043,0:1044,0:1045,0:1046,0:1047",GAT,exact-facility-location-gat_v9.pkl,1,False,0.00052547239465639
1s72.cif,1001,0,1001,UUCCGGUG,1041,,U,1048,,G,"0:1041,0:1042,0:1043,0:1044,0:1045,0:1046,0:1047,0:1048",GAT,exact-facility-location-gat_v9.pkl,1,False,0.0006688266876153648
1s72.cif,1002,0,1002,UCCGGUGC,1042,,U,1049,,C,"0:1042,0:1043,0:1044,0:1045,0:1046,0:1047,0:1048,0:1049",GAT,exact-facility-location-gat_v9.pkl,1,False,0.0038011015858501196
1s72.cif,1003,0,1003,CCGGUGCG,1043,,C,1050,,G,"0:1043,0:1044,0:1045,0:1046,0:1047,0:1048,0:1049,0:1050",GAT,exact-facility-location-gat_v9.pkl,1,False,0.017443252727389336
1s72.cif,1004,0,1004,CGGUGCGC,1044,,C,1051,,C,"0:1044,0:1045,0:1046,0:1047,0:1048,0:1049,0:1050,0:1051",GAT,exact-facility-location-gat_v9.pkl,1,False,0.02117161452770233
1s72.cif,1005,0,1005,GGUGCGCG,1045,,G,1052,,G,"0:1045,0:1046,0:1047,0:1048,0:1049,0:1050,0:1051,0:1052",GAT,exact-facility-location-gat_v9.pkl,1,False,0.000903939304407686
1s72.cif,1006,0,1006,GUGCGCGG,1046,,G,1053,,G,"0:1046,0:1047,0:1048,0:1049,0:1050,0:1051,0:1052,0:1053",GAT,exact-facility-location-gat_v9.pkl,1,False,0.002369665540754795
1s72.cif,1007,0,1007,UGCGCGGG,1047,,U,1054,,G,"0:1047,0:1048,0:1049,0:1050,0:1051,0:1052,0:1053,0:1054",GAT,exact-facility-location-gat_v9.pkl,1,False,0.002597113372758031
1s72.cif,1008,0,1008,GCGCGGGG,1048,,G,1055,,G,"0:1048,0:1049,0:1050,0:1051,0:1052,0:1053,0:1054,0:1055",GAT,exact-facility-location-gat_v9.pkl,1,False,0.0010844375938177109
1s72.cif,1009,0,1009,CGCGGGGU,1049,,C,1056,,U,"0:1049,0:1050,0:1051,0:1052,0:1053,0:1054,0:1055,0:1056",GAT,exact-facility-location-gat_v9.pkl,1,False,0.0010366702917963266
1s72.cif,1010,0,1010,GCGGGGUA,1050,,G,1057,,A,"0:1050,0:1051,0:1052,0:1053,0:1054,0:1055,0:1056,0:1057",GAT,exact-facility-location-gat_v9.pkl,1,False,0.05052277818322182
1s72.cif,1011,0,1011,CGGGGUAA,1051,,C,1058,,A,"0:1051,0:1052,0:1053,0:1054,0:1055,0:1056,0:1057,0:1058",GAT,exact-facility-location-gat_v9.pkl,1,False,0.006215582136064768
1s72.cif,1012,0,1012,GGGGUAAG,1052,,G,1059,,G,"0:1052,0:1053,0:1054,0:1055,0:1056,0:1057,0:1058,0:1059",GAT,exact-facility-location-gat_v9.pkl,1,False,0.001700962078757584
1s72.cif,1013,0,1013,GGGUAAGC,1053,,G,1060,,C,"0:1053,0:1054,0:1055,0:1056,0:1057,0:1058,0:1059,0:1060",GAT,exact-facility-location-gat_v9.pkl,1,False,0.015260440297424793
1s72.cif,1014,0,1014,GGUAAGCC,1054,,G,1061,,C,"0:1054,0:1055,0:1056,0:1057,0:1058,0:1059,0:1060,0:1061",GAT,exact-facility-location-gat_v9.pkl,1,False,0.019482454285025597
1s72.cif,1015,0,1015,GUAAGCCU,1055,,G,1062,,U,"0:1055,0:1056,0:1057,0:1058,0:1059,0:1060,0:1061,0:1062",GAT,exact-facility-location-gat_v9.pkl,1,False,0.0011765172239392996
1s72.cif,1016,0,1016,UAAGCCUG,1056,,U,1063,,G,"0:1056,0:1057,0:1058,0:1059,0:1060,0:1061,0:1062,0:1063",GAT,exact-facility-location-gat_v9.pkl,1,False,0.0004784782649949193
1s72.cif,1017,0,1017,AAGCCUGU,1057,,A,1064,,U,"0:1057,0:1058,0:1059,0:1060,0:1061,0:1062,0:1063,0:1064",GAT,exact-facility-location-gat_v9.pkl,1,False,0.0018701223889365792
1s72.cif,1018,0,1018,AGCCUGUG,1058,,A,1065,,G,"0:1058,0:1059,0:1060,0:1061,0:1062,0:1063,0:1064,0:1065",GAT,exact-facility-location-gat_v9.pkl,1,False,0.0175020694732666
1s72.cif,1019,0,1019,GCCUGUGU,1059,,G,1066,,U,"0:1059,0:1060,0:1061,0:1062,0:1063,0:1064,0:1065,0:1066",GAT,exact-facility-location-gat_v9.pkl,1,False,0.010554825887084007
1s72.cif,1020,0,1020,CCUGUGUA,1060,,C,1067,,A,"0:1060,0:1061,0:1062,0:1063,0:1064,0:1065,0:1066,0:1067",GAT,exact-facility-location-gat_v9.pkl,1,False,0.0011498809326440096
1s72.cif,1021,0,1021,CUGUGUAC,1061,,C,1068,,C,"0:1061,0:1062,0:1063,0:1064,0:1065,0:1066,0:1067,0:1068",GAT,exact-facility-location-gat_v9.pkl,1,False,0.0019341415027156472
1s72.cif,1022,0,1022,UGUGUACC,1062,,U,1069,,C,"0:1062,0:1063,0:1064,0:1065,0:1066,0:1067,0:1068,0:1069",GAT,exact-facility-location-gat_v9.pkl,1,False,0.00402034679427743
1s72.cif,1023,0,1023,GUGUACCA,1063,,G,1070,,A,"0:1063,0:1064,0:1065,0:1066,0:1067,0:1068,0:1069,0:1070",GAT,exact-facility-location-gat_v9.pkl,1,False,0.0016370026860386133
1s72.cif,1024,0,1024,UGUACCAG,1064,,U,1071,,G,"0:1064,0:1065,0:1066,0:1067,0:1068,0:1069,0:1070,0:1071",GAT,exact-facility-location-gat_v9.pkl,1,False,0.0006618885090574622
1s72.cif,1025,0,1025,GUACCAGG,1065,,G,1072,,G,"0:1065,0:1066,0:1067,0:1068,0:1069,0:1070,0:1071,0:1072",GAT,exact-facility-location-gat_v9.pkl,1,False,0.0008485811413265765
1s72.cif,1026,0,1026,UACCAGGA,1066,,U,1073,,A,"0:1066,0:1067,0:1068,0:1069,0:1070,0:1071,0:1072,0:1073",GAT,exact-facility-location-gat_v9.pkl,1,False,0.00022792637173552066
1s72.cif,1027,0,1027,ACCAGGAG,1067,,A,1074,,G,"0:1067,0:1068,0:1069,0:1070,0:1071,0:1072,0:1073,0:1074",GAT,exact-facility-location-gat_v9.pkl,1,False,0.0009495617705397308
1s72.cif,1028,0,1028,CCAGGAGG,1068,,C,1075,,G,"0:1068,0:1069,0:1070,0:1071,0:1072,0:1073,0:1074,0:1075",GAT,exact-facility-location-gat_v9.pkl,1,False,0.006046951748430729
1s72.cif,1029,0,1029,CAGGAGGG,1069,,C,1076,,G,"0:1069,0:1070,0:1071,0:1072,0:1073,0:1074,0:1075,0:1076",GAT,exact-facility-location-gat_v9.pkl,1,False,0.01196639146655798
1s72.cif,1030,0,1030,AGGAGGGG,1070,,A,1077,,G,"0:1070,0:1071,0:1072,0:1073,0:1074,0:1075,0:1076,0:1077",GAT,exact-facility-location-gat_v9.pkl,1,False,0.04661920666694641
1s72.cif,1031,0,1031,GGAGGGGA,1071,,G,1078,,A,"0:1071,0:1072,0:1073,0:1074,0:1075,0:1076,0:1077,0:1078",GAT,exact-facility-location-gat_v9.pkl,1,False,0.004357602912932634
1s72.cif,1032,0,1032,GAGGGGAA,1072,,G,1079,,A,"0:1072,0:1073,0:1074,0:1075,0:1076,0:1077,0:1078,0:1079",GAT,exact-facility-location-gat_v9.pkl,1,False,0.002109810244292021
1s72.cif,1033,0,1033,AGGGGAAC,1073,,A,1080,,C,"0:1073,0:1074,0:1075,0:1076,0:1077,0:1078,0:1079,0:1080",GAT,exact-facility-location-gat_v9.pkl,1,False,0.013853013515472412
1s72.cif,1034,0,1034,GGGGAACA,1074,,G,1081,,A,"0:1074,0:1075,0:1076,0:1077,0:1078,0:1079,0:1080,0:1081",GAT,exact-facility-location-gat_v9.pkl,1,False,0.0059102121740579605
1s72.cif,1035,0,1035,GGGAACAA,1075,,G,1082,,A,"0:1075,0:1076,0:1077,0:1078,0:1079,0:1080,0:1081,0:1082",GAT,exact-facility-location-gat_v9.pkl,1,False,0.10324177891016006
1s72.cif,1036,0,1036,GGAACAAC,1076,,G,1083,,C,"0:1076,0:1077,0:1078,0:1079,0:1080,0:1081,0:1082,0:1083",GAT,exact-facility-location-gat_v9.pkl,1,False,0.041199322789907455
1s72.cif,1037,0,1037,GAACAACC,1077,,G,1084,,C,"0:1077,0:1078,0:1079,0:1080,0:1081,0:1082,0:1083,0:1084",GAT,exact-facility-location-gat_v9.pkl,1,False,0.022952357307076454
1s72.cif,1038,0,1038,AACAACCC,1078,,A,1085,,C,"0:1078,0:1079,0:1080,0:1081,0:1082,0:1083,0:1084,0:1085",GAT,exact-facility-location-gat_v9.pkl,1,False,0.011075622402131557
1s72.cif,1039,0,1039,ACAACCCA,1079,,A,1086,,A,"0:1079,0:1080,0:1081,0:1082,0:1083,0:1084,0:1085,0:1086",GAT,exact-facility-location-gat_v9.pkl,1,False,0.0017071961192414165
1s72.cif,1040,0,1040,CAACCCAG,1080,,C,1087,,G,"0:1080,0:1081,0:1082,0:1083,0:1084,0:1085,0:1086,0:1087",GAT,exact-facility-location-gat_v9.pkl,1,False,0.0015180917689576745
1s72.cif,1041,0,1041,AACCCAGA,1081,,A,1088,,A,"0:1081,0:1082,0:1083,0:1084,0:1085,0:1086,0:1087,0:1088",GAT,exact-facility-location-gat_v9.pkl,1,False,0.016830509528517723
1s72.cif,1042,0,1042,ACCCAGAG,1082,,A,1089,,G,"0:1082,0:1083,0:1084,0:1085,0:1086,0:1087,0:1088,0:1089",GAT,exact-facility-location-gat_v9.pkl,1,False,0.00023654660617467016
1s72.cif,1043,0,1043,CCCAGAGA,1083,,C,1090,,A,"0:1083,0:1084,0:1085,0:1086,0:1087,0:1088,0:1089,0:1090",GAT,exact-facility-location-gat_v9.pkl,1,False,5.072436761111021e-05
1s72.cif,1044,0,1044,CCAGAGAU,1084,,C,1091,,U,"0:1084,0:1085,0:1086,0:1087,0:1088,0:1089,0:1090,0:1091",GAT,exact-facility-location-gat_v9.pkl,1,False,0.0030371248722076416
1s72.cif,1045,0,1045,CAGAGAUA,1085,,C,1092,,A,"0:1085,0:1086,0:1087,0:1088,0:1089,0:1090,0:1091,0:1092",GAT,exact-facility-location-gat_v9.pkl,1,False,0.10980059206485748
1s72.cif,1046,0,1046,AGAGAUAG,1086,,A,1093,,G,"0:1086,0:1087,0:1088,0:1089,0:1090,0:1091,0:1092,0:1093",GAT,exact-facility-location-gat_v9.pkl,1,False,0.023786140605807304
1s72.cif,1047,0,1047,GAGAUAGG,1087,,G,1094,,G,"0:1087,0:1088,0:1089,0:1090,0:1091,0:1092,0:1093,0:1094",GAT,exact-facility-location-gat_v9.pkl,1,False,0.06402048468589783
1s72.cif,1048,0,1048,AGAUAGGU,1088,,A,1095,,U,"0:1088,0:1089,0:1090,0:1091,0:1092,0:1093,0:1094,0:1095",GAT,exact-facility-location-gat_v9.pkl,1,False,0.02402367815375328
1s72.cif,1049,0,1049,GAUAGGUU,1089,,G,1096,,U,"0:1089,0:1090,0:1091,0:1092,0:1093,0:1094,0:1095,0:1096",GAT,exact-facility-location-gat_v9.pkl,1,False,0.00137015909422189
1s72.cif,1050,0,1050,AUAGGUUA,1090,,A,1097,,A,"0:1090,0:1091,0:1092,0:1093,0:1094,0:1095,0:1096,0:1097",GAT,exact-facility-location-gat_v9.pkl,1,False,0.0024086954072117805
1s72.cif,1051,0,1051,UAGGUUAA,1091,,U,1098,,A,"0:1091,0:1092,0:1093,0:1094,0:1095,0:1096,0:1097,0:1098",GAT,exact-facility-location-gat_v9.pkl,1,False,0.0010882278438657522
1s72.cif,1052,0,1052,AGGUUAAG,1092,,A,1099,,G,"0:1092,0:1093,0:1094,0:1095,0:1096,0:1097,0:1098,0:1099",GAT,exact-facility-location-gat_v9.pkl,1,False,0.0005160878063179553
1s72.cif,1053,0,1053,GGUUAAGG,1093,,G,1100,,G,"0:1093,0:1094,0:1095,0:1096,0:1097,0:1098,0:1099,0:1100",GAT,exact-facility-location-gat_v9.pkl,1,False,0.0009108945378102362
1s72.cif,1054,0,1054,GUUAAGGU,1094,,G,1101,,U,"0:1094,0:1095,0:1096,0:1097,0:1098,0:1099,0:1100,0:1101",GAT,exact-facility-location-gat_v9.pkl,1,False,0.0019032140262424946
1s72.cif,1055,0,1055,UUAAGGUC,1095,,U,1102,,C,"0:1095,0:1096,0:1097,0:1098,0:1099,0:1100,0:1101,0:1102",GAT,exact-facility-location-gat_v9.pkl,1,False,0.0023374545853585005
1s72.cif,1056,0,1056,UAAGGUCC,1096,,U,1103,,C,"0:1096,0:1097,0:1098,0:1099,0:1100,0:1101,0:1102,0:1103",GAT,exact-facility-location-gat_v9.pkl,1,False,0.00020629043865483254
1s72.cif,1057,0,1057,AAGGUCCC,1097,,A,1104,,C,"0:1097,0:1098,0:1099,0:1100,0:1101,0:1102,0:1103,0:1104",GAT,exact-facility-location-gat_v9.pkl,1,False,0.0006157262250781059
1s72.cif,1058,0,1058,AGGUCCCC,1098,,A,1105,,C,"0:1098,0:1099,0:1100,0:1101,0:1102,0:1103,0:1104,0:1105",GAT,exact-facility-location-gat_v9.pkl,1,False,0.005522902589291334
1s72.cif,1059,0,1059,GGUCCCCA,1099,,G,1106,,A,"0:1099,0:1100,0:1101,0:1102,0:1103,0:1104,0:1105,0:1106",GAT,exact-facility-location-gat_v9.pkl,1,False,0.007319596596062183
1s72.cif,1060,0,1060,GUCCCCAA,1100,,G,1107,,A,"0:1100,0:1101,0:1102,0:1103,0:1104,0:1105,0:1106,0:1107",GAT,exact-facility-location-gat_v9.pkl,1,False,0.005835087038576603
1s72.cif,1061,0,1061,UCCCCAAG,1101,,U,1108,,G,"0:1101,0:1102,0:1103,0:1104,0:1105,0:1106,0:1107,0:1108",GAT,exact-facility-location-gat_v9.pkl,1,False,0.023663293570280075
1s72.cif,1062,0,1062,CCCCAAGU,1102,,C,1109,,U,"0:1102,0:1103,0:1104,0:1105,0:1106,0:1107,0:1108,0:1109",GAT,exact-facility-location-gat_v9.pkl,1,False,0.02458782307803631
1s72.cif,1063,0,1063,CCCAAGUG,1103,,C,1110,,G,"0:1103,0:1104,0:1105,0:1106,0:1107,0:1108,0:1109,0:1110",GAT,exact-facility-location-gat_v9.pkl,1,False,0.007457599975168705
1s72.cif,1064,0,1064,CCAAGUGU,1104,,C,1111,,U,"0:1104,0:1105,0:1106,0:1107,0:1108,0:1109,0:1110,0:1111",GAT,exact-facility-location-gat_v9.pkl,1,False,4.200953844701871e-05
1s72.cif,1065,0,1065,CAAGUGUG,1105,,C,1112,,G,"0:1105,0:1106,0:1107,0:1108,0:1109,0:1110,0:1111,0:1112",GAT,exact-facility-location-gat_v9.pkl,1,False,2.7401283659855835e-05
1s72.cif,1066,0,1066,AAGUGUGG,1106,,A,1113,,G,"0:1106,0:1107,0:1108,0:1109,0:1110,0:1111,0:1112,0:1113",GAT,exact-facility-location-gat_v9.pkl,1,False,9.699508518679067e-05
1s72.cif,1067,0,1067,AGUGUGGA,1107,,A,1114,,A,"0:1107,0:1108,0:1109,0:1110,0:1111,0:1112,0:1113,0:1114",GAT,exact-facility-location-gat_v9.pkl,1,False,0.0008159978897310793
1s72.cif,1068,0,1068,GUGUGGAU,1108,,G,1115,,U,"0:1108,0:1109,0:1110,0:1111,0:1112,0:1113,0:1114,0:1115",GAT,exact-facility-location-gat_v9.pkl,1,False,0.03173195570707321
1s72.cif,1069,0,1069,UGUGGAUU,1109,,U,1116,,U,"0:1109,0:1110,0:1111,0:1112,0:1113,0:1114,0:1115,0:1116",GAT,exact-facility-location-gat_v9.pkl,1,False,0.027996229007840157
1s72.cif,1070,0,1070,GUGGAUUA,1110,,G,1117,,A,"0:1110,0:1111,0:1112,0:1113,0:1114,0:1115,0:1116,0:1117",GAT,exact-facility-location-gat_v9.pkl,1,False,0.001046567689627409
1s72.cif,1071,0,1071,UGGAUUAA,1111,,U,1118,,A,"0:1111,0:1112,0:1113,0:1114,0:1115,0:1116,0:1117,0:1118",GAT,exact-facility-location-gat_v9.pkl,1,False,0.002155027352273464
1s72.cif,1072,0,1072,GGAUUAAG,1112,,G,1119,,G,"0:1112,0:1113,0:1114,0:1115,0:1116,0:1117,0:1118,0:1119",GAT,exact-facility-location-gat_v9.pkl,1,False,0.0009675582987256348
1s72.cif,1073,0,1073,GAUUAAGU,1113,,G,1120,,U,"0:1113,0:1114,0:1115,0:1116,0:1117,0:1118,0:1119,0:1120",GAT,exact-facility-location-gat_v9.pkl,1,False,0.0009296373464167118
1s72.cif,1074,0,1074,AUUAAGUG,1114,,A,1121,,G,"0:1114,0:1115,0:1116,0:1117,0:1118,0:1119,0:1120,0:1121",GAT,exact-facility-location-gat_v9.pkl,1,False,0.0011123885633423924
1s72.cif,1075,0,1075,UUAAGUGU,1115,,U,1122,,U,"0:1115,0:1116,0:1117,0:1118,0:1119,0:1120,0:1121,0:1122",GAT,exact-facility-location-gat_v9.pkl,1,False,0.0025272134225815535
1s72.cif,1076,0,1076,UAAGUGUA,1116,,U,1123,,A,"0:1116,0:1117,0:1118,0:1119,0:1120,0:1121,0:1122,0:1123",GAT,exact-facility-location-gat_v9.pkl,1,False,0.00030686066020280123
1s72.cif,1077,0,1077,AAGUGUAA,1117,,A,1124,,A,"0:1117,0:1118,0:1119,0:1120,0:1121,0:1122,0:1123,0:1124",GAT,exact-facility-location-gat_v9.pkl,1,False,6.160910561447963e-05
1s72.cif,1078,0,1078,AGUGUAAU,1118,,A,1125,,U,"0:1118,0:1119,0:1120,0:1121,0:1122,0:1123,0:1124,0:1125",GAT,exact-facility-location-gat_v9.pkl,1,False,2.5369638024130836e-05
1s72.cif,1079,0,1079,GUGUAAUC,1119,,G,1126,,C,"0:1119,0:1120,0:1121,0:1122,0:1123,0:1124,0:1125,0:1126",GAT,exact-facility-location-gat_v9.pkl,1,False,4.7771260142326355e-05
1s72.cif,1080,0,1080,UGUAAUCC,1120,,U,1127,,C,"0:1120,0:1121,0:1122,0:1123,0:1124,0:1125,0:1126,0:1127",GAT,exact-facility-location-gat_v9.pkl,1,False,0.0009163874783553183
1s72.cif,1081,0,1081,GUAAUCCU,1121,,G,1128,,U,"0:1121,0:1122,0:1123,0:1124,0:1125,0:1126,0:1127,0:1128",GAT,exact-facility-location-gat_v9.pkl,1,False,0.0014748724643141031
1s72.cif,1082,0,1082,UAAUCCUC,1122,,U,1129,,C,"0:1122,0:1123,0:1124,0:1125,0:1126,0:1127,0:1128,0:1129",GAT,exact-facility-location-gat_v9.pkl,1,False,0.007994488812983036
1s72.cif,1083,0,1083,AAUCCUCU,1123,,A,1130,,U,"0:1123,0:1124,0:1125,0:1126,0:1127,0:1128,0:1129,0:1130",GAT,exact-facility-location-gat_v9.pkl,1,False,0.0145799545571208
1s72.cif,1084,0,1084,AUCCUCUG,1124,,A,1131,,G,"0:1124,0:1125,0:1126,0:1127,0:1128,0:1129,0:1130,0:1131",GAT,exact-facility-location-gat_v9.pkl,1,False,0.0013998189242556691
1s72.cif,1085,0,1085,UCCUCUGA,1125,,U,1132,,A,"0:1125,0:1126,0:1127,0:1128,0:1129,0:1130,0:1131,0:1132",GAT,exact-facility-location-gat_v9.pkl,1,False,0.000539558008313179
1s72.cif,1086,0,1086,CCUCUGAA,1126,,C,1133,,A,"0:1126,0:1127,0:1128,0:1129,0:1130,0:1131,0:1132,0:1133",GAT,exact-facility-location-gat_v9.pkl,1,False,0.0009530390379950404
1s72.cif,1087,0,1087,CUCUGAAG,1127,,C,1134,,G,"0:1127,0:1128,0:1129,0:1130,0:1131,0:1132,0:1133,0:1134",GAT,exact-facility-location-gat_v9.pkl,1,False,0.00013257160026114434
1s72.cif,1088,0,1088,UCUGAAGG,1128,,U,1135,,G,"0:1128,0:1129,0:1130,0:1131,0:1132,0:1133,0:1134,0:1135",GAT,exact-facility-location-gat_v9.pkl,1,False,6.245286203920841e-05
1s72.cif,1089,0,1089,CUGAAGGU,1129,,C,1136,,U,"0:1129,0:1130,0:1131,0:1132,0:1133,0:1134,0:1135,0:1136",GAT,exact-facility-location-gat_v9.pkl,1,False,0.0045887790620327
1s72.cif,1090,0,1090,UGAAGGUG,1130,,U,1137,,G,"0:1130,0:1131,0:1132,0:1133,0:1134,0:1135,0:1136,0:1137",GAT,exact-facility-location-gat_v9.pkl,1,False,0.0010818967130035162
1s72.cif,1091,0,1091,GAAGGUGG,1131,,G,1138,,G,"0:1131,0:1132,0:1133,0:1134,0:1135,0:1136,0:1137,0:1138",GAT,exact-facility-location-gat_v9.pkl,1,False,0.0016709865303710103
1s72.cif,1092,0,1092,AAGGUGGU,1132,,A,1139,,U,"0:1132,0:1133,0:1134,0:1135,0:1136,0:1137,0:1138,0:1139",GAT,exact-facility-location-gat_v9.pkl,1,False,0.002810727572068572
1s72.cif,1093,0,1093,AGGUGGUC,1133,,A,1140,,C,"0:1133,0:1134,0:1135,0:1136,0:1137,0:1138,0:1139,0:1140",GAT,exact-facility-location-gat_v9.pkl,1,False,0.005436474457383156
1s72.cif,1094,0,1094,GGUGGUCU,1134,,G,1141,,U,"0:1134,0:1135,0:1136,0:1137,0:1138,0:1139,0:1140,0:1141",GAT,exact-facility-location-gat_v9.pkl,1,False,0.0019709367770701647
1s72.cif,1095,0,1095,GUGGUCUC,1135,,G,1142,,C,"0:1135,0:1136,0:1137,0:1138,0:1139,0:1140,0:1141,0:1142",GAT,exact-facility-location-gat_v9.pkl,1,False,0.003031781641766429
1s72.cif,1096,0,1096,UGGUCUCG,1136,,U,1143,,G,"0:1136,0:1137,0:1138,0:1139,0:1140,0:1141,0:1142,0:1143",GAT,exact-facility-location-gat_v9.pkl,1,False,0.007617831230163574
1s72.cif,1097,0,1097,GGUCUCGA,1137,,G,1144,,A,"0:1137,0:1138,0:1139,0:1140,0:1141,0:1142,0:1143,0:1144",GAT,exact-facility-location-gat_v9.pkl,1,False,0.012187426909804344
1s72.cif,1098,0,1098,GUCUCGAG,1138,,G,1145,,G,"0:1138,0:1139,0:1140,0:1141,0:1142,0:1143,0:1144,0:1145",GAT,exact-facility-location-gat_v9.pkl,1,False,0.000815909297671169
1s72.cif,1099,0,1099,UCUCGAGC,1139,,U,1146,,C,"0:1139,0:1140,0:1141,0:1142,0:1143,0:1144,0:1145,0:1146",GAT,exact-facility-location-gat_v9.pkl,1,False,0.0007952327141538262
1s72.cif,1100,0,1100,CUCGAGCC,1140,,C,1147,,C,"0:1140,0:1141,0:1142,0:1143,0:1144,0:1145,0:1146,0:1147",GAT,exact-facility-location-gat_v9.pkl,1,False,0.0008508883183822036
1s72.cif,1101,0,1101,UCGAGCCC,1141,,U,1148,,C,"0:1141,0:1142,0:1143,0:1144,0:1145,0:1146,0:1147,0:1148",GAT,exact-facility-location-gat_v9.pkl,1,False,0.0007570731686428189
1s72.cif,1102,0,1102,CGAGCCCU,1142,,C,1149,,U,"0:1142,0:1143,0:1144,0:1145,0:1146,0:1147,0:1148,0:1149",GAT,exact-facility-location-gat_v9.pkl,1,False,0.00033630148391239345
1s72.cif,1103,0,1103,GAGCCCUA,1143,,G,1150,,A,"0:1143,0:1144,0:1145,0:1146,0:1147,0:1148,0:1149,0:1150",GAT,exact-facility-location-gat_v9.pkl,1,False,0.0005816128104925156
1s72.cif,1104,0,1104,AGCCCUAG,1144,,A,1151,,G,"0:1144,0:1145,0:1146,0:1147,0:1148,0:1149,0:1150,0:1151",GAT,exact-facility-location-gat_v9.pkl,1,False,0.00014021166134625673
1s72.cif,1105,0,1105,GCCCUAGA,1145,,G,1152,,A,"0:1145,0:1146,0:1147,0:1148,0:1149,0:1150,0:1151,0:1152",GAT,exact-facility-location-gat_v9.pkl,1,False,0.00027191208209842443
1s72.cif,1106,0,1106,CCCUAGAC,1146,,C,1153,,C,"0:1146,0:1147,0:1148,0:1149,0:1150,0:1151,0:1152,0:1153",GAT,exact-facility-location-gat_v9.pkl,1,False,0.0005785297253169119
1s72.cif,1107,0,1107,CCUAGACA,1147,,C,1154,,A,"0:1147,0:1148,0:1149,0:1150,0:1151,0:1152,0:1153,0:1154",GAT,exact-facility-location-gat_v9.pkl,1,False,0.0008287710370495915
1s72.cif,1108,0,1108,CUAGACAG,1148,,C,1155,,G,"0:1148,0:1149,0:1150,0:1151,0:1152,0:1153,0:1154,0:1155",GAT,exact-facility-location-gat_v9.pkl,1,False,0.0004154852358624339
1s72.cif,1109,0,1109,UAGACAGC,1149,,U,1156,,C,"0:1149,0:1150,0:1151,0:1152,0:1153,0:1154,0:1155,0:1156",GAT,exact-facility-location-gat_v9.pkl,1,False,0.0005534236552193761
1s72.cif,1110,0,1110,AGACAGCC,1150,,A,1157,,C,"0:1150,0:1151,0:1152,0:1153,0:1154,0:1155,0:1156,0:1157",GAT,exact-facility-location-gat_v9.pkl,1,False,0.02648145705461502
1s72.cif,1111,0,1111,GACAGCCG,1151,,G,1158,,G,"0:1151,0:1152,0:1153,0:1154,0:1155,0:1156,0:1157,0:1158",GAT,exact-facility-location-gat_v9.pkl,1,False,0.000774194544646889
1s72.cif,1112,0,1112,ACAGCCGG,1152,,A,1159,,G,"0:1152,0:1153,0:1154,0:1155,0:1156,0:1157,0:1158,0:1159",GAT,exact-facility-location-gat_v9.pkl,1,False,0.000603815889917314
1s72.cif,1113,0,1113,CAGCCGGG,1153,,C,1160,,G,"0:1153,0:1154,0:1155,0:1156,0:1157,0:1158,0:1159,0:1160",GAT,exact-facility-location-gat_v9.pkl,1,False,0.0006186143145896494
1s72.cif,1114,0,1114,AGCCGGGA,1154,,A,1161,,A,"0:1154,0:1155,0:1156,0:1157,0:1158,0:1159,0:1160,0:1161",GAT,exact-facility-location-gat_v9.pkl,1,False,0.0007534181931987405
1s72.cif,1115,0,1115,GCCGGGAG,1155,,G,1162,,G,"0:1155,0:1156,0:1157,0:1158,0:1159,0:1160,0:1161,0:1162",GAT,exact-facility-location-gat_v9.pkl,1,False,1.133605110226199e-05
1s72.cif,1116,0,1116,CCGGGAGG,1156,,C,1163,,G,"0:1156,0:1157,0:1158,0:1159,0:1160,0:1161,0:1162,0:1163",GAT,exact-facility-location-gat_v9.pkl,1,False,8.382860869460274e-06
1s72.cif,1117,0,1117,CGGGAGGU,1157,,C,1164,,U,"0:1157,0:1158,0:1159,0:1160,0:1161,0:1162,0:1163,0:1164",GAT,exact-facility-location-gat_v9.pkl,1,False,7.7733704529237e-05
1s72.cif,1118,0,1118,GGGAGGUG,1158,,G,1165,,G,"0:1158,0:1159,0:1160,0:1161,0:1162,0:1163,0:1164,0:1165",GAT,exact-facility-location-gat_v9.pkl,1,False,0.0019884195644408464
1s72.cif,1119,0,1119,GGAGGUGA,1159,,G,1166,,A,"0:1159,0:1160,0:1161,0:1162,0:1163,0:1164,0:1165,0:1166",GAT,exact-facility-location-gat_v9.pkl,1,False,0.00419470202177763
1s72.cif,1120,0,1120,GAGGUGAG,1160,,G,1167,,G,"0:1160,0:1161,0:1162,0:1163,0:1164,0:1165,0:1166,0:1167",GAT,exact-facility-location-gat_v9.pkl,1,False,0.0004522867384366691
1s72.cif,1121,0,1121,AGGUGAGC,1161,,A,1168,,C,"0:1161,0:1162,0:1163,0:1164,0:1165,0:1166,0:1167,0:1168",GAT,exact-facility-location-gat_v9.pkl,1,False,2.3154752852860838e-05
1s72.cif,1122,0,1122,GGUGAGCU,1162,,G,1169,,U,"0:1162,0:1163,0:1164,0:1165,0:1166,0:1167,0:1168,0:1169",GAT,exact-facility-location-gat_v9.pkl,1,False,2.3677674107602797e-05
1s72.cif,1123,0,1123,GUGAGCUU,1163,,G,1170,,U,"0:1163,0:1164,0:1165,0:1166,0:1167,0:1168,0:1169,0:1170",GAT,exact-facility-location-gat_v9.pkl,1,False,0.0007770960219204426
1s72.cif,1124,0,1124,UGAGCUUA,1164,,U,1171,,A,"0:1164,0:1165,0:1166,0:1167,0:1168,0:1169,0:1170,0:1171",GAT,exact-facility-location-gat_v9.pkl,1,False,0.0395747609436512
1s72.cif,1125,0,1125,GAGCUUAG,1165,,G,1172,,G,"0:1165,0:1166,0:1167,0:1168,0:1169,0:1170,0:1171,0:1172",GAT,exact-facility-location-gat_v9.pkl,1,False,0.03525622561573982
1s72.cif,1126,0,1126,AGCUUAGA,1166,,A,1173,,A,"0:1166,0:1167,0:1168,0:1169,0:1170,0:1171,0:1172,0:1173",GAT,exact-facility-location-gat_v9.pkl,1,False,0.01822781376540661
1s72.cif,1127,0,1127,GCUUAGAA,1167,,G,1174,,A,"0:1167,0:1168,0:1169,0:1170,0:1171,0:1172,0:1173,0:1174",GAT,exact-facility-location-gat_v9.pkl,1,False,0.02760114148259163
1s72.cif,1128,0,1128,CUUAGAAG,1168,,C,1175,,G,"0:1168,0:1169,0:1170,0:1171,0:1172,0:1173,0:1174,0:1175",GAT,exact-facility-location-gat_v9.pkl,1,False,0.01596333272755146
1s72.cif,1129,0,1129,UUAGAAGC,1169,,U,1176,,C,"0:1169,0:1170,0:1171,0:1172,0:1173,0:1174,0:1175,0:1176",GAT,exact-facility-location-gat_v9.pkl,1,False,0.0011264773784205317
1s72.cif,1130,0,1130,UAGAAGCA,1170,,U,1177,,A,"0:1170,0:1171,0:1172,0:1173,0:1174,0:1175,0:1176,0:1177",GAT,exact-facility-location-gat_v9.pkl,1,False,0.0012719640508294106
1s72.cif,1131,0,1131,AGAAGCAG,1171,,A,1178,,G,"0:1171,0:1172,0:1173,0:1174,0:1175,0:1176,0:1177,0:1178",GAT,exact-facility-location-gat_v9.pkl,1,False,0.006091814022511244
1s72.cif,1132,0,1132,GAAGCAGC,1172,,G,1179,,C,"0:1172,0:1173,0:1174,0:1175,0:1176,0:1177,0:1178,0:1179",GAT,exact-facility-location-gat_v9.pkl,1,False,0.002214294159784913
1s72.cif,1133,0,1133,AAGCAGCU,1173,,A,1180,,U,"0:1173,0:1174,0:1175,0:1176,0:1177,0:1178,0:1179,0:1180",GAT,exact-facility-location-gat_v9.pkl,1,False,0.0017555418889969587
1s72.cif,1134,0,1134,AGCAGCUA,1174,,A,1181,,A,"0:1174,0:1175,0:1176,0:1177,0:1178,0:1179,0:1180,0:1181",GAT,exact-facility-location-gat_v9.pkl,1,False,0.0034385728649795055
1s72.cif,1135,0,1135,GCAGCUAC,1175,,G,1182,,C,"0:1175,0:1176,0:1177,0:1178,0:1179,0:1180,0:1181,0:1182",GAT,exact-facility-location-gat_v9.pkl,1,False,0.011115768924355507
1s72.cif,1136,0,1136,CAGCUACC,1176,,C,1183,,C,"0:1176,0:1177,0:1178,0:1179,0:1180,0:1181,0:1182,0:1183",GAT,exact-facility-location-gat_v9.pkl,1,False,0.008146245032548904
1s72.cif,1137,0,1137,AGCUACCC,1177,,A,1184,,C,"0:1177,0:1178,0:1179,0:1180,0:1181,0:1182,0:1183,0:1184",GAT,exact-facility-location-gat_v9.pkl,1,False,0.0003090432146564126
1s72.cif,1138,0,1138,GCUACCCU,1178,,G,1185,,U,"0:1178,0:1179,0:1180,0:1181,0:1182,0:1183,0:1184,0:1185",GAT,exact-facility-location-gat_v9.pkl,1,False,0.0005008891457691789
1s72.cif,1139,0,1139,CUACCCUC,1179,,C,1186,,C,"0:1179,0:1180,0:1181,0:1182,0:1183,0:1184,0:1185,0:1186",GAT,exact-facility-location-gat_v9.pkl,1,False,0.0009260979713872075
1s72.cif,1140,0,1140,UACCCUCU,1180,,U,1187,,U,"0:1180,0:1181,0:1182,0:1183,0:1184,0:1185,0:1186,0:1187",GAT,exact-facility-location-gat_v9.pkl,1,False,0.00020756835874635726
1s72.cif,1141,0,1141,ACCCUCUA,1181,,A,1188,,A,"0:1181,0:1182,0:1183,0:1184,0:1185,0:1186,0:1187,0:1188",GAT,exact-facility-location-gat_v9.pkl,1,False,0.0017114196671172976
1s72.cif,1142,0,1142,CCCUCUAA,1182,,C,1189,,A,"0:1182,0:1183,0:1184,0:1185,0:1186,0:1187,0:1188,0:1189",GAT,exact-facility-location-gat_v9.pkl,1,False,0.014022785238921642
1s72.cif,1143,0,1143,CCUCUAAG,1183,,C,1190,,G,"0:1183,0:1184,0:1185,0:1186,0:1187,0:1188,0:1189,0:1190",GAT,exact-facility-location-gat_v9.pkl,1,False,0.1286577582359314
1s72.cif,1144,0,1144,CUCUAAGA,1184,,C,1191,,A,"0:1184,0:1185,0:1186,0:1187,0:1188,0:1189,0:1190,0:1191",GAT,exact-facility-location-gat_v9.pkl,1,False,0.09726991504430771
1s72.cif,1145,0,1145,UCUAAGAA,1185,,U,1192,,A,"0:1185,0:1186,0:1187,0:1188,0:1189,0:1190,0:1191,0:1192",GAT,exact-facility-location-gat_v9.pkl,1,False,0.05484155938029289
1s72.cif,1146,0,1146,CUAAGAAA,1186,,C,1193,,A,"0:1186,0:1187,0:1188,0:1189,0:1190,0:1191,0:1192,0:1193",GAT,exact-facility-location-gat_v9.pkl,1,False,0.00388852646574378
1s72.cif,1147,0,1147,UAAGAAAA,1187,,U,1194,,A,"0:1187,0:1188,0:1189,0:1190,0:1191,0:1192,0:1193,0:1194",GAT,exact-facility-location-gat_v9.pkl,1,False,2.539895285735838e-05
1s72.cif,1148,0,1148,AAGAAAAG,1188,,A,1195,,G,"0:1188,0:1189,0:1190,0:1191,0:1192,0:1193,0:1194,0:1195",GAT,exact-facility-location-gat_v9.pkl,1,False,0.0001139022278948687
1s72.cif,1149,0,1149,AGAAAAGC,1189,,A,1196,,C,"0:1189,0:1190,0:1191,0:1192,0:1193,0:1194,0:1195,0:1196",GAT,exact-facility-location-gat_v9.pkl,1,False,0.0021127797663211823
1s72.cif,1150,0,1150,GAAAAGCG,1190,,G,1197,,G,"0:1190,0:1191,0:1192,0:1193,0:1194,0:1195,0:1196,0:1197",GAT,exact-facility-location-gat_v9.pkl,1,False,0.0010718839475885034
1s72.cif,1151,0,1151,AAAAGCGU,1191,,A,1198,,U,"0:1191,0:1192,0:1193,0:1194,0:1195,0:1196,0:1197,0:1198",GAT,exact-facility-location-gat_v9.pkl,1,False,0.0018497197888791561
1s72.cif,1152,0,1152,AAAGCGUA,1192,,A,1199,,A,"0:1192,0:1193,0:1194,0:1195,0:1196,0:1197,0:1198,0:1199",GAT,exact-facility-location-gat_v9.pkl,1,False,0.011646845377981663
1s72.cif,1153,0,1153,AAGCGUAA,1193,,A,1200,,A,"0:1193,0:1194,0:1195,0:1196,0:1197,0:1198,0:1199,0:1200",GAT,exact-facility-location-gat_v9.pkl,1,False,0.006837648339569569
1s72.cif,1154,0,1154,AGCGUAAC,1194,,A,1201,,C,"0:1194,0:1195,0:1196,0:1197,0:1198,0:1199,0:1200,0:1201",GAT,exact-facility-location-gat_v9.pkl,1,False,0.006203046999871731
1s72.cif,1155,0,1155,GCGUAACA,1195,,G,1202,,A,"0:1195,0:1196,0:1197,0:1198,0:1199,0:1200,0:1201,0:1202",GAT,exact-facility-location-gat_v9.pkl,1,False,0.00048000068636611104
1s72.cif,1156,0,1156,CGUAACAG,1196,,C,1203,,G,"0:1196,0:1197,0:1198,0:1199,0:1200,0:1201,0:1202,0:1203",GAT,exact-facility-location-gat_v9.pkl,1,False,0.17289462685585022
1s72.cif,1157,0,1157,GUAACAGC,1197,,G,1204,,C,"0:1197,0:1198,0:1199,0:1200,0:1201,0:1202,0:1203,0:1204",GAT,exact-facility-location-gat_v9.pkl,1,False,0.03963755816221237
1s72.cif,1158,0,1158,UAACAGCU,1198,,U,1205,,U,"0:1198,0:1199,0:1200,0:1201,0:1202,0:1203,0:1204,0:1205",GAT,exact-facility-location-gat_v9.pkl,1,False,0.004284509923309088
1s72.cif,1159,0,1159,AACAGCUU,1199,,A,1206,,U,"0:1199,0:1200,0:1201,0:1202,0:1203,0:1204,0:1205,0:1206",GAT,exact-facility-location-gat_v9.pkl,1,False,0.0008057572413235903
1s72.cif,1160,0,1160,ACAGCUUA,1200,,A,1207,,A,"0:1200,0:1201,0:1202,0:1203,0:1204,0:1205,0:1206,0:1207",GAT,exact-facility-location-gat_v9.pkl,1,False,0.0009031701483763754
1s72.cif,1161,0,1161,CAGCUUAC,1201,,C,1208,,C,"0:1201,0:1202,0:1203,0:1204,0:1205,0:1206,0:1207,0:1208",GAT,exact-facility-location-gat_v9.pkl,1,False,0.0007114635081961751
1s72.cif,1162,0,1162,AGCUUACC,1202,,A,1209,,C,"0:1202,0:1203,0:1204,0:1205,0:1206,0:1207,0:1208,0:1209",GAT,exact-facility-location-gat_v9.pkl,1,False,0.0007370298844762146
1s72.cif,1163,0,1163,GCUUACCG,1203,,G,1210,,G,"0:1203,0:1204,0:1205,0:1206,0:1207,0:1208,0:1209,0:1210",GAT,exact-facility-location-gat_v9.pkl,1,False,0.0006667017005383968
1s72.cif,1164,0,1164,CUUACCGG,1204,,C,1211,,G,"0:1204,0:1205,0:1206,0:1207,0:1208,0:1209,0:1210,0:1211",GAT,exact-facility-location-gat_v9.pkl,1,False,0.000813287973869592
1s72.cif,1165,0,1165,UUACCGGC,1205,,U,1212,,C,"0:1205,0:1206,0:1207,0:1208,0:1209,0:1210,0:1211,0:1212",GAT,exact-facility-location-gat_v9.pkl,1,False,0.0007366057252511382
1s72.cif,1166,0,1166,UACCGGCC,1206,,U,1213,,C,"0:1206,0:1207,0:1208,0:1209,0:1210,0:1211,0:1212,0:1213",GAT,exact-facility-location-gat_v9.pkl,1,False,0.0006169850821606815
1s72.cif,1167,0,1167,ACCGGCCG,1207,,A,1214,,G,"0:1207,0:1208,0:1209,0:1210,0:1211,0:1212,0:1213,0:1214",GAT,exact-facility-location-gat_v9.pkl,1,False,0.0003935600398108363
1s72.cif,1168,0,1168,CCGGCCGA,1208,,C,1215,,A,"0:1208,0:1209,0:1210,0:1211,0:1212,0:1213,0:1214,0:1215",GAT,exact-facility-location-gat_v9.pkl,1,False,0.0019956922624260187
1s72.cif,1169,0,1169,CGGCCGAG,1209,,C,1216,,G,"0:1209,0:1210,0:1211,0:1212,0:1213,0:1214,0:1215,0:1216",GAT,exact-facility-location-gat_v9.pkl,1,False,0.009111118502914906
1s72.cif,1170,0,1170,GGCCGAGG,1210,,G,1217,,G,"0:1210,0:1211,0:1212,0:1213,0:1214,0:1215,0:1216,0:1217",GAT,exact-facility-location-gat_v9.pkl,1,False,0.032193075865507126
1s72.cif,1171,0,1171,GCCGAGGU,1211,,G,1218,,U,"0:1211,0:1212,0:1213,0:1214,0:1215,0:1216,0:1217,0:1218",GAT,exact-facility-location-gat_v9.pkl,1,False,0.0152730792760849
1s72.cif,1172,0,1172,CCGAGGUU,1212,,C,1219,,U,"0:1212,0:1213,0:1214,0:1215,0:1216,0:1217,0:1218,0:1219",GAT,exact-facility-location-gat_v9.pkl,1,False,0.0008552903891541064
1s72.cif,1173,0,1173,CGAGGUUU,1213,,C,1220,,U,"0:1213,0:1214,0:1215,0:1216,0:1217,0:1218,0:1219,0:1220",GAT,exact-facility-location-gat_v9.pkl,1,False,2.2486136003863066e-05
1s72.cif,1174,0,1174,GAGGUUUG,1214,,G,1221,,G,"0:1214,0:1215,0:1216,0:1217,0:1218,0:1219,0:1220,0:1221",GAT,exact-facility-location-gat_v9.pkl,1,False,0.0004389354435261339
1s72.cif,1175,0,1175,AGGUUUGA,1215,,A,1222,,A,"0:1215,0:1216,0:1217,0:1218,0:1219,0:1220,0:1221,0:1222",GAT,exact-facility-location-gat_v9.pkl,1,False,0.0011286298977211118
1s72.cif,1176,0,1176,GGUUUGAG,1216,,G,1223,,G,"0:1216,0:1217,0:1218,0:1219,0:1220,0:1221,0:1222,0:1223",GAT,exact-facility-location-gat_v9.pkl,1,False,0.0011022294638678432
1s72.cif,1177,0,1177,GUUUGAGG,1217,,G,1224,,G,"0:1217,0:1218,0:1219,0:1220,0:1221,0:1222,0:1223,0:1224",GAT,exact-facility-location-gat_v9.pkl,1,False,0.0009541215840727091
1s72.cif,1178,0,1178,UUUGAGGC,1218,,U,1225,,C,"0:1218,0:1219,0:1220,0:1221,0:1222,0:1223,0:1224,0:1225",GAT,exact-facility-location-gat_v9.pkl,1,False,0.0006993311108089983
1s72.cif,1179,0,1179,UUGAGGCG,1219,,U,1226,,G,"0:1219,0:1220,0:1221,0:1222,0:1223,0:1224,0:1225,0:1226",GAT,exact-facility-location-gat_v9.pkl,1,False,0.0008487890008836985
1s72.cif,1180,0,1180,UGAGGCGC,1220,,U,1227,,C,"0:1220,0:1221,0:1222,0:1223,0:1224,0:1225,0:1226,0:1227",GAT,exact-facility-location-gat_v9.pkl,1,False,0.001087223761714995
1s72.cif,1181,0,1181,GAGGCGCC,1221,,G,1228,,C,"0:1221,0:1222,0:1223,0:1224,0:1225,0:1226,0:1227,0:1228",GAT,exact-facility-location-gat_v9.pkl,1,False,0.0011908566812053323
1s72.cif,1182,0,1182,AGGCGCCC,1222,,A,1229,,C,"0:1222,0:1223,0:1224,0:1225,0:1226,0:1227,0:1228,0:1229",GAT,exact-facility-location-gat_v9.pkl,1,False,0.0008069581817835569
1s72.cif,1183,0,1183,GGCGCCCA,1223,,G,1230,,A,"0:1223,0:1224,0:1225,0:1226,0:1227,0:1228,0:1229,0:1230",GAT,exact-facility-location-gat_v9.pkl,1,False,0.00064576551085338
1s72.cif,1184,0,1184,GCGCCCAA,1224,,G,1231,,A,"0:1224,0:1225,0:1226,0:1227,0:1228,0:1229,0:1230,0:1231",GAT,exact-facility-location-gat_v9.pkl,1,False,0.00015144572535064071
1s72.cif,1185,0,1185,CGCCCAAA,1225,,C,1232,,A,"0:1225,0:1226,0:1227,0:1228,0:1229,0:1230,0:1231,0:1232",GAT,exact-facility-location-gat_v9.pkl,1,False,0.00017276371363550425
1s72.cif,1186,0,1186,GCCCAAAA,1226,,G,1233,,A,"0:1226,0:1227,0:1228,0:1229,0:1230,0:1231,0:1232,0:1233",GAT,exact-facility-location-gat_v9.pkl,1,False,0.0003896237467415631
1s72.cif,1187,0,1187,CCCAAAAU,1227,,C,1234,,U,"0:1227,0:1228,0:1229,0:1230,0:1231,0:1232,0:1233,0:1234",GAT,exact-facility-location-gat_v9.pkl,1,False,0.0016785229090601206
1s72.cif,1188,0,1188,CCAAAAUG,1228,,C,1235,,G,"0:1228,0:1229,0:1230,0:1231,0:1232,0:1233,0:1234,0:1235",GAT,exact-facility-location-gat_v9.pkl,1,False,0.003944027703255415
1s72.cif,1189,0,1189,CAAAAUGA,1229,,C,1236,,A,"0:1229,0:1230,0:1231,0:1232,0:1233,0:1234,0:1235,0:1236",GAT,exact-facility-location-gat_v9.pkl,1,False,0.017939729616045952
1s72.cif,1190,0,1190,AAAAUGAU,1230,,A,1237,,U,"0:1230,0:1231,0:1232,0:1233,0:1234,0:1235,0:1236,0:1237",GAT,exact-facility-location-gat_v9.pkl,1,False,0.11073317378759384
1s72.cif,1191,0,1191,AAAUGAUC,1231,,A,1238,,C,"0:1231,0:1232,0:1233,0:1234,0:1235,0:1236,0:1237,0:1238",GAT,exact-facility-location-gat_v9.pkl,1,False,0.002120083197951317
1s72.cif,1192,0,1192,AAUGAUCG,1232,,A,1239,,G,"0:1232,0:1233,0:1234,0:1235,0:1236,0:1237,0:1238,0:1239",GAT,exact-facility-location-gat_v9.pkl,1,False,0.00014938389358576387
1s72.cif,1193,0,1193,AUGAUCGG,1233,,A,1240,,G,"0:1233,0:1234,0:1235,0:1236,0:1237,0:1238,0:1239,0:1240",GAT,exact-facility-location-gat_v9.pkl,1,False,0.0002764977398328483
1s72.cif,1194,0,1194,UGAUCGGG,1234,,U,1241,,G,"0:1234,0:1235,0:1236,0:1237,0:1238,0:1239,0:1240,0:1241",GAT,exact-facility-location-gat_v9.pkl,1,False,0.0003186471585649997
1s72.cif,1195,0,1195,GAUCGGGA,1235,,G,1242,,A,"0:1235,0:1236,0:1237,0:1238,0:1239,0:1240,0:1241,0:1242",GAT,exact-facility-location-gat_v9.pkl,1,False,0.00018184517102781683
1s72.cif,1196,0,1196,AUCGGGAC,1236,,A,1243,,C,"0:1236,0:1237,0:1238,0:1239,0:1240,0:1241,0:1242,0:1243",GAT,exact-facility-location-gat_v9.pkl,1,False,0.0024669442791491747
1s72.cif,1197,0,1197,UCGGGACU,1237,,U,1244,,U,"0:1237,0:1238,0:1239,0:1240,0:1241,0:1242,0:1243,0:1244",GAT,exact-facility-location-gat_v9.pkl,1,False,0.017845027148723602
1s72.cif,1198,0,1198,CGGGACUC,1238,,C,1245,,C,"0:1238,0:1239,0:1240,0:1241,0:1242,0:1243,0:1244,0:1245",GAT,exact-facility-location-gat_v9.pkl,1,False,0.0002921845589298755
1s72.cif,1199,0,1199,GGGACUCA,1239,,G,1246,,A,"0:1239,0:1240,0:1241,0:1242,0:1243,0:1244,0:1245,0:1246",GAT,exact-facility-location-gat_v9.pkl,1,False,0.003591676941141486
1s72.cif,1200,0,1200,GGACUCAA,1240,,G,1247,,A,"0:1240,0:1241,0:1242,0:1243,0:1244,0:1245,0:1246,0:1247",GAT,exact-facility-location-gat_v9.pkl,1,False,0.021833984181284904
1s72.cif,1201,0,1201,GACUCAAA,1241,,G,1248,,A,"0:1241,0:1242,0:1243,0:1244,0:1245,0:1246,0:1247,0:1248",GAT,exact-facility-location-gat_v9.pkl,1,False,0.0017931422917172313
1s72.cif,1202,0,1202,ACUCAAAU,1242,,A,1249,,U,"0:1242,0:1243,0:1244,0:1245,0:1246,0:1247,0:1248,0:1249",GAT,exact-facility-location-gat_v9.pkl,1,False,0.00023380164930131286
1s72.cif,1203,0,1203,CUCAAAUC,1243,,C,1250,,C,"0:1243,0:1244,0:1245,0:1246,0:1247,0:1248,0:1249,0:1250",GAT,exact-facility-location-gat_v9.pkl,1,False,0.0005089128972031176
1s72.cif,1204,0,1204,UCAAAUCC,1244,,U,1251,,C,"0:1244,0:1245,0:1246,0:1247,0:1248,0:1249,0:1250,0:1251",GAT,exact-facility-location-gat_v9.pkl,1,False,0.0034067784436047077
1s72.cif,1205,0,1205,CAAAUCCA,1245,,C,1252,,A,"0:1245,0:1246,0:1247,0:1248,0:1249,0:1250,0:1251,0:1252",GAT,exact-facility-location-gat_v9.pkl,1,False,0.0010287968907505274
1s72.cif,1206,0,1206,AAAUCCAC,1246,,A,1253,,C,"0:1246,0:1247,0:1248,0:1249,0:1250,0:1251,0:1252,0:1253",GAT,exact-facility-location-gat_v9.pkl,1,False,0.005917853210121393
1s72.cif,1207,0,1207,AAUCCACC,1247,,A,1254,,C,"0:1247,0:1248,0:1249,0:1250,0:1251,0:1252,0:1253,0:1254",GAT,exact-facility-location-gat_v9.pkl,1,False,0.009504067711532116
1s72.cif,1208,0,1208,AUCCACCA,1248,,A,1255,,A,"0:1248,0:1249,0:1250,0:1251,0:1252,0:1253,0:1254,0:1255",GAT,exact-facility-location-gat_v9.pkl,1,False,0.0023556924425065517
1s72.cif,1209,0,1209,UCCACCAC,1249,,U,1256,,C,"0:1249,0:1250,0:1251,0:1252,0:1253,0:1254,0:1255,0:1256",GAT,exact-facility-location-gat_v9.pkl,1,False,0.001299257972277701
1s72.cif,1210,0,1210,CCACCACC,1250,,C,1257,,C,"0:1250,0:1251,0:1252,0:1253,0:1254,0:1255,0:1256,0:1257",GAT,exact-facility-location-gat_v9.pkl,1,False,0.0016390864038839936
1s72.cif,1211,0,1211,CACCACCG,1251,,C,1258,,G,"0:1251,0:1252,0:1253,0:1254,0:1255,0:1256,0:1257,0:1258",GAT,exact-facility-location-gat_v9.pkl,1,False,0.0011683010961860418
1s72.cif,1212,0,1212,ACCACCGA,1252,,A,1259,,A,"0:1252,0:1253,0:1254,0:1255,0:1256,0:1257,0:1258,0:1259",GAT,exact-facility-location-gat_v9.pkl,1,False,0.0003323709825053811
1s72.cif,1213,0,1213,CCACCGAG,1253,,C,1260,,G,"0:1253,0:1254,0:1255,0:1256,0:1257,0:1258,0:1259,0:1260",GAT,exact-facility-location-gat_v9.pkl,1,False,0.00018130741955246776
1s72.cif,1214,0,1214,CACCGAGA,1254,,C,1261,,A,"0:1254,0:1255,0:1256,0:1257,0:1258,0:1259,0:1260,0:1261",GAT,exact-facility-location-gat_v9.pkl,1,False,0.0030010652262717485
1s72.cif,1215,0,1215,ACCGAGAC,1255,,A,1262,,C,"0:1255,0:1256,0:1257,0:1258,0:1259,0:1260,0:1261,0:1262",GAT,exact-facility-location-gat_v9.pkl,1,False,0.004777148831635714
1s72.cif,1216,0,1216,CCGAGACC,1256,,C,1263,,C,"0:1256,0:1257,0:1258,0:1259,0:1260,0:1261,0:1262,0:1263",GAT,exact-facility-location-gat_v9.pkl,1,False,0.014880100265145302
1s72.cif,1217,0,1217,CGAGACCU,1257,,C,1264,,U,"0:1257,0:1258,0:1259,0:1260,0:1261,0:1262,0:1263,0:1264",GAT,exact-facility-location-gat_v9.pkl,1,False,0.004155997186899185
1s72.cif,1218,0,1218,GAGACCUG,1258,,G,1265,,G,"0:1258,0:1259,0:1260,0:1261,0:1262,0:1263,0:1264,0:1265",GAT,exact-facility-location-gat_v9.pkl,1,False,0.0011117126559838653
1s72.cif,1219,0,1219,AGACCUGU,1259,,A,1266,,U,"0:1259,0:1260,0:1261,0:1262,0:1263,0:1264,0:1265,0:1266",GAT,exact-facility-location-gat_v9.pkl,1,False,0.0023194188252091408
1s72.cif,1220,0,1220,GACCUGUC,1260,,G,1267,,C,"0:1260,0:1261,0:1262,0:1263,0:1264,0:1265,0:1266,0:1267",GAT,exact-facility-location-gat_v9.pkl,1,False,0.0017724927747622132
1s72.cif,1221,0,1221,ACCUGUCC,1261,,A,1268,,C,"0:1261,0:1262,0:1263,0:1264,0:1265,0:1266,0:1267,0:1268",GAT,exact-facility-location-gat_v9.pkl,1,False,0.0015137798618525267
1s72.cif,1222,0,1222,CCUGUCCG,1262,,C,1269,,G,"0:1262,0:1263,0:1264,0:1265,0:1266,0:1267,0:1268,0:1269",GAT,exact-facility-location-gat_v9.pkl,1,False,0.001821505487896502
1s72.cif,1223,0,1223,CUGUCCGU,1263,,C,1270,,U,"0:1263,0:1264,0:1265,0:1266,0:1267,0:1268,0:1269,0:1270",GAT,exact-facility-location-gat_v9.pkl,1,False,0.0012388699688017368
1s72.cif,1224,0,1224,UGUCCGUA,1264,,U,1271,,A,"0:1264,0:1265,0:1266,0:1267,0:1268,0:1269,0:1270,0:1271",GAT,exact-facility-location-gat_v9.pkl,1,False,0.0005311105633154511
1s72.cif,1225,0,1225,GUCCGUAC,1265,,G,1272,,C,"0:1265,0:1266,0:1267,0:1268,0:1269,0:1270,0:1271,0:1272",GAT,exact-facility-location-gat_v9.pkl,1,False,0.0005791434668935835
1s72.cif,1226,0,1226,UCCGUACC,1266,,U,1273,,C,"0:1266,0:1267,0:1268,0:1269,0:1270,0:1271,0:1272,0:1273",GAT,exact-facility-location-gat_v9.pkl,1,False,0.0008847315330058336
1s72.cif,1227,0,1227,CCGUACCA,1267,,C,1274,,A,"0:1267,0:1268,0:1269,0:1270,0:1271,0:1272,0:1273,0:1274",GAT,exact-facility-location-gat_v9.pkl,1,False,0.0007864022627472878
1s72.cif,1228,0,1228,CGUACCAC,1268,,C,1275,,C,"0:1268,0:1269,0:1270,0:1271,0:1272,0:1273,0:1274,0:1275",GAT,exact-facility-location-gat_v9.pkl,1,False,0.000579700106754899
1s72.cif,1229,0,1229,GUACCACU,1269,,G,1276,,U,"0:1269,0:1270,0:1271,0:1272,0:1273,0:1274,0:1275,0:1276",GAT,exact-facility-location-gat_v9.pkl,1,False,0.0005514327785931528
1s72.cif,1230,0,1230,UACCACUC,1270,,U,1277,,C,"0:1270,0:1271,0:1272,0:1273,0:1274,0:1275,0:1276,0:1277",GAT,exact-facility-location-gat_v9.pkl,1,False,0.000483587384223938
1s72.cif,1231,0,1231,ACCACUCA,1271,,A,1278,,A,"0:1271,0:1272,0:1273,0:1274,0:1275,0:1276,0:1277,0:1278",GAT,exact-facility-location-gat_v9.pkl,1,False,0.019272733479738235
1s72.cif,1232,0,1232,CCACUCAU,1272,,C,1279,,U,"0:1272,0:1273,0:1274,0:1275,0:1276,0:1277,0:1278,0:1279",GAT,exact-facility-location-gat_v9.pkl,1,False,0.012192972004413605
1s72.cif,1233,0,1233,CACUCAUA,1273,,C,1280,,A,"0:1273,0:1274,0:1275,0:1276,0:1277,0:1278,0:1279,0:1280",GAT,exact-facility-location-gat_v9.pkl,1,False,0.001222388120368123
1s72.cif,1234,0,1234,ACUCAUAC,1274,,A,1281,,C,"0:1274,0:1275,0:1276,0:1277,0:1278,0:1279,0:1280,0:1281",GAT,exact-facility-location-gat_v9.pkl,1,False,0.000562468369025737
1s72.cif,1235,0,1235,CUCAUACU,1275,,C,1282,,U,"0:1275,0:1276,0:1277,0:1278,0:1279,0:1280,0:1281,0:1282",GAT,exact-facility-location-gat_v9.pkl,1,False,0.009251954033970833
1s72.cif,1236,0,1236,UCAUACUG,1276,,U,1283,,G,"0:1276,0:1277,0:1278,0:1279,0:1280,0:1281,0:1282,0:1283",GAT,exact-facility-location-gat_v9.pkl,1,False,0.006884869188070297
1s72.cif,1237,0,1237,CAUACUGG,1277,,C,1284,,G,"0:1277,0:1278,0:1279,0:1280,0:1281,0:1282,0:1283,0:1284",GAT,exact-facility-location-gat_v9.pkl,1,False,0.00043118486064486206
1s72.cif,1238,0,1238,AUACUGGU,1278,,A,1285,,U,"0:1278,0:1279,0:1280,0:1281,0:1282,0:1283,0:1284,0:1285",GAT,exact-facility-location-gat_v9.pkl,1,False,0.004376849625259638
1s72.cif,1239,0,1239,UACUGGUA,1279,,U,1286,,A,"0:1279,0:1280,0:1281,0:1282,0:1283,0:1284,0:1285,0:1286",GAT,exact-facility-location-gat_v9.pkl,1,False,0.0012244659010320902
1s72.cif,1240,0,1240,ACUGGUAA,1280,,A,1287,,A,"0:1280,0:1281,0:1282,0:1283,0:1284,0:1285,0:1286,0:1287",GAT,exact-facility-location-gat_v9.pkl,1,False,0.00023163427249528468
1s72.cif,1241,0,1241,CUGGUAAU,1281,,C,1288,,U,"0:1281,0:1282,0:1283,0:1284,0:1285,0:1286,0:1287,0:1288",GAT,exact-facility-location-gat_v9.pkl,1,False,2.8077964088879526e-05
1s72.cif,1242,0,1242,UGGUAAUC,1282,,U,1289,,C,"0:1282,0:1283,0:1284,0:1285,0:1286,0:1287,0:1288,0:1289",GAT,exact-facility-location-gat_v9.pkl,1,False,0.0002056778612313792
1s72.cif,1243,0,1243,GGUAAUCG,1283,,G,1290,,G,"0:1283,0:1284,0:1285,0:1286,0:1287,0:1288,0:1289,0:1290",GAT,exact-facility-location-gat_v9.pkl,1,False,0.0006012734957039356
1s72.cif,1244,0,1244,GUAAUCGA,1284,,G,1291,,A,"0:1284,0:1285,0:1286,0:1287,0:1288,0:1289,0:1290,0:1291",GAT,exact-facility-location-gat_v9.pkl,1,False,0.00045574663090519607
1s72.cif,1245,0,1245,UAAUCGAG,1285,,U,1292,,G,"0:1285,0:1286,0:1287,0:1288,0:1289,0:1290,0:1291,0:1292",GAT,exact-facility-location-gat_v9.pkl,1,False,0.00010824848868651316
1s72.cif,1246,0,1246,AAUCGAGU,1286,,A,1293,,U,"0:1286,0:1287,0:1288,0:1289,0:1290,0:1291,0:1292,0:1293",GAT,exact-facility-location-gat_v9.pkl,1,False,9.620758646633476e-05
1s72.cif,1247,0,1247,AUCGAGUA,1287,,A,1294,,A,"0:1287,0:1288,0:1289,0:1290,0:1291,0:1292,0:1293,0:1294",GAT,exact-facility-location-gat_v9.pkl,1,False,0.00042695263982750475
1s72.cif,1248,0,1248,UCGAGUAG,1288,,U,1295,,G,"0:1288,0:1289,0:1290,0:1291,0:1292,0:1293,0:1294,0:1295",GAT,exact-facility-location-gat_v9.pkl,1,False,0.003822274971753359
1s72.cif,1249,0,1249,CGAGUAGA,1289,,C,1296,,A,"0:1289,0:1290,0:1291,0:1292,0:1293,0:1294,0:1295,0:1296",GAT,exact-facility-location-gat_v9.pkl,1,False,0.027781980112195015
1s72.cif,1250,0,1250,GAGUAGAU,1290,,G,1297,,U,"0:1290,0:1291,0:1292,0:1293,0:1294,0:1295,0:1296,0:1297",GAT,exact-facility-location-gat_v9.pkl,1,False,0.021633120253682137
1s72.cif,1251,0,1251,AGUAGAUU,1291,,A,1298,,U,"0:1291,0:1292,0:1293,0:1294,0:1295,0:1296,0:1297,0:1298",GAT,exact-facility-location-gat_v9.pkl,1,False,0.0018748671282082796
1s72.cif,1252,0,1252,GUAGAUUG,1292,,G,1299,,G,"0:1292,0:1293,0:1294,0:1295,0:1296,0:1297,0:1298,0:1299",GAT,exact-facility-location-gat_v9.pkl,1,False,0.0008224454359151423
1s72.cif,1253,0,1253,UAGAUUGG,1293,,U,1300,,G,"0:1293,0:1294,0:1295,0:1296,0:1297,0:1298,0:1299,0:1300",GAT,exact-facility-location-gat_v9.pkl,1,False,0.0007385091157630086
1s72.cif,1254,0,1254,AGAUUGGC,1294,,A,1301,,C,"0:1294,0:1295,0:1296,0:1297,0:1298,0:1299,0:1300,0:1301",GAT,exact-facility-location-gat_v9.pkl,1,False,0.001649008714593947
1s72.cif,1255,0,1255,GAUUGGCG,1295,,G,1302,,G,"0:1295,0:1296,0:1297,0:1298,0:1299,0:1300,0:1301,0:1302",GAT,exact-facility-location-gat_v9.pkl,1,False,0.0010911120334640145
1s72.cif,1256,0,1256,AUUGGCGC,1296,,A,1303,,C,"0:1296,0:1297,0:1298,0:1299,0:1300,0:1301,0:1302,0:1303",GAT,exact-facility-location-gat_v9.pkl,1,False,0.0006297793006524444
1s72.cif,1257,0,1257,UUGGCGCU,1297,,U,1304,,U,"0:1297,0:1298,0:1299,0:1300,0:1301,0:1302,0:1303,0:1304",GAT,exact-facility-location-gat_v9.pkl,1,False,0.00039817552897147834
1s72.cif,1258,0,1258,UGGCGCUC,1298,,U,1305,,C,"0:1298,0:1299,0:1300,0:1301,0:1302,0:1303,0:1304,0:1305",GAT,exact-facility-location-gat_v9.pkl,1,False,0.00042163580656051636
1s72.cif,1259,0,1259,GGCGCUCU,1299,,G,1306,,U,"0:1299,0:1300,0:1301,0:1302,0:1303,0:1304,0:1305,0:1306",GAT,exact-facility-location-gat_v9.pkl,1,False,0.001175090903416276
1s72.cif,1260,0,1260,GCGCUCUA,1300,,G,1307,,A,"0:1300,0:1301,0:1302,0:1303,0:1304,0:1305,0:1306,0:1307",GAT,exact-facility-location-gat_v9.pkl,1,False,0.00134058587718755
1s72.cif,1261,0,1261,CGCUCUAA,1301,,C,1308,,A,"0:1301,0:1302,0:1303,0:1304,0:1305,0:1306,0:1307,0:1308",GAT,exact-facility-location-gat_v9.pkl,1,False,0.0023869459982961416
1s72.cif,1262,0,1262,GCUCUAAU,1302,,G,1309,,U,"0:1302,0:1303,0:1304,0:1305,0:1306,0:1307,0:1308,0:1309",GAT,exact-facility-location-gat_v9.pkl,1,False,0.0020282682962715626
1s72.cif,1263,0,1263,CUCUAAUU,1303,,C,1310,,U,"0:1303,0:1304,0:1305,0:1306,0:1307,0:1308,0:1309,0:1310",GAT,exact-facility-location-gat_v9.pkl,1,False,0.0008899884414859116
1s72.cif,1264,0,1264,UCUAAUUG,1304,,U,1311,,G,"0:1304,0:1305,0:1306,0:1307,0:1308,0:1309,0:1310,0:1311",GAT,exact-facility-location-gat_v9.pkl,1,False,0.0020312180276960135
1s72.cif,1265,0,1265,CUAAUUGG,1305,,C,1312,,G,"0:1305,0:1306,0:1307,0:1308,0:1309,0:1310,0:1311,0:1312",GAT,exact-facility-location-gat_v9.pkl,1,False,0.0036013489589095116
1s72.cif,1266,0,1266,UAAUUGGA,1306,,U,1313,,A,"0:1306,0:1307,0:1308,0:1309,0:1310,0:1311,0:1312,0:1313",GAT,exact-facility-location-gat_v9.pkl,1,False,0.0016475759912282228
1s72.cif,1267,0,1267,AAUUGGAU,1307,,A,1314,,U,"0:1307,0:1308,0:1309,0:1310,0:1311,0:1312,0:1313,0:1314",GAT,exact-facility-location-gat_v9.pkl,1,False,0.0001401392073603347
1s72.cif,1268,0,1268,AUUGGAUG,1308,,A,1315,,G,"0:1308,0:1309,0:1310,0:1311,0:1312,0:1313,0:1314,0:1315",GAT,exact-facility-location-gat_v9.pkl,1,False,0.00021493836538866162
1s72.cif,1269,0,1269,UUGGAUGG,1309,,U,1316,,G,"0:1309,0:1310,0:1311,0:1312,0:1313,0:1314,0:1315,0:1316",GAT,exact-facility-location-gat_v9.pkl,1,False,0.0001116199855459854
1s72.cif,1270,0,1270,UGGAUGGA,1310,,U,1317,,A,"0:1310,0:1311,0:1312,0:1313,0:1314,0:1315,0:1316,0:1317",GAT,exact-facility-location-gat_v9.pkl,1,False,0.00021482689771801233
1s72.cif,1271,0,1271,GGAUGGAA,1311,,G,1318,,A,"0:1311,0:1312,0:1313,0:1314,0:1315,0:1316,0:1317,0:1318",GAT,exact-facility-location-gat_v9.pkl,1,False,0.0003613033622968942
1s72.cif,1272,0,1272,GAUGGAAG,1312,,G,1319,,G,"0:1312,0:1313,0:1314,0:1315,0:1316,0:1317,0:1318,0:1319",GAT,exact-facility-location-gat_v9.pkl,1,False,0.00027053974918089807
1s72.cif,1273,0,1273,AUGGAAGU,1313,,A,1320,,U,"0:1313,0:1314,0:1315,0:1316,0:1317,0:1318,0:1319,0:1320",GAT,exact-facility-location-gat_v9.pkl,1,False,0.0008864515693858266
1s72.cif,1274,0,1274,UGGAAGUA,1314,,U,1321,,A,"0:1314,0:1315,0:1316,0:1317,0:1318,0:1319,0:1320,0:1321",GAT,exact-facility-location-gat_v9.pkl,1,False,0.0012011427897959948
1s72.cif,1275,0,1275,GGAAGUAG,1315,,G,1322,,G,"0:1315,0:1316,0:1317,0:1318,0:1319,0:1320,0:1321,0:1322",GAT,exact-facility-location-gat_v9.pkl,1,False,0.010058421641588211
1s72.cif,1276,0,1276,GAAGUAGG,1316,,G,1323,,G,"0:1316,0:1317,0:1318,0:1319,0:1320,0:1321,0:1322,0:1323",GAT,exact-facility-location-gat_v9.pkl,1,False,0.0005594537942670286
1s72.cif,1277,0,1277,AAGUAGGG,1317,,A,1324,,G,"0:1317,0:1318,0:1319,0:1320,0:1321,0:1322,0:1323,0:1324",GAT,exact-facility-location-gat_v9.pkl,1,False,0.001031869207508862
1s72.cif,1278,0,1278,AGUAGGGG,1318,,A,1325,,G,"0:1318,0:1319,0:1320,0:1321,0:1322,0:1323,0:1324,0:1325",GAT,exact-facility-location-gat_v9.pkl,1,False,0.0013840027386322618
1s72.cif,1279,0,1279,GUAGGGGU,1319,,G,1326,,U,"0:1319,0:1320,0:1321,0:1322,0:1323,0:1324,0:1325,0:1326",GAT,exact-facility-location-gat_v9.pkl,1,False,0.0011731900740414858
1s72.cif,1280,0,1280,UAGGGGUG,1320,,U,1327,,G,"0:1320,0:1321,0:1322,0:1323,0:1324,0:1325,0:1326,0:1327",GAT,exact-facility-location-gat_v9.pkl,1,False,0.000623871514108032
1s72.cif,1281,0,1281,AGGGGUGA,1321,,A,1328,,A,"0:1321,0:1322,0:1323,0:1324,0:1325,0:1326,0:1327,0:1328",GAT,exact-facility-location-gat_v9.pkl,1,False,0.00037997541949152946
1s72.cif,1282,0,1282,GGGGUGAA,1322,,G,1329,,A,"0:1322,0:1323,0:1324,0:1325,0:1326,0:1327,0:1328,0:1329",GAT,exact-facility-location-gat_v9.pkl,1,False,0.011764047667384148
1s72.cif,1283,0,1283,GGGUGAAA,1323,,G,1330,,A,"0:1323,0:1324,0:1325,0:1326,0:1327,0:1328,0:1329,0:1330",GAT,exact-facility-location-gat_v9.pkl,1,False,0.004015584010630846
1s72.cif,1284,0,1284,GGUGAAAA,1324,,G,1331,,A,"0:1324,0:1325,0:1326,0:1327,0:1328,0:1329,0:1330,0:1331",GAT,exact-facility-location-gat_v9.pkl,1,False,0.0072594438679516315
1s72.cif,1285,0,1285,GUGAAAAC,1325,,G,1332,,C,"0:1325,0:1326,0:1327,0:1328,0:1329,0:1330,0:1331,0:1332",GAT,exact-facility-location-gat_v9.pkl,1,True,0.9666566848754883
1s72.cif,1286,0,1286,UGAAAACU,1326,,U,1333,,U,"0:1326,0:1327,0:1328,0:1329,0:1330,0:1331,0:1332,0:1333",GAT,exact-facility-location-gat_v9.pkl,1,False,0.07074528932571411
1s72.cif,1287,0,1287,GAAAACUC,1327,,G,1334,,C,"0:1327,0:1328,0:1329,0:1330,0:1331,0:1332,0:1333,0:1334",GAT,exact-facility-location-gat_v9.pkl,1,False,0.005764145404100418
1s72.cif,1288,0,1288,AAAACUCC,1328,,A,1335,,C,"0:1328,0:1329,0:1330,0:1331,0:1332,0:1333,0:1334,0:1335",GAT,exact-facility-location-gat_v9.pkl,1,False,0.0011446543503552675
1s72.cif,1289,0,1289,AAACUCCU,1329,,A,1336,,U,"0:1329,0:1330,0:1331,0:1332,0:1333,0:1334,0:1335,0:1336",GAT,exact-facility-location-gat_v9.pkl,1,False,0.0008063955465331674
1s72.cif,1290,0,1290,AACUCCUA,1330,,A,1337,,A,"0:1330,0:1331,0:1332,0:1333,0:1334,0:1335,0:1336,0:1337",GAT,exact-facility-location-gat_v9.pkl,1,False,0.0005188818322494626
1s72.cif,1291,0,1291,ACUCCUAU,1331,,A,1338,,U,"0:1331,0:1332,0:1333,0:1334,0:1335,0:1336,0:1337,0:1338",GAT,exact-facility-location-gat_v9.pkl,1,False,0.0006142544443719089
1s72.cif,1292,0,1292,CUCCUAUG,1332,,C,1339,,G,"0:1332,0:1333,0:1334,0:1335,0:1336,0:1337,0:1338,0:1339",GAT,exact-facility-location-gat_v9.pkl,1,False,0.0006855308311060071
1s72.cif,1293,0,1293,UCCUAUGG,1333,,U,1340,,G,"0:1333,0:1334,0:1335,0:1336,0:1337,0:1338,0:1339,0:1340",GAT,exact-facility-location-gat_v9.pkl,1,False,0.0005828514695167542
1s72.cif,1294,0,1294,CCUAUGGA,1334,,C,1341,,A,"0:1334,0:1335,0:1336,0:1337,0:1338,0:1339,0:1340,0:1341",GAT,exact-facility-location-gat_v9.pkl,1,False,0.004921819549053907
1s72.cif,1295,0,1295,CUAUGGAC,1335,,C,1342,,C,"0:1335,0:1336,0:1337,0:1338,0:1339,0:1340,0:1341,0:1342",GAT,exact-facility-location-gat_v9.pkl,1,False,0.009179097600281239
1s72.cif,1296,0,1296,UAUGGACC,1336,,U,1343,,C,"0:1336,0:1337,0:1338,0:1339,0:1340,0:1341,0:1342,0:1343",GAT,exact-facility-location-gat_v9.pkl,1,False,0.033535171300172806
1s72.cif,1297,0,1297,AUGGACCG,1337,,A,1344,,G,"0:1337,0:1338,0:1339,0:1340,0:1341,0:1342,0:1343,0:1344",GAT,exact-facility-location-gat_v9.pkl,1,False,0.013189142569899559
1s72.cif,1298,0,1298,UGGACCGA,1338,,U,1345,,A,"0:1338,0:1339,0:1340,0:1341,0:1342,0:1343,0:1344,0:1345",GAT,exact-facility-location-gat_v9.pkl,1,False,0.003860087599605322
1s72.cif,1299,0,1299,GGACCGAU,1339,,G,1346,,U,"0:1339,0:1340,0:1341,0:1342,0:1343,0:1344,0:1345,0:1346",GAT,exact-facility-location-gat_v9.pkl,1,False,2.8792819648515433e-05
1s72.cif,1300,0,1300,GACCGAUU,1340,,G,1347,,U,"0:1340,0:1341,0:1342,0:1343,0:1344,0:1345,0:1346,0:1347",GAT,exact-facility-location-gat_v9.pkl,1,False,0.00011224490299355239
1s72.cif,1301,0,1301,ACCGAUUA,1341,,A,1348,,A,"0:1341,0:1342,0:1343,0:1344,0:1345,0:1346,0:1347,0:1348",GAT,exact-facility-location-gat_v9.pkl,1,False,0.00040747327147983015
1s72.cif,1302,0,1302,CCGAUUAG,1342,,C,1349,,G,"0:1342,0:1343,0:1344,0:1345,0:1346,0:1347,0:1348,0:1349",GAT,exact-facility-location-gat_v9.pkl,1,False,0.0015129728708416224
1s72.cif,1303,0,1303,CGAUUAGU,1343,,C,1350,,U,"0:1343,0:1344,0:1345,0:1346,0:1347,0:1348,0:1349,0:1350",GAT,exact-facility-location-gat_v9.pkl,1,False,0.0022270488552749157
1s72.cif,1304,0,1304,GAUUAGUG,1344,,G,1351,,G,"0:1344,0:1345,0:1346,0:1347,0:1348,0:1349,0:1350,0:1351",GAT,exact-facility-location-gat_v9.pkl,1,False,0.0009874014649540186
1s72.cif,1305,0,1305,AUUAGUGA,1345,,A,1352,,A,"0:1345,0:1346,0:1347,0:1348,0:1349,0:1350,0:1351,0:1352",GAT,exact-facility-location-gat_v9.pkl,1,False,0.0007597223739139736
1s72.cif,1306,0,1306,UUAGUGAC,1346,,U,1353,,C,"0:1346,0:1347,0:1348,0:1349,0:1350,0:1351,0:1352,0:1353",GAT,exact-facility-location-gat_v9.pkl,1,False,0.0036193665582686663
1s72.cif,1307,0,1307,UAGUGACG,1347,,U,1354,,G,"0:1347,0:1348,0:1349,0:1350,0:1351,0:1352,0:1353,0:1354",GAT,exact-facility-location-gat_v9.pkl,1,False,0.004446015227586031
1s72.cif,1308,0,1308,AGUGACGA,1348,,A,1355,,A,"0:1348,0:1349,0:1350,0:1351,0:1352,0:1353,0:1354,0:1355",GAT,exact-facility-location-gat_v9.pkl,1,False,0.0012177402386441827
1s72.cif,1309,0,1309,GUGACGAA,1349,,G,1356,,A,"0:1349,0:1350,0:1351,0:1352,0:1353,0:1354,0:1355,0:1356",GAT,exact-facility-location-gat_v9.pkl,1,False,2.6429777790326625e-05
1s72.cif,1310,0,1310,UGACGAAA,1350,,U,1357,,A,"0:1350,0:1351,0:1352,0:1353,0:1354,0:1355,0:1356,0:1357",GAT,exact-facility-location-gat_v9.pkl,1,False,6.241416122065857e-05
1s72.cif,1311,0,1311,GACGAAAA,1351,,G,1358,,A,"0:1351,0:1352,0:1353,0:1354,0:1355,0:1356,0:1357,0:1358",GAT,exact-facility-location-gat_v9.pkl,1,False,0.0077396053820848465
1s72.cif,1312,0,1312,ACGAAAAU,1352,,A,1359,,U,"0:1352,0:1353,0:1354,0:1355,0:1356,0:1357,0:1358,0:1359",GAT,exact-facility-location-gat_v9.pkl,1,False,0.00447174534201622
1s72.cif,1313,0,1313,CGAAAAUC,1353,,C,1360,,C,"0:1353,0:1354,0:1355,0:1356,0:1357,0:1358,0:1359,0:1360",GAT,exact-facility-location-gat_v9.pkl,1,False,0.005185913294553757
1s72.cif,1314,0,1314,GAAAAUCC,1354,,G,1361,,C,"0:1354,0:1355,0:1356,0:1357,0:1358,0:1359,0:1360,0:1361",GAT,exact-facility-location-gat_v9.pkl,1,False,0.0022917718160897493
1s72.cif,1315,0,1315,AAAAUCCU,1355,,A,1362,,U,"0:1355,0:1356,0:1357,0:1358,0:1359,0:1360,0:1361,0:1362",GAT,exact-facility-location-gat_v9.pkl,1,False,0.003362248884513974
1s72.cif,1316,0,1316,AAAUCCUG,1356,,A,1363,,G,"0:1356,0:1357,0:1358,0:1359,0:1360,0:1361,0:1362,0:1363",GAT,exact-facility-location-gat_v9.pkl,1,False,0.009561368264257908
1s72.cif,1317,0,1317,AAUCCUGG,1357,,A,1364,,G,"0:1357,0:1358,0:1359,0:1360,0:1361,0:1362,0:1363,0:1364",GAT,exact-facility-location-gat_v9.pkl,1,False,0.004833041690289974
1s72.cif,1318,0,1318,AUCCUGGC,1358,,A,1365,,C,"0:1358,0:1359,0:1360,0:1361,0:1362,0:1363,0:1364,0:1365",GAT,exact-facility-location-gat_v9.pkl,1,False,0.010499812662601471
1s72.cif,1319,0,1319,UCCUGGCC,1359,,U,1366,,C,"0:1359,0:1360,0:1361,0:1362,0:1363,0:1364,0:1365,0:1366",GAT,exact-facility-location-gat_v9.pkl,1,False,0.04906123876571655
1s72.cif,1320,0,1320,CCUGGCCA,1360,,C,1367,,A,"0:1360,0:1361,0:1362,0:1363,0:1364,0:1365,0:1366,0:1367",GAT,exact-facility-location-gat_v9.pkl,1,False,0.0011977119138464332
1s72.cif,1321,0,1321,CUGGCCAU,1361,,C,1368,,U,"0:1361,0:1362,0:1363,0:1364,0:1365,0:1366,0:1367,0:1368",GAT,exact-facility-location-gat_v9.pkl,1,False,0.0004899206105619669
1s72.cif,1322,0,1322,UGGCCAUA,1362,,U,1369,,A,"0:1362,0:1363,0:1364,0:1365,0:1366,0:1367,0:1368,0:1369",GAT,exact-facility-location-gat_v9.pkl,1,False,0.0005921371630392969
1s72.cif,1323,0,1323,GGCCAUAG,1363,,G,1370,,G,"0:1363,0:1364,0:1365,0:1366,0:1367,0:1368,0:1369,0:1370",GAT,exact-facility-location-gat_v9.pkl,1,False,0.0005087404861114919
1s72.cif,1324,0,1324,GCCAUAGU,1364,,G,1371,,U,"0:1364,0:1365,0:1366,0:1367,0:1368,0:1369,0:1370,0:1371",GAT,exact-facility-location-gat_v9.pkl,1,False,0.0018398402025923133
1s72.cif,1325,0,1325,CCAUAGUA,1365,,C,1372,,A,"0:1365,0:1366,0:1367,0:1368,0:1369,0:1370,0:1371,0:1372",GAT,exact-facility-location-gat_v9.pkl,1,False,7.427585660479963e-05
1s72.cif,1326,0,1326,CAUAGUAG,1366,,C,1373,,G,"0:1366,0:1367,0:1368,0:1369,0:1370,0:1371,0:1372,0:1373",GAT,exact-facility-location-gat_v9.pkl,1,False,9.783726272871718e-05
1s72.cif,1327,0,1327,AUAGUAGC,1367,,A,1374,,C,"0:1367,0:1368,0:1369,0:1370,0:1371,0:1372,0:1373,0:1374",GAT,exact-facility-location-gat_v9.pkl,1,False,0.00010058289626613259
1s72.cif,1328,0,1328,UAGUAGCA,1368,,U,1375,,A,"0:1368,0:1369,0:1370,0:1371,0:1372,0:1373,0:1374,0:1375",GAT,exact-facility-location-gat_v9.pkl,1,False,0.00030594426789321005
1s72.cif,1329,0,1329,AGUAGCAG,1369,,A,1376,,G,"0:1369,0:1370,0:1371,0:1372,0:1373,0:1374,0:1375,0:1376",GAT,exact-facility-location-gat_v9.pkl,1,False,0.0002240345347672701
1s72.cif,1330,0,1330,GUAGCAGC,1370,,G,1377,,C,"0:1370,0:1371,0:1372,0:1373,0:1374,0:1375,0:1376,0:1377",GAT,exact-facility-location-gat_v9.pkl,1,False,5.604471152764745e-05
1s72.cif,1331,0,1331,UAGCAGCG,1371,,U,1378,,G,"0:1371,0:1372,0:1373,0:1374,0:1375,0:1376,0:1377,0:1378",GAT,exact-facility-location-gat_v9.pkl,1,False,7.72154307924211e-05
1s72.cif,1332,0,1332,AGCAGCGA,1372,,A,1379,,A,"0:1372,0:1373,0:1374,0:1375,0:1376,0:1377,0:1378,0:1379",GAT,exact-facility-location-gat_v9.pkl,1,False,0.0002070234331768006
1s72.cif,1333,0,1333,GCAGCGAU,1373,,G,1380,,U,"0:1373,0:1374,0:1375,0:1376,0:1377,0:1378,0:1379,0:1380",GAT,exact-facility-location-gat_v9.pkl,1,False,0.0012922517489641905
1s72.cif,1334,0,1334,CAGCGAUA,1374,,C,1381,,A,"0:1374,0:1375,0:1376,0:1377,0:1378,0:1379,0:1380,0:1381",GAT,exact-facility-location-gat_v9.pkl,1,False,0.014243466779589653
1s72.cif,1335,0,1335,AGCGAUAG,1375,,A,1382,,G,"0:1375,0:1376,0:1377,0:1378,0:1379,0:1380,0:1381,0:1382",GAT,exact-facility-location-gat_v9.pkl,1,False,0.000651707814540714
1s72.cif,1336,0,1336,GCGAUAGU,1376,,G,1383,,U,"0:1376,0:1377,0:1378,0:1379,0:1380,0:1381,0:1382,0:1383",GAT,exact-facility-location-gat_v9.pkl,1,False,4.9837810365715995e-05
1s72.cif,1337,0,1337,CGAUAGUC,1377,,C,1384,,C,"0:1377,0:1378,0:1379,0:1380,0:1381,0:1382,0:1383,0:1384",GAT,exact-facility-location-gat_v9.pkl,1,False,1.3471071724779904e-05
1s72.cif,1338,0,1338,GAUAGUCG,1378,,G,1385,,G,"0:1378,0:1379,0:1380,0:1381,0:1382,0:1383,0:1384,0:1385",GAT,exact-facility-location-gat_v9.pkl,1,False,0.0001364960626233369
1s72.cif,1339,0,1339,AUAGUCGG,1379,,A,1386,,G,"0:1379,0:1380,0:1381,0:1382,0:1383,0:1384,0:1385,0:1386",GAT,exact-facility-location-gat_v9.pkl,1,False,0.00034439240698702633
1s72.cif,1340,0,1340,UAGUCGGG,1380,,U,1387,,G,"0:1380,0:1381,0:1382,0:1383,0:1384,0:1385,0:1386,0:1387",GAT,exact-facility-location-gat_v9.pkl,1,False,0.0007817489095032215
1s72.cif,1341,0,1341,AGUCGGGU,1381,,A,1388,,U,"0:1381,0:1382,0:1383,0:1384,0:1385,0:1386,0:1387,0:1388",GAT,exact-facility-location-gat_v9.pkl,1,False,0.0013195028295740485
1s72.cif,1342,0,1342,GUCGGGUG,1382,,G,1389,,G,"0:1382,0:1383,0:1384,0:1385,0:1386,0:1387,0:1388,0:1389",GAT,exact-facility-location-gat_v9.pkl,1,False,0.0005286270170472562
1s72.cif,1343,0,1343,UCGGGUGA,1383,,U,1390,,A,"0:1383,0:1384,0:1385,0:1386,0:1387,0:1388,0:1389,0:1390",GAT,exact-facility-location-gat_v9.pkl,1,False,0.0003099366440437734
1s72.cif,1344,0,1344,CGGGUGAG,1384,,C,1391,,G,"0:1384,0:1385,0:1386,0:1387,0:1388,0:1389,0:1390,0:1391",GAT,exact-facility-location-gat_v9.pkl,1,False,0.01246688887476921
1s72.cif,1345,0,1345,GGGUGAGA,1385,,G,1392,,A,"0:1385,0:1386,0:1387,0:1388,0:1389,0:1390,0:1391,0:1392",GAT,exact-facility-location-gat_v9.pkl,1,False,0.026227496564388275
1s72.cif,1346,0,1346,GGUGAGAA,1386,,G,1393,,A,"0:1386,0:1387,0:1388,0:1389,0:1390,0:1391,0:1392,0:1393",GAT,exact-facility-location-gat_v9.pkl,1,False,0.01164864469319582
1s72.cif,1347,0,1347,GUGAGAAC,1387,,G,1394,,C,"0:1387,0:1388,0:1389,0:1390,0:1391,0:1392,0:1393,0:1394",GAT,exact-facility-location-gat_v9.pkl,1,False,0.00042960981954820454
1s72.cif,1348,0,1348,UGAGAACC,1388,,U,1395,,C,"0:1388,0:1389,0:1390,0:1391,0:1392,0:1393,0:1394,0:1395",GAT,exact-facility-location-gat_v9.pkl,1,False,0.007409414742141962
1s72.cif,1349,0,1349,GAGAACCC,1389,,G,1396,,C,"0:1389,0:1390,0:1391,0:1392,0:1393,0:1394,0:1395,0:1396",GAT,exact-facility-location-gat_v9.pkl,1,False,0.017145920544862747
1s72.cif,1350,0,1350,AGAACCCC,1390,,A,1397,,C,"0:1390,0:1391,0:1392,0:1393,0:1394,0:1395,0:1396,0:1397",GAT,exact-facility-location-gat_v9.pkl,1,False,0.0021689641289412975
1s72.cif,1351,0,1351,GAACCCCG,1391,,G,1398,,G,"0:1391,0:1392,0:1393,0:1394,0:1395,0:1396,0:1397,0:1398",GAT,exact-facility-location-gat_v9.pkl,1,False,0.0005071782507002354
1s72.cif,1352,0,1352,AACCCCGA,1392,,A,1399,,A,"0:1392,0:1393,0:1394,0:1395,0:1396,0:1397,0:1398,0:1399",GAT,exact-facility-location-gat_v9.pkl,1,False,0.0035821266938000917
1s72.cif,1353,0,1353,ACCCCGAC,1393,,A,1400,,C,"0:1393,0:1394,0:1395,0:1396,0:1397,0:1398,0:1399,0:1400",GAT,exact-facility-location-gat_v9.pkl,1,False,0.0024025728926062584
1s72.cif,1354,0,1354,CCCCGACG,1394,,C,1401,,G,"0:1394,0:1395,0:1396,0:1397,0:1398,0:1399,0:1400,0:1401",GAT,exact-facility-location-gat_v9.pkl,1,False,0.0025306970346719027
1s72.cif,1355,0,1355,CCCGACGG,1395,,C,1402,,G,"0:1395,0:1396,0:1397,0:1398,0:1399,0:1400,0:1401,0:1402",GAT,exact-facility-location-gat_v9.pkl,1,False,0.0011671721003949642
1s72.cif,1356,0,1356,CCGACGGC,1396,,C,1403,,C,"0:1396,0:1397,0:1398,0:1399,0:1400,0:1401,0:1402,0:1403",GAT,exact-facility-location-gat_v9.pkl,1,False,0.001451956806704402
1s72.cif,1357,0,1357,CGACGGCC,1397,,C,1404,,C,"0:1397,0:1398,0:1399,0:1400,0:1401,0:1402,0:1403,0:1404",GAT,exact-facility-location-gat_v9.pkl,1,False,0.0007904318044893444
1s72.cif,1358,0,1358,GACGGCCU,1398,,G,1405,,U,"0:1398,0:1399,0:1400,0:1401,0:1402,0:1403,0:1404,0:1405",GAT,exact-facility-location-gat_v9.pkl,1,False,0.00035517275682650506
1s72.cif,1359,0,1359,ACGGCCUA,1399,,A,1406,,A,"0:1399,0:1400,0:1401,0:1402,0:1403,0:1404,0:1405,0:1406",GAT,exact-facility-location-gat_v9.pkl,1,False,0.00027117194258607924
1s72.cif,1360,0,1360,CGGCCUAA,1400,,C,1407,,A,"0:1400,0:1401,0:1402,0:1403,0:1404,0:1405,0:1406,0:1407",GAT,exact-facility-location-gat_v9.pkl,1,False,0.00020050612511113286
1s72.cif,1361,0,1361,GGCCUAAU,1401,,G,1408,,U,"0:1401,0:1402,0:1403,0:1404,0:1405,0:1406,0:1407,0:1408",GAT,exact-facility-location-gat_v9.pkl,1,False,7.383645424852148e-05
1s72.cif,1362,0,1362,GCCUAAUG,1402,,G,1409,,G,"0:1402,0:1403,0:1404,0:1405,0:1406,0:1407,0:1408,0:1409",GAT,exact-facility-location-gat_v9.pkl,1,False,0.0003495801647659391
1s72.cif,1363,0,1363,CCUAAUGG,1403,,C,1410,,G,"0:1403,0:1404,0:1405,0:1406,0:1407,0:1408,0:1409,0:1410",GAT,exact-facility-location-gat_v9.pkl,1,False,0.00014524591097142547
1s72.cif,1364,0,1364,CUAAUGGA,1404,,C,1411,,A,"0:1404,0:1405,0:1406,0:1407,0:1408,0:1409,0:1410,0:1411",GAT,exact-facility-location-gat_v9.pkl,1,False,0.0003370000049471855
1s72.cif,1365,0,1365,UAAUGGAU,1405,,U,1412,,U,"0:1405,0:1406,0:1407,0:1408,0:1409,0:1410,0:1411,0:1412",GAT,exact-facility-location-gat_v9.pkl,1,False,0.0029115912038832903
1s72.cif,1366,0,1366,AAUGGAUA,1406,,A,1413,,A,"0:1406,0:1407,0:1408,0:1409,0:1410,0:1411,0:1412,0:1413",GAT,exact-facility-location-gat_v9.pkl,1,False,0.005511788185685873
1s72.cif,1367,0,1367,AUGGAUAA,1407,,A,1414,,A,"0:1407,0:1408,0:1409,0:1410,0:1411,0:1412,0:1413,0:1414",GAT,exact-facility-location-gat_v9.pkl,1,False,0.004759498406201601
1s72.cif,1368,0,1368,UGGAUAAG,1408,,U,1415,,G,"0:1408,0:1409,0:1410,0:1411,0:1412,0:1413,0:1414,0:1415",GAT,exact-facility-location-gat_v9.pkl,1,False,0.0022643597330898046
1s72.cif,1369,0,1369,GGAUAAGG,1409,,G,1416,,G,"0:1409,0:1410,0:1411,0:1412,0:1413,0:1414,0:1415,0:1416",GAT,exact-facility-location-gat_v9.pkl,1,False,0.0010312196100130677
1s72.cif,1370,0,1370,GAUAAGGG,1410,,G,1417,,G,"0:1410,0:1411,0:1412,0:1413,0:1414,0:1415,0:1416,0:1417",GAT,exact-facility-location-gat_v9.pkl,1,False,0.000930993992369622
1s72.cif,1371,0,1371,AUAAGGGU,1411,,A,1418,,U,"0:1411,0:1412,0:1413,0:1414,0:1415,0:1416,0:1417,0:1418",GAT,exact-facility-location-gat_v9.pkl,1,False,0.006051209289580584
1s72.cif,1372,0,1372,UAAGGGUU,1412,,U,1419,,U,"0:1412,0:1413,0:1414,0:1415,0:1416,0:1417,0:1418,0:1419",GAT,exact-facility-location-gat_v9.pkl,1,False,0.014823324978351593
1s72.cif,1373,0,1373,AAGGGUUC,1413,,A,1420,,C,"0:1413,0:1414,0:1415,0:1416,0:1417,0:1418,0:1419,0:1420",GAT,exact-facility-location-gat_v9.pkl,1,False,0.00943422969430685
1s72.cif,1374,0,1374,AGGGUUCC,1414,,A,1421,,C,"0:1414,0:1415,0:1416,0:1417,0:1418,0:1419,0:1420,0:1421",GAT,exact-facility-location-gat_v9.pkl,1,False,0.0011169294593855739
1s72.cif,1375,0,1375,GGGUUCCU,1415,,G,1422,,U,"0:1415,0:1416,0:1417,0:1418,0:1419,0:1420,0:1421,0:1422",GAT,exact-facility-location-gat_v9.pkl,1,False,0.0002979689452331513
1s72.cif,1376,0,1376,GGUUCCUC,1416,,G,1423,,C,"0:1416,0:1417,0:1418,0:1419,0:1420,0:1421,0:1422,0:1423",GAT,exact-facility-location-gat_v9.pkl,1,False,0.00020482011314015836
1s72.cif,1377,0,1377,GUUCCUCA,1417,,G,1424,,A,"0:1417,0:1418,0:1419,0:1420,0:1421,0:1422,0:1423,0:1424",GAT,exact-facility-location-gat_v9.pkl,1,False,0.0007773519027978182
1s72.cif,1378,0,1378,UUCCUCAG,1418,,U,1425,,G,"0:1418,0:1419,0:1420,0:1421,0:1422,0:1423,0:1424,0:1425",GAT,exact-facility-location-gat_v9.pkl,1,False,0.002497913548722863
1s72.cif,1379,0,1379,UCCUCAGC,1419,,U,1426,,C,"0:1419,0:1420,0:1421,0:1422,0:1423,0:1424,0:1425,0:1426",GAT,exact-facility-location-gat_v9.pkl,1,False,0.002050115028396249
1s72.cif,1380,0,1380,CCUCAGCA,1420,,C,1427,,A,"0:1420,0:1421,0:1422,0:1423,0:1424,0:1425,0:1426,0:1427",GAT,exact-facility-location-gat_v9.pkl,1,False,0.008784173056483269
1s72.cif,1381,0,1381,CUCAGCAC,1421,,C,1428,,C,"0:1421,0:1422,0:1423,0:1424,0:1425,0:1426,0:1427,0:1428",GAT,exact-facility-location-gat_v9.pkl,1,False,0.0038366601802408695
1s72.cif,1382,0,1382,UCAGCACU,1422,,U,1429,,U,"0:1422,0:1423,0:1424,0:1425,0:1426,0:1427,0:1428,0:1429",GAT,exact-facility-location-gat_v9.pkl,1,False,0.01623910665512085
1s72.cif,1383,0,1383,CAGCACUG,1423,,C,1430,,G,"0:1423,0:1424,0:1425,0:1426,0:1427,0:1428,0:1429,0:1430",GAT,exact-facility-location-gat_v9.pkl,1,False,0.004549725446850061
1s72.cif,1384,0,1384,AGCACUGC,1424,,A,1431,,C,"0:1424,0:1425,0:1426,0:1427,0:1428,0:1429,0:1430,0:1431",GAT,exact-facility-location-gat_v9.pkl,1,False,0.0005957218236289918
1s72.cif,1385,0,1385,GCACUGCU,1425,,G,1432,,U,"0:1425,0:1426,0:1427,0:1428,0:1429,0:1430,0:1431,0:1432",GAT,exact-facility-location-gat_v9.pkl,1,False,0.0024282201193273067
1s72.cif,1386,0,1386,CACUGCUG,1426,,C,1433,,G,"0:1426,0:1427,0:1428,0:1429,0:1430,0:1431,0:1432,0:1433",GAT,exact-facility-location-gat_v9.pkl,1,False,0.015268483199179173
1s72.cif,1387,0,1387,ACUGCUGA,1427,,A,1434,,A,"0:1427,0:1428,0:1429,0:1430,0:1431,0:1432,0:1433,0:1434",GAT,exact-facility-location-gat_v9.pkl,1,False,0.010059931315481663
1s72.cif,1388,0,1388,CUGCUGAU,1428,,C,1435,,U,"0:1428,0:1429,0:1430,0:1431,0:1432,0:1433,0:1434,0:1435",GAT,exact-facility-location-gat_v9.pkl,1,False,0.020654946565628052
1s72.cif,1389,0,1389,UGCUGAUC,1429,,U,1436,,C,"0:1429,0:1430,0:1431,0:1432,0:1433,0:1434,0:1435,0:1436",GAT,exact-facility-location-gat_v9.pkl,1,False,0.004762300290167332
1s72.cif,1390,0,1390,GCUGAUCA,1430,,G,1437,,A,"0:1430,0:1431,0:1432,0:1433,0:1434,0:1435,0:1436,0:1437",GAT,exact-facility-location-gat_v9.pkl,1,False,0.06549262255430222
1s72.cif,1391,0,1391,CUGAUCAG,1431,,C,1438,,G,"0:1431,0:1432,0:1433,0:1434,0:1435,0:1436,0:1437,0:1438",GAT,exact-facility-location-gat_v9.pkl,1,False,0.015723437070846558
1s72.cif,1392,0,1392,UGAUCAGC,1432,,U,1439,,C,"0:1432,0:1433,0:1434,0:1435,0:1436,0:1437,0:1438,0:1439",GAT,exact-facility-location-gat_v9.pkl,1,False,0.003013959154486656
1s72.cif,1393,0,1393,GAUCAGCU,1433,,G,1440,,U,"0:1433,0:1434,0:1435,0:1436,0:1437,0:1438,0:1439,0:1440",GAT,exact-facility-location-gat_v9.pkl,1,False,0.0003541166370268911
1s72.cif,1394,0,1394,AUCAGCUG,1434,,A,1441,,G,"0:1434,0:1435,0:1436,0:1437,0:1438,0:1439,0:1440,0:1441",GAT,exact-facility-location-gat_v9.pkl,1,False,0.0021523775067180395
1s72.cif,1395,0,1395,UCAGCUGA,1435,,U,1442,,A,"0:1435,0:1436,0:1437,0:1438,0:1439,0:1440,0:1441,0:1442",GAT,exact-facility-location-gat_v9.pkl,1,False,0.002612063428387046
1s72.cif,1396,0,1396,CAGCUGAG,1436,,C,1443,,G,"0:1436,0:1437,0:1438,0:1439,0:1440,0:1441,0:1442,0:1443",GAT,exact-facility-location-gat_v9.pkl,1,False,0.000995094422250986
1s72.cif,1397,0,1397,AGCUGAGG,1437,,A,1444,,G,"0:1437,0:1438,0:1439,0:1440,0:1441,0:1442,0:1443,0:1444",GAT,exact-facility-location-gat_v9.pkl,1,False,0.005268103908747435
1s72.cif,1398,0,1398,GCUGAGGG,1438,,G,1445,,G,"0:1438,0:1439,0:1440,0:1441,0:1442,0:1443,0:1444,0:1445",GAT,exact-facility-location-gat_v9.pkl,1,False,0.007606895640492439
1s72.cif,1399,0,1399,CUGAGGGU,1439,,C,1446,,U,"0:1439,0:1440,0:1441,0:1442,0:1443,0:1444,0:1445,0:1446",GAT,exact-facility-location-gat_v9.pkl,1,False,0.0007613139459863305
1s72.cif,1400,0,1400,UGAGGGUU,1440,,U,1447,,U,"0:1440,0:1441,0:1442,0:1443,0:1444,0:1445,0:1446,0:1447",GAT,exact-facility-location-gat_v9.pkl,1,False,0.00023678534489590675
1s72.cif,1401,0,1401,GAGGGUUA,1441,,G,1448,,A,"0:1441,0:1442,0:1443,0:1444,0:1445,0:1446,0:1447,0:1448",GAT,exact-facility-location-gat_v9.pkl,1,False,3.8995691284071654e-05
1s72.cif,1402,0,1402,AGGGUUAG,1442,,A,1449,,G,"0:1442,0:1443,0:1444,0:1445,0:1446,0:1447,0:1448,0:1449",GAT,exact-facility-location-gat_v9.pkl,1,False,1.3360213415580802e-05
1s72.cif,1403,0,1403,GGGUUAGC,1443,,G,1450,,C,"0:1443,0:1444,0:1445,0:1446,0:1447,0:1448,0:1449,0:1450",GAT,exact-facility-location-gat_v9.pkl,1,False,4.5310985115065705e-06
1s72.cif,1404,0,1404,GGUUAGCC,1444,,G,1451,,C,"0:1444,0:1445,0:1446,0:1447,0:1448,0:1449,0:1450,0:1451",GAT,exact-facility-location-gat_v9.pkl,1,False,0.0002082274731947109
1s72.cif,1405,0,1405,GUUAGCCG,1445,,G,1452,,G,"0:1445,0:1446,0:1447,0:1448,0:1449,0:1450,0:1451,0:1452",GAT,exact-facility-location-gat_v9.pkl,1,False,0.0056986999697983265
1s72.cif,1406,0,1406,UUAGCCGG,1446,,U,1453,,G,"0:1446,0:1447,0:1448,0:1449,0:1450,0:1451,0:1452,0:1453",GAT,exact-facility-location-gat_v9.pkl,1,False,0.008824086748063564
1s72.cif,1407,0,1407,UAGCCGGU,1447,,U,1454,,U,"0:1447,0:1448,0:1449,0:1450,0:1451,0:1452,0:1453,0:1454",GAT,exact-facility-location-gat_v9.pkl,1,False,0.0006391253555193543
1s72.cif,1408,0,1408,AGCCGGUC,1448,,A,1455,,C,"0:1448,0:1449,0:1450,0:1451,0:1452,0:1453,0:1454,0:1455",GAT,exact-facility-location-gat_v9.pkl,1,False,0.0018868534825742245
1s72.cif,1409,0,1409,GCCGGUCC,1449,,G,1456,,C,"0:1449,0:1450,0:1451,0:1452,0:1453,0:1454,0:1455,0:1456",GAT,exact-facility-location-gat_v9.pkl,1,False,0.0010607970179989934
1s72.cif,1410,0,1410,CCGGUCCU,1450,,C,1457,,U,"0:1450,0:1451,0:1452,0:1453,0:1454,0:1455,0:1456,0:1457",GAT,exact-facility-location-gat_v9.pkl,1,False,0.0006346729933284223
1s72.cif,1411,0,1411,CGGUCCUA,1451,,C,1458,,A,"0:1451,0:1452,0:1453,0:1454,0:1455,0:1456,0:1457,0:1458",GAT,exact-facility-location-gat_v9.pkl,1,False,0.0008439248194918036
1s72.cif,1412,0,1412,GGUCCUAA,1452,,G,1459,,A,"0:1452,0:1453,0:1454,0:1455,0:1456,0:1457,0:1458,0:1459",GAT,exact-facility-location-gat_v9.pkl,1,False,0.0010712402872741222
1s72.cif,1413,0,1413,GUCCUAAG,1453,,G,1460,,G,"0:1453,0:1454,0:1455,0:1456,0:1457,0:1458,0:1459,0:1460",GAT,exact-facility-location-gat_v9.pkl,1,False,0.0012863874435424805
1s72.cif,1414,0,1414,UCCUAAGU,1454,,U,1461,,U,"0:1454,0:1455,0:1456,0:1457,0:1458,0:1459,0:1460,0:1461",GAT,exact-facility-location-gat_v9.pkl,1,False,0.005180410575121641
1s72.cif,1415,0,1415,CCUAAGUC,1455,,C,1462,,C,"0:1455,0:1456,0:1457,0:1458,0:1459,0:1460,0:1461,0:1462",GAT,exact-facility-location-gat_v9.pkl,1,False,0.0026044039987027645
1s72.cif,1416,0,1416,CUAAGUCA,1456,,C,1463,,A,"0:1456,0:1457,0:1458,0:1459,0:1460,0:1461,0:1462,0:1463",GAT,exact-facility-location-gat_v9.pkl,1,False,0.004125894047319889
1s72.cif,1417,0,1417,UAAGUCAU,1457,,U,1464,,U,"0:1457,0:1458,0:1459,0:1460,0:1461,0:1462,0:1463,0:1464",GAT,exact-facility-location-gat_v9.pkl,1,False,0.0011211053933948278
1s72.cif,1418,0,1418,AAGUCAUA,1458,,A,1465,,A,"0:1458,0:1459,0:1460,0:1461,0:1462,0:1463,0:1464,0:1465",GAT,exact-facility-location-gat_v9.pkl,1,False,0.0006255917833186686
1s72.cif,1419,0,1419,AGUCAUAC,1459,,A,1466,,C,"0:1459,0:1460,0:1461,0:1462,0:1463,0:1464,0:1465,0:1466",GAT,exact-facility-location-gat_v9.pkl,1,False,0.0005260193720459938
1s72.cif,1420,0,1420,GUCAUACC,1460,,G,1467,,C,"0:1460,0:1461,0:1462,0:1463,0:1464,0:1465,0:1466,0:1467",GAT,exact-facility-location-gat_v9.pkl,1,False,0.0005140576977282763
1s72.cif,1421,0,1421,UCAUACCG,1461,,U,1468,,G,"0:1461,0:1462,0:1463,0:1464,0:1465,0:1466,0:1467,0:1468",GAT,exact-facility-location-gat_v9.pkl,1,False,0.0006095933495089412
1s72.cif,1422,0,1422,CAUACCGC,1462,,C,1469,,C,"0:1462,0:1463,0:1464,0:1465,0:1466,0:1467,0:1468,0:1469",GAT,exact-facility-location-gat_v9.pkl,1,False,0.0004954833420924842
1s72.cif,1423,0,1423,AUACCGCA,1463,,A,1470,,A,"0:1463,0:1464,0:1465,0:1466,0:1467,0:1468,0:1469,0:1470",GAT,exact-facility-location-gat_v9.pkl,1,False,0.0003429047064855695
1s72.cif,1424,0,1424,UACCGCAA,1464,,U,1471,,A,"0:1464,0:1465,0:1466,0:1467,0:1468,0:1469,0:1470,0:1471",GAT,exact-facility-location-gat_v9.pkl,1,False,0.006296742241829634
1s72.cif,1425,0,1425,ACCGCAAC,1465,,A,1472,,C,"0:1465,0:1466,0:1467,0:1468,0:1469,0:1470,0:1471,0:1472",GAT,exact-facility-location-gat_v9.pkl,1,False,0.01196992676705122
1s72.cif,1426,0,1426,CCGCAACU,1466,,C,1473,,U,"0:1466,0:1467,0:1468,0:1469,0:1470,0:1471,0:1472,0:1473",GAT,exact-facility-location-gat_v9.pkl,1,False,0.0007540441583842039
1s72.cif,1427,0,1427,CGCAACUC,1467,,C,1474,,C,"0:1467,0:1468,0:1469,0:1470,0:1471,0:1472,0:1473,0:1474",GAT,exact-facility-location-gat_v9.pkl,1,False,0.0009886693442240357
1s72.cif,1428,0,1428,GCAACUCG,1468,,G,1475,,G,"0:1468,0:1469,0:1470,0:1471,0:1472,0:1473,0:1474,0:1475",GAT,exact-facility-location-gat_v9.pkl,1,False,0.05495559051632881
1s72.cif,1429,0,1429,CAACUCGA,1469,,C,1476,,A,"0:1469,0:1470,0:1471,0:1472,0:1473,0:1474,0:1475,0:1476",GAT,exact-facility-location-gat_v9.pkl,1,False,0.006023542024195194
1s72.cif,1430,0,1430,AACUCGAC,1470,,A,1477,,C,"0:1470,0:1471,0:1472,0:1473,0:1474,0:1475,0:1476,0:1477",GAT,exact-facility-location-gat_v9.pkl,1,False,0.00038649063208140433
1s72.cif,1431,0,1431,ACUCGACU,1471,,A,1478,,U,"0:1471,0:1472,0:1473,0:1474,0:1475,0:1476,0:1477,0:1478",GAT,exact-facility-location-gat_v9.pkl,1,False,0.001105906325392425
1s72.cif,1432,0,1432,CUCGACUA,1472,,C,1479,,A,"0:1472,0:1473,0:1474,0:1475,0:1476,0:1477,0:1478,0:1479",GAT,exact-facility-location-gat_v9.pkl,1,False,0.011786510236561298
1s72.cif,1433,0,1433,UCGACUAU,1473,,U,1480,,U,"0:1473,0:1474,0:1475,0:1476,0:1477,0:1478,0:1479,0:1480",GAT,exact-facility-location-gat_v9.pkl,1,False,0.01806914433836937
1s72.cif,1434,0,1434,CGACUAUG,1474,,C,1481,,G,"0:1474,0:1475,0:1476,0:1477,0:1478,0:1479,0:1480,0:1481",GAT,exact-facility-location-gat_v9.pkl,1,False,0.00291804363951087
1s72.cif,1435,0,1435,GACUAUGA,1475,,G,1482,,A,"0:1475,0:1476,0:1477,0:1478,0:1479,0:1480,0:1481,0:1482",GAT,exact-facility-location-gat_v9.pkl,1,False,0.0008000401430763304
1s72.cif,1436,0,1436,ACUAUGAC,1476,,A,1483,,C,"0:1476,0:1477,0:1478,0:1479,0:1480,0:1481,0:1482,0:1483",GAT,exact-facility-location-gat_v9.pkl,1,False,0.0014762593200430274
1s72.cif,1437,0,1437,CUAUGACG,1477,,C,1484,,G,"0:1477,0:1478,0:1479,0:1480,0:1481,0:1482,0:1483,0:1484",GAT,exact-facility-location-gat_v9.pkl,1,False,0.0010551466839388013
1s72.cif,1438,0,1438,UAUGACGA,1478,,U,1485,,A,"0:1478,0:1479,0:1480,0:1481,0:1482,0:1483,0:1484,0:1485",GAT,exact-facility-location-gat_v9.pkl,1,False,0.00023623106244485825
1s72.cif,1439,0,1439,AUGACGAA,1479,,A,1486,,A,"0:1479,0:1480,0:1481,0:1482,0:1483,0:1484,0:1485,0:1486",GAT,exact-facility-location-gat_v9.pkl,1,False,0.00017995007510762662
1s72.cif,1440,0,1440,UGACGAAA,1480,,U,1487,,A,"0:1480,0:1481,0:1482,0:1483,0:1484,0:1485,0:1486,0:1487",GAT,exact-facility-location-gat_v9.pkl,1,False,5.414052429841831e-05
1s72.cif,1441,0,1441,GACGAAAU,1481,,G,1488,,U,"0:1481,0:1482,0:1483,0:1484,0:1485,0:1486,0:1487,0:1488",GAT,exact-facility-location-gat_v9.pkl,1,False,3.157858009217307e-05
1s72.cif,1442,0,1442,ACGAAAUG,1482,,A,1489,,G,"0:1482,0:1483,0:1484,0:1485,0:1486,0:1487,0:1488,0:1489",GAT,exact-facility-location-gat_v9.pkl,1,False,0.00012399989645928144
1s72.cif,1443,0,1443,CGAAAUGG,1483,,C,1490,,G,"0:1483,0:1484,0:1485,0:1486,0:1487,0:1488,0:1489,0:1490",GAT,exact-facility-location-gat_v9.pkl,1,False,0.0009620912023819983
1s72.cif,1444,0,1444,GAAAUGGG,1484,,G,1491,,G,"0:1484,0:1485,0:1486,0:1487,0:1488,0:1489,0:1490,0:1491",GAT,exact-facility-location-gat_v9.pkl,1,False,0.0016103099333122373
1s72.cif,1445,0,1445,AAAUGGGA,1485,,A,1492,,A,"0:1485,0:1486,0:1487,0:1488,0:1489,0:1490,0:1491,0:1492",GAT,exact-facility-location-gat_v9.pkl,1,False,0.0015072777168825269
1s72.cif,1446,0,1446,AAUGGGAA,1486,,A,1493,,A,"0:1486,0:1487,0:1488,0:1489,0:1490,0:1491,0:1492,0:1493",GAT,exact-facility-location-gat_v9.pkl,1,False,0.0026243722531944513
1s72.cif,1447,0,1447,AUGGGAAA,1487,,A,1494,,A,"0:1487,0:1488,0:1489,0:1490,0:1491,0:1492,0:1493,0:1494",GAT,exact-facility-location-gat_v9.pkl,1,False,0.005499793216586113
1s72.cif,1448,0,1448,UGGGAAAC,1488,,U,1495,,C,"0:1488,0:1489,0:1490,0:1491,0:1492,0:1493,0:1494,0:1495",GAT,exact-facility-location-gat_v9.pkl,1,False,0.002920903265476227
1s72.cif,1449,0,1449,GGGAAACG,1489,,G,1496,,G,"0:1489,0:1490,0:1491,0:1492,0:1493,0:1494,0:1495,0:1496",GAT,exact-facility-location-gat_v9.pkl,1,False,0.0015506410272791982
1s72.cif,1450,0,1450,GGAAACGG,1490,,G,1497,,G,"0:1490,0:1491,0:1492,0:1493,0:1494,0:1495,0:1496,0:1497",GAT,exact-facility-location-gat_v9.pkl,1,False,0.0002431394241284579
1s72.cif,1451,0,1451,GAAACGGG,1491,,G,1498,,G,"0:1491,0:1492,0:1493,0:1494,0:1495,0:1496,0:1497,0:1498",GAT,exact-facility-location-gat_v9.pkl,1,False,7.180211832746863e-05
1s72.cif,1452,0,1452,AAACGGGU,1492,,A,1499,,U,"0:1492,0:1493,0:1494,0:1495,0:1496,0:1497,0:1498,0:1499",GAT,exact-facility-location-gat_v9.pkl,1,False,0.000710483465809375
1s72.cif,1453,0,1453,AACGGGUU,1493,,A,1500,,U,"0:1493,0:1494,0:1495,0:1496,0:1497,0:1498,0:1499,0:1500",GAT,exact-facility-location-gat_v9.pkl,1,False,0.0008681364706717432
1s72.cif,1454,0,1454,ACGGGUUA,1494,,A,1501,,A,"0:1494,0:1495,0:1496,0:1497,0:1498,0:1499,0:1500,0:1501",GAT,exact-facility-location-gat_v9.pkl,1,False,0.00016078479529824108
1s72.cif,1455,0,1455,CGGGUUAA,1495,,C,1502,,A,"0:1495,0:1496,0:1497,0:1498,0:1499,0:1500,0:1501,0:1502",GAT,exact-facility-location-gat_v9.pkl,1,False,0.0025518564507365227
1s72.cif,1456,0,1456,GGGUUAAU,1496,,G,1503,,U,"0:1496,0:1497,0:1498,0:1499,0:1500,0:1501,0:1502,0:1503",GAT,exact-facility-location-gat_v9.pkl,1,False,0.007904539816081524
1s72.cif,1457,0,1457,GGUUAAUA,1497,,G,1504,,A,"0:1497,0:1498,0:1499,0:1500,0:1501,0:1502,0:1503,0:1504",GAT,exact-facility-location-gat_v9.pkl,1,False,0.026516392827033997
1s72.cif,1458,0,1458,GUUAAUAU,1498,,G,1505,,U,"0:1498,0:1499,0:1500,0:1501,0:1502,0:1503,0:1504,0:1505",GAT,exact-facility-location-gat_v9.pkl,1,False,0.058182671666145325
1s72.cif,1459,0,1459,UUAAUAUU,1499,,U,1506,,U,"0:1499,0:1500,0:1501,0:1502,0:1503,0:1504,0:1505,0:1506",GAT,exact-facility-location-gat_v9.pkl,1,False,0.0008080755360424519
1s72.cif,1460,0,1460,UAAUAUUC,1500,,U,1507,,C,"0:1500,0:1501,0:1502,0:1503,0:1504,0:1505,0:1506,0:1507",GAT,exact-facility-location-gat_v9.pkl,1,False,0.002572402823716402
1s72.cif,1461,0,1461,AAUAUUCC,1501,,A,1508,,C,"0:1501,0:1502,0:1503,0:1504,0:1505,0:1506,0:1507,0:1508",GAT,exact-facility-location-gat_v9.pkl,1,False,0.002846046118065715
1s72.cif,1462,0,1462,AUAUUCCC,1502,,A,1509,,C,"0:1502,0:1503,0:1504,0:1505,0:1506,0:1507,0:1508,0:1509",GAT,exact-facility-location-gat_v9.pkl,1,False,0.0013296264223754406
1s72.cif,1463,0,1463,UAUUCCCG,1503,,U,1510,,G,"0:1503,0:1504,0:1505,0:1506,0:1507,0:1508,0:1509,0:1510",GAT,exact-facility-location-gat_v9.pkl,1,False,0.0008853719336912036
1s72.cif,1464,0,1464,AUUCCCGU,1504,,A,1511,,U,"0:1504,0:1505,0:1506,0:1507,0:1508,0:1509,0:1510,0:1511",GAT,exact-facility-location-gat_v9.pkl,1,False,0.005128334742039442
1s72.cif,1465,0,1465,UUCCCGUG,1505,,U,1512,,G,"0:1505,0:1506,0:1507,0:1508,0:1509,0:1510,0:1511,0:1512",GAT,exact-facility-location-gat_v9.pkl,1,False,0.0037281978875398636
1s72.cif,1466,0,1466,UCCCGUGC,1506,,U,1513,,C,"0:1506,0:1507,0:1508,0:1509,0:1510,0:1511,0:1512,0:1513",GAT,exact-facility-location-gat_v9.pkl,1,False,0.003691962221637368
1s72.cif,1467,0,1467,CCCGUGCC,1507,,C,1514,,C,"0:1507,0:1508,0:1509,0:1510,0:1511,0:1512,0:1513,0:1514",GAT,exact-facility-location-gat_v9.pkl,1,False,0.0019747759215533733
1s72.cif,1468,0,1468,CCGUGCCA,1508,,C,1515,,A,"0:1508,0:1509,0:1510,0:1511,0:1512,0:1513,0:1514,0:1515",GAT,exact-facility-location-gat_v9.pkl,1,False,0.0007711164653301239
1s72.cif,1469,0,1469,CGUGCCAC,1509,,C,1516,,C,"0:1509,0:1510,0:1511,0:1512,0:1513,0:1514,0:1515,0:1516",GAT,exact-facility-location-gat_v9.pkl,1,False,0.0004727548221126199
1s72.cif,1470,0,1470,GUGCCACU,1510,,G,1517,,U,"0:1510,0:1511,0:1512,0:1513,0:1514,0:1515,0:1516,0:1517",GAT,exact-facility-location-gat_v9.pkl,1,False,0.0005662363255396485
1s72.cif,1471,0,1471,UGCCACUA,1511,,U,1518,,A,"0:1511,0:1512,0:1513,0:1514,0:1515,0:1516,0:1517,0:1518",GAT,exact-facility-location-gat_v9.pkl,1,False,0.0009084161720238626
1s72.cif,1472,0,1472,GCCACUAU,1512,,G,1519,,U,"0:1512,0:1513,0:1514,0:1515,0:1516,0:1517,0:1518,0:1519",GAT,exact-facility-location-gat_v9.pkl,1,False,0.0010086505208164454
1s72.cif,1473,0,1473,CCACUAUG,1513,,C,1520,,G,"0:1513,0:1514,0:1515,0:1516,0:1517,0:1518,0:1519,0:1520",GAT,exact-facility-location-gat_v9.pkl,1,False,0.0007333691464737058
1s72.cif,1474,0,1474,CACUAUGC,1514,,C,1521,,C,"0:1514,0:1515,0:1516,0:1517,0:1518,0:1519,0:1520,0:1521",GAT,exact-facility-location-gat_v9.pkl,1,False,0.000690627726726234
1s72.cif,1475,0,1475,ACUAUGCA,1515,,A,1522,,A,"0:1515,0:1516,0:1517,0:1518,0:1519,0:1520,0:1521,0:1522",GAT,exact-facility-location-gat_v9.pkl,1,False,0.0008762655197642744
1s72.cif,1476,0,1476,CUAUGCAG,1516,,C,1523,,G,"0:1516,0:1517,0:1518,0:1519,0:1520,0:1521,0:1522,0:1523",GAT,exact-facility-location-gat_v9.pkl,1,False,0.0009933008113875985
1s72.cif,1477,0,1477,UAUGCAGU,1517,,U,1524,,U,"0:1517,0:1518,0:1519,0:1520,0:1521,0:1522,0:1523,0:1524",GAT,exact-facility-location-gat_v9.pkl,1,False,0.0006442262674681842
1s72.cif,1478,0,1478,AUGCAGUG,1518,,A,1525,,G,"0:1518,0:1519,0:1520,0:1521,0:1522,0:1523,0:1524,0:1525",GAT,exact-facility-location-gat_v9.pkl,1,False,0.002742747776210308
1s72.cif,1479,0,1479,UGCAGUGA,1519,,U,1526,,A,"0:1519,0:1520,0:1521,0:1522,0:1523,0:1524,0:1525,0:1526",GAT,exact-facility-location-gat_v9.pkl,1,False,0.0020669912919402122
1s72.cif,1480,0,1480,GCAGUGAA,1520,,G,1527,,A,"0:1520,0:1521,0:1522,0:1523,0:1524,0:1525,0:1526,0:1527",GAT,exact-facility-location-gat_v9.pkl,1,False,0.0003516410361044109
1s72.cif,1481,0,1481,CAGUGAAA,1521,,C,1528,,A,"0:1521,0:1522,0:1523,0:1524,0:1525,0:1526,0:1527,0:1528",GAT,exact-facility-location-gat_v9.pkl,1,False,8.80262377904728e-05
1s72.cif,1482,0,1482,AGUGAAAG,1522,,A,1529,,G,"0:1522,0:1523,0:1524,0:1525,0:1526,0:1527,0:1528,0:1529",GAT,exact-facility-location-gat_v9.pkl,1,False,0.0007358052534982562
1s72.cif,1483,0,1483,GUGAAAGU,1523,,G,1530,,U,"0:1523,0:1524,0:1525,0:1526,0:1527,0:1528,0:1529,0:1530",GAT,exact-facility-location-gat_v9.pkl,1,False,0.002720385091379285
1s72.cif,1484,0,1484,UGAAAGUU,1524,,U,1531,,U,"0:1524,0:1525,0:1526,0:1527,0:1528,0:1529,0:1530,0:1531",GAT,exact-facility-location-gat_v9.pkl,1,False,0.0003655464097391814
1s72.cif,1485,0,1485,GAAAGUUG,1525,,G,1532,,G,"0:1525,0:1526,0:1527,0:1528,0:1529,0:1530,0:1531,0:1532",GAT,exact-facility-location-gat_v9.pkl,1,False,0.0004583325353451073
1s72.cif,1486,0,1486,AAAGUUGA,1526,,A,1533,,A,"0:1526,0:1527,0:1528,0:1529,0:1530,0:1531,0:1532,0:1533",GAT,exact-facility-location-gat_v9.pkl,1,False,0.0004628653696272522
1s72.cif,1487,0,1487,AAGUUGAC,1527,,A,1534,,C,"0:1527,0:1528,0:1529,0:1530,0:1531,0:1532,0:1533,0:1534",GAT,exact-facility-location-gat_v9.pkl,1,False,0.00010592303442535922
1s72.cif,1488,0,1488,AGUUGACG,1528,,A,1535,,G,"0:1528,0:1529,0:1530,0:1531,0:1532,0:1533,0:1534,0:1535",GAT,exact-facility-location-gat_v9.pkl,1,False,0.00025375373661518097
1s72.cif,1489,0,1489,GUUGACGC,1529,,G,1536,,C,"0:1529,0:1530,0:1531,0:1532,0:1533,0:1534,0:1535,0:1536",GAT,exact-facility-location-gat_v9.pkl,1,False,0.0008658930892124772
1s72.cif,1490,0,1490,UUGACGCC,1530,,U,1537,,C,"0:1530,0:1531,0:1532,0:1533,0:1534,0:1535,0:1536,0:1537",GAT,exact-facility-location-gat_v9.pkl,1,False,0.0019810788799077272
1s72.cif,1491,0,1491,UGACGCCC,1531,,U,1538,,C,"0:1531,0:1532,0:1533,0:1534,0:1535,0:1536,0:1537,0:1538",GAT,exact-facility-location-gat_v9.pkl,1,False,0.021412182599306107
1s72.cif,1492,0,1492,GACGCCCU,1532,,G,1539,,U,"0:1532,0:1533,0:1534,0:1535,0:1536,0:1537,0:1538,0:1539",GAT,exact-facility-location-gat_v9.pkl,1,False,0.03369663283228874
1s72.cif,1493,0,1493,ACGCCCUG,1533,,A,1540,,G,"0:1533,0:1534,0:1535,0:1536,0:1537,0:1538,0:1539,0:1540",GAT,exact-facility-location-gat_v9.pkl,1,False,0.04387611895799637
1s72.cif,1494,0,1494,CGCCCUGG,1534,,C,1541,,G,"0:1534,0:1535,0:1536,0:1537,0:1538,0:1539,0:1540,0:1541",GAT,exact-facility-location-gat_v9.pkl,1,False,0.009027579799294472
1s72.cif,1495,0,1495,GCCCUGGG,1535,,G,1542,,G,"0:1535,0:1536,0:1537,0:1538,0:1539,0:1540,0:1541,0:1542",GAT,exact-facility-location-gat_v9.pkl,1,False,0.0010549668222665787
1s72.cif,1496,0,1496,CCCUGGGG,1536,,C,1543,,G,"0:1536,0:1537,0:1538,0:1539,0:1540,0:1541,0:1542,0:1543",GAT,exact-facility-location-gat_v9.pkl,1,False,0.0007906872197054327
1s72.cif,1497,0,1497,CCUGGGGU,1537,,C,1544,,U,"0:1537,0:1538,0:1539,0:1540,0:1541,0:1542,0:1543,0:1544",GAT,exact-facility-location-gat_v9.pkl,1,False,0.0014237603172659874
1s72.cif,1498,0,1498,CUGGGGUC,1538,,C,1545,,C,"0:1538,0:1539,0:1540,0:1541,0:1542,0:1543,0:1544,0:1545",GAT,exact-facility-location-gat_v9.pkl,1,False,0.002473679604008794
1s72.cif,1499,0,1499,UGGGGUCG,1539,,U,1546,,G,"0:1539,0:1540,0:1541,0:1542,0:1543,0:1544,0:1545,0:1546",GAT,exact-facility-location-gat_v9.pkl,1,False,0.001440753578208387
1s72.cif,1500,0,1500,GGGGUCGA,1540,,G,1547,,A,"0:1540,0:1541,0:1542,0:1543,0:1544,0:1545,0:1546,0:1547",GAT,exact-facility-location-gat_v9.pkl,1,False,0.0016560890944674611
1s72.cif,1501,0,1501,GGGUCGAU,1541,,G,1548,,U,"0:1541,0:1542,0:1543,0:1544,0:1545,0:1546,0:1547,0:1548",GAT,exact-facility-location-gat_v9.pkl,1,False,0.001520743826404214
1s72.cif,1502,0,1502,GGUCGAUC,1542,,G,1549,,C,"0:1542,0:1543,0:1544,0:1545,0:1546,0:1547,0:1548,0:1549",GAT,exact-facility-location-gat_v9.pkl,1,False,0.0007608826854266226
1s72.cif,1503,0,1503,GUCGAUCA,1543,,G,1550,,A,"0:1543,0:1544,0:1545,0:1546,0:1547,0:1548,0:1549,0:1550",GAT,exact-facility-location-gat_v9.pkl,1,False,0.0004375917196739465
1s72.cif,1504,0,1504,UCGAUCAC,1544,,U,1551,,C,"0:1544,0:1545,0:1546,0:1547,0:1548,0:1549,0:1550,0:1551",GAT,exact-facility-location-gat_v9.pkl,1,False,0.0004187585727777332
1s72.cif,1505,0,1505,CGAUCACG,1545,,C,1552,,G,"0:1545,0:1546,0:1547,0:1548,0:1549,0:1550,0:1551,0:1552",GAT,exact-facility-location-gat_v9.pkl,1,False,0.0006821462302468717
1s72.cif,1506,0,1506,GAUCACGC,1546,,G,1553,,C,"0:1546,0:1547,0:1548,0:1549,0:1550,0:1551,0:1552,0:1553",GAT,exact-facility-location-gat_v9.pkl,1,False,0.0010218123206868768
1s72.cif,1507,0,1507,AUCACGCU,1547,,A,1554,,U,"0:1547,0:1548,0:1549,0:1550,0:1551,0:1552,0:1553,0:1554",GAT,exact-facility-location-gat_v9.pkl,1,False,0.0016376092098653316
1s72.cif,1508,0,1508,UCACGCUG,1548,,U,1555,,G,"0:1548,0:1549,0:1550,0:1551,0:1552,0:1553,0:1554,0:1555",GAT,exact-facility-location-gat_v9.pkl,1,False,0.0013281749561429024
1s72.cif,1509,0,1509,CACGCUGG,1549,,C,1556,,G,"0:1549,0:1550,0:1551,0:1552,0:1553,0:1554,0:1555,0:1556",GAT,exact-facility-location-gat_v9.pkl,1,False,0.0009753466583788395
1s72.cif,1510,0,1510,ACGCUGGG,1550,,A,1557,,G,"0:1550,0:1551,0:1552,0:1553,0:1554,0:1555,0:1556,0:1557",GAT,exact-facility-location-gat_v9.pkl,1,False,0.0009143209317699075
1s72.cif,1511,0,1511,CGCUGGGC,1551,,C,1558,,C,"0:1551,0:1552,0:1553,0:1554,0:1555,0:1556,0:1557,0:1558",GAT,exact-facility-location-gat_v9.pkl,1,False,0.0009657250484451652
1s72.cif,1512,0,1512,GCUGGGCA,1552,,G,1559,,A,"0:1552,0:1553,0:1554,0:1555,0:1556,0:1557,0:1558,0:1559",GAT,exact-facility-location-gat_v9.pkl,1,False,0.0005396724445745349
1s72.cif,1513,0,1513,CUGGGCAU,1553,,C,1561,,U,"0:1553,0:1554,0:1555,0:1556,0:1557,0:1558,0:1559,0:1561",GAT,exact-facility-location-gat_v9.pkl,1,False,0.0021796529181301594
1s72.cif,1514,0,1514,UGGGCAUC,1554,,U,1562,,C,"0:1554,0:1555,0:1556,0:1557,0:1558,0:1559,0:1561,0:1562",GAT,exact-facility-location-gat_v9.pkl,1,False,0.006780111696571112
1s72.cif,1515,0,1515,GGGCAUCG,1555,,G,1563,,G,"0:1555,0:1556,0:1557,0:1558,0:1559,0:1561,0:1562,0:1563",GAT,exact-facility-location-gat_v9.pkl,1,False,0.06421422958374023
1s72.cif,1516,0,1516,GGCAUCGC,1556,,G,1564,,C,"0:1556,0:1557,0:1558,0:1559,0:1561,0:1562,0:1563,0:1564",GAT,exact-facility-location-gat_v9.pkl,1,True,0.5251233577728271
1s72.cif,1517,0,1517,GCAUCGCC,1557,,G,1565,,C,"0:1557,0:1558,0:1559,0:1561,0:1562,0:1563,0:1564,0:1565",GAT,exact-facility-location-gat_v9.pkl,1,False,0.021904904395341873
1s72.cif,1518,0,1518,CAUCGCCC,1558,,C,1566,,C,"0:1558,0:1559,0:1561,0:1562,0:1563,0:1564,0:1565,0:1566",GAT,exact-facility-location-gat_v9.pkl,1,False,0.01580923981964588
1s72.cif,1519,0,1519,AUCGCCCA,1559,,A,1567,,A,"0:1559,0:1561,0:1562,0:1563,0:1564,0:1565,0:1566,0:1567",GAT,exact-facility-location-gat_v9.pkl,1,False,0.0014294886495918036
1s72.cif,1520,0,1520,UCGCCCAG,1561,,U,1568,,G,"0:1561,0:1562,0:1563,0:1564,0:1565,0:1566,0:1567,0:1568",GAT,exact-facility-location-gat_v9.pkl,1,False,0.0002575686667114496
1s72.cif,1521,0,1521,CGCCCAGU,1562,,C,1569,,U,"0:1562,0:1563,0:1564,0:1565,0:1566,0:1567,0:1568,0:1569",GAT,exact-facility-location-gat_v9.pkl,1,False,0.0008835091721266508
1s72.cif,1522,0,1522,GCCCAGUC,1563,,G,1570,,C,"0:1563,0:1564,0:1565,0:1566,0:1567,0:1568,0:1569,0:1570",GAT,exact-facility-location-gat_v9.pkl,1,False,0.000927954213693738
1s72.cif,1523,0,1523,CCCAGUCG,1564,,C,1571,,G,"0:1564,0:1565,0:1566,0:1567,0:1568,0:1569,0:1570,0:1571",GAT,exact-facility-location-gat_v9.pkl,1,False,2.8239488528924994e-05
1s72.cif,1524,0,1524,CCAGUCGA,1565,,C,1572,,A,"0:1565,0:1566,0:1567,0:1568,0:1569,0:1570,0:1571,0:1572",GAT,exact-facility-location-gat_v9.pkl,1,False,2.6155974410357885e-05
1s72.cif,1525,0,1525,CAGUCGAA,1566,,C,1573,,A,"0:1566,0:1567,0:1568,0:1569,0:1570,0:1571,0:1572,0:1573",GAT,exact-facility-location-gat_v9.pkl,1,False,0.0004540416121017188
1s72.cif,1526,0,1526,AGUCGAAC,1567,,A,1574,,C,"0:1567,0:1568,0:1569,0:1570,0:1571,0:1572,0:1573,0:1574",GAT,exact-facility-location-gat_v9.pkl,1,False,0.00011450782767497003
1s72.cif,1527,0,1527,GUCGAACC,1568,,G,1575,,C,"0:1568,0:1569,0:1570,0:1571,0:1572,0:1573,0:1574,0:1575",GAT,exact-facility-location-gat_v9.pkl,1,False,0.0001415329024894163
1s72.cif,1528,0,1528,UCGAACCG,1569,,U,1576,,G,"0:1569,0:1570,0:1571,0:1572,0:1573,0:1574,0:1575,0:1576",GAT,exact-facility-location-gat_v9.pkl,1,False,0.009679756127297878
1s72.cif,1529,0,1529,CGAACCGU,1570,,C,1577,,U,"0:1570,0:1571,0:1572,0:1573,0:1574,0:1575,0:1576,0:1577",GAT,exact-facility-location-gat_v9.pkl,1,False,0.008175462484359741
1s72.cif,1530,0,1530,GAACCGUC,1571,,G,1578,,C,"0:1571,0:1572,0:1573,0:1574,0:1575,0:1576,0:1577,0:1578",GAT,exact-facility-location-gat_v9.pkl,1,False,0.0004980801604688168
1s72.cif,1531,0,1531,AACCGUCC,1572,,A,1579,,C,"0:1572,0:1573,0:1574,0:1575,0:1576,0:1577,0:1578,0:1579",GAT,exact-facility-location-gat_v9.pkl,1,False,0.00048053215141408145
1s72.cif,1532,0,1532,ACCGUCCA,1573,,A,1580,,A,"0:1573,0:1574,0:1575,0:1576,0:1577,0:1578,0:1579,0:1580",GAT,exact-facility-location-gat_v9.pkl,1,False,0.002712782472372055
1s72.cif,1533,0,1533,CCGUCCAA,1574,,C,1581,,A,"0:1574,0:1575,0:1576,0:1577,0:1578,0:1579,0:1580,0:1581",GAT,exact-facility-location-gat_v9.pkl,1,False,0.0016243429854512215
1s72.cif,1534,0,1534,CGUCCAAC,1575,,C,1582,,C,"0:1575,0:1576,0:1577,0:1578,0:1579,0:1580,0:1581,0:1582",GAT,exact-facility-location-gat_v9.pkl,1,False,0.0011625434271991253
1s72.cif,1535,0,1535,GUCCAACU,1576,,G,1583,,U,"0:1576,0:1577,0:1578,0:1579,0:1580,0:1581,0:1582,0:1583",GAT,exact-facility-location-gat_v9.pkl,1,False,0.0010241580894216895
1s72.cif,1536,0,1536,UCCAACUC,1577,,U,1584,,C,"0:1577,0:1578,0:1579,0:1580,0:1581,0:1582,0:1583,0:1584",GAT,exact-facility-location-gat_v9.pkl,1,False,0.0013650923501700163
1s72.cif,1537,0,1537,CCAACUCC,1578,,C,1585,,C,"0:1578,0:1579,0:1580,0:1581,0:1582,0:1583,0:1584,0:1585",GAT,exact-facility-location-gat_v9.pkl,1,False,0.0014368020929396152
1s72.cif,1538,0,1538,CAACUCCG,1579,,C,1586,,G,"0:1579,0:1580,0:1581,0:1582,0:1583,0:1584,0:1585,0:1586",GAT,exact-facility-location-gat_v9.pkl,1,False,0.0005925058503635228
1s72.cif,1539,0,1539,AACUCCGU,1580,,A,1587,,U,"0:1580,0:1581,0:1582,0:1583,0:1584,0:1585,0:1586,0:1587",GAT,exact-facility-location-gat_v9.pkl,1,False,0.0005779286730103195
1s72.cif,1540,0,1540,ACUCCGUG,1581,,A,1588,,G,"0:1581,0:1582,0:1583,0:1584,0:1585,0:1586,0:1587,0:1588",GAT,exact-facility-location-gat_v9.pkl,1,False,0.0005535584641620517
1s72.cif,1541,0,1541,CUCCGUGG,1582,,C,1589,,G,"0:1582,0:1583,0:1584,0:1585,0:1586,0:1587,0:1588,0:1589",GAT,exact-facility-location-gat_v9.pkl,1,False,0.0004527618584688753
1s72.cif,1542,0,1542,UCCGUGGA,1583,,U,1590,,A,"0:1583,0:1584,0:1585,0:1586,0:1587,0:1588,0:1589,0:1590",GAT,exact-facility-location-gat_v9.pkl,1,False,0.0071504563093185425
1s72.cif,1543,0,1543,CCGUGGAA,1584,,C,1591,,A,"0:1584,0:1585,0:1586,0:1587,0:1588,0:1589,0:1590,0:1591",GAT,exact-facility-location-gat_v9.pkl,1,False,0.0020241800229996443
1s72.cif,1544,0,1544,CGUGGAAG,1585,,C,1592,,G,"0:1585,0:1586,0:1587,0:1588,0:1589,0:1590,0:1591,0:1592",GAT,exact-facility-location-gat_v9.pkl,1,False,0.0011384304380044341
1s72.cif,1545,0,1545,GUGGAAGC,1586,,G,1593,,C,"0:1586,0:1587,0:1588,0:1589,0:1590,0:1591,0:1592,0:1593",GAT,exact-facility-location-gat_v9.pkl,1,False,0.002517524641007185
1s72.cif,1546,0,1546,UGGAAGCC,1587,,U,1594,,C,"0:1587,0:1588,0:1589,0:1590,0:1591,0:1592,0:1593,0:1594",GAT,exact-facility-location-gat_v9.pkl,1,False,0.012914411723613739
1s72.cif,1547,0,1547,GGAAGCCG,1588,,G,1595,,G,"0:1588,0:1589,0:1590,0:1591,0:1592,0:1593,0:1594,0:1595",GAT,exact-facility-location-gat_v9.pkl,1,False,0.001448518713004887
1s72.cif,1548,0,1548,GAAGCCGU,1589,,G,1596,,U,"0:1589,0:1590,0:1591,0:1592,0:1593,0:1594,0:1595,0:1596",GAT,exact-facility-location-gat_v9.pkl,1,False,0.00022050856205169111
1s72.cif,1549,0,1549,AAGCCGUA,1590,,A,1597,,A,"0:1590,0:1591,0:1592,0:1593,0:1594,0:1595,0:1596,0:1597",GAT,exact-facility-location-gat_v9.pkl,1,False,0.0002553404774516821
1s72.cif,1550,0,1550,AGCCGUAA,1591,,A,1598,,A,"0:1591,0:1592,0:1593,0:1594,0:1595,0:1596,0:1597,0:1598",GAT,exact-facility-location-gat_v9.pkl,1,False,0.005940911825746298
1s72.cif,1551,0,1551,GCCGUAAU,1592,,G,1599,,U,"0:1592,0:1593,0:1594,0:1595,0:1596,0:1597,0:1598,0:1599",GAT,exact-facility-location-gat_v9.pkl,1,False,0.008472038432955742
1s72.cif,1552,0,1552,CCGUAAUG,1593,,C,1600,,G,"0:1593,0:1594,0:1595,0:1596,0:1597,0:1598,0:1599,0:1600",GAT,exact-facility-location-gat_v9.pkl,1,False,0.0159140657633543
1s72.cif,1553,0,1553,CGUAAUGG,1594,,C,1601,,G,"0:1594,0:1595,0:1596,0:1597,0:1598,0:1599,0:1600,0:1601",GAT,exact-facility-location-gat_v9.pkl,1,True,0.9536113142967224
1s72.cif,1554,0,1554,GUAAUGGC,1595,,G,1602,,C,"0:1595,0:1596,0:1597,0:1598,0:1599,0:1600,0:1601,0:1602",GAT,exact-facility-location-gat_v9.pkl,1,False,0.018790749832987785
1s72.cif,1555,0,1555,UAAUGGCA,1596,,U,1603,,A,"0:1596,0:1597,0:1598,0:1599,0:1600,0:1601,0:1602,0:1603",GAT,exact-facility-location-gat_v9.pkl,1,False,2.6073537810589187e-05
1s72.cif,1556,0,1556,AAUGGCAG,1597,,A,1604,,G,"0:1597,0:1598,0:1599,0:1600,0:1601,0:1602,0:1603,0:1604",GAT,exact-facility-location-gat_v9.pkl,1,False,5.183928078622557e-05
1s72.cif,1557,0,1557,AUGGCAGG,1598,,A,1605,,G,"0:1598,0:1599,0:1600,0:1601,0:1602,0:1603,0:1604,0:1605",GAT,exact-facility-location-gat_v9.pkl,1,False,0.00021712043962907046
1s72.cif,1558,0,1558,UGGCAGGA,1599,,U,1606,,A,"0:1599,0:1600,0:1601,0:1602,0:1603,0:1604,0:1605,0:1606",GAT,exact-facility-location-gat_v9.pkl,1,False,0.00020918525115121156
1s72.cif,1559,0,1559,GGCAGGAA,1600,,G,1607,,A,"0:1600,0:1601,0:1602,0:1603,0:1604,0:1605,0:1606,0:1607",GAT,exact-facility-location-gat_v9.pkl,1,False,0.0004144642734900117
1s72.cif,1560,0,1560,GCAGGAAG,1601,,G,1608,,G,"0:1601,0:1602,0:1603,0:1604,0:1605,0:1606,0:1607,0:1608",GAT,exact-facility-location-gat_v9.pkl,1,False,0.00047556593199260533
1s72.cif,1561,0,1561,CAGGAAGC,1602,,C,1609,,C,"0:1602,0:1603,0:1604,0:1605,0:1606,0:1607,0:1608,0:1609",GAT,exact-facility-location-gat_v9.pkl,1,False,0.0010699537815526128
1s72.cif,1562,0,1562,AGGAAGCG,1603,,A,1610,,G,"0:1603,0:1604,0:1605,0:1606,0:1607,0:1608,0:1609,0:1610",GAT,exact-facility-location-gat_v9.pkl,1,False,0.0006797690293751657
1s72.cif,1563,0,1563,GGAAGCGG,1604,,G,1611,,G,"0:1604,0:1605,0:1606,0:1607,0:1608,0:1609,0:1610,0:1611",GAT,exact-facility-location-gat_v9.pkl,1,False,0.01244341116398573
1s72.cif,1564,0,1564,GAAGCGGA,1605,,G,1612,,A,"0:1605,0:1606,0:1607,0:1608,0:1609,0:1610,0:1611,0:1612",GAT,exact-facility-location-gat_v9.pkl,1,False,0.0008295205188915133
1s72.cif,1565,0,1565,AAGCGGAC,1606,,A,1613,,C,"0:1606,0:1607,0:1608,0:1609,0:1610,0:1611,0:1612,0:1613",GAT,exact-facility-location-gat_v9.pkl,1,False,0.0008344174129888415
1s72.cif,1566,0,1566,AGCGGACG,1607,,A,1614,,G,"0:1607,0:1608,0:1609,0:1610,0:1611,0:1612,0:1613,0:1614",GAT,exact-facility-location-gat_v9.pkl,1,False,0.0006859494606032968
1s72.cif,1567,0,1567,GCGGACGA,1608,,G,1615,,A,"0:1608,0:1609,0:1610,0:1611,0:1612,0:1613,0:1614,0:1615",GAT,exact-facility-location-gat_v9.pkl,1,False,0.0006151762790977955
1s72.cif,1568,0,1568,CGGACGAA,1609,,C,1616,,A,"0:1609,0:1610,0:1611,0:1612,0:1613,0:1614,0:1615,0:1616",GAT,exact-facility-location-gat_v9.pkl,1,False,0.0006594731821678579
1s72.cif,1569,0,1569,GGACGAAC,1610,,G,1617,,C,"0:1610,0:1611,0:1612,0:1613,0:1614,0:1615,0:1616,0:1617",GAT,exact-facility-location-gat_v9.pkl,1,False,3.458233913988806e-05
1s72.cif,1570,0,1570,GACGAACG,1611,,G,1618,,G,"0:1611,0:1612,0:1613,0:1614,0:1615,0:1616,0:1617,0:1618",GAT,exact-facility-location-gat_v9.pkl,1,False,0.0017315897857770324
1s72.cif,1571,0,1571,ACGAACGG,1612,,A,1619,,G,"0:1612,0:1613,0:1614,0:1615,0:1616,0:1617,0:1618,0:1619",GAT,exact-facility-location-gat_v9.pkl,1,False,0.001355680520646274
1s72.cif,1572,0,1572,CGAACGGC,1613,,C,1620,,C,"0:1613,0:1614,0:1615,0:1616,0:1617,0:1618,0:1619,0:1620",GAT,exact-facility-location-gat_v9.pkl,1,False,0.0013776211999356747
1s72.cif,1573,0,1573,GAACGGCG,1614,,G,1621,,G,"0:1614,0:1615,0:1616,0:1617,0:1618,0:1619,0:1620,0:1621",GAT,exact-facility-location-gat_v9.pkl,1,False,0.0014332735445350409
1s72.cif,1574,0,1574,AACGGCGG,1615,,A,1622,,G,"0:1615,0:1616,0:1617,0:1618,0:1619,0:1620,0:1621,0:1622",GAT,exact-facility-location-gat_v9.pkl,1,False,0.0005207540234550834
1s72.cif,1575,0,1575,ACGGCGGC,1616,,A,1623,,C,"0:1616,0:1617,0:1618,0:1619,0:1620,0:1621,0:1622,0:1623",GAT,exact-facility-location-gat_v9.pkl,1,False,0.005496378056704998
1s72.cif,1576,0,1576,CGGCGGCA,1617,,C,1624,,A,"0:1617,0:1618,0:1619,0:1620,0:1621,0:1622,0:1623,0:1624",GAT,exact-facility-location-gat_v9.pkl,1,False,0.0016429423121735454
1s72.cif,1577,0,1577,GGCGGCAU,1618,,G,1625,,U,"0:1618,0:1619,0:1620,0:1621,0:1622,0:1623,0:1624,0:1625",GAT,exact-facility-location-gat_v9.pkl,1,False,0.00035226813633926213
1s72.cif,1578,0,1578,GCGGCAUA,1619,,G,1626,,A,"0:1619,0:1620,0:1621,0:1622,0:1623,0:1624,0:1625,0:1626",GAT,exact-facility-location-gat_v9.pkl,1,False,0.0002753933076746762
1s72.cif,1579,0,1579,CGGCAUAG,1620,,C,1627,,G,"0:1620,0:1621,0:1622,0:1623,0:1624,0:1625,0:1626,0:1627",GAT,exact-facility-location-gat_v9.pkl,1,False,0.00018364968127571046
1s72.cif,1580,0,1580,GGCAUAGG,1621,,G,1628,,G,"0:1621,0:1622,0:1623,0:1624,0:1625,0:1626,0:1627,0:1628",GAT,exact-facility-location-gat_v9.pkl,1,False,0.00028714194195345044
1s72.cif,1581,0,1581,GCAUAGGG,1622,,G,1629,,G,"0:1622,0:1623,0:1624,0:1625,0:1626,0:1627,0:1628,0:1629",GAT,exact-facility-location-gat_v9.pkl,1,False,0.00019900563347619027
1s72.cif,1582,0,1582,CAUAGGGA,1623,,C,1630,,A,"0:1623,0:1624,0:1625,0:1626,0:1627,0:1628,0:1629,0:1630",GAT,exact-facility-location-gat_v9.pkl,1,False,0.0002965372405014932
1s72.cif,1583,0,1583,AUAGGGAA,1624,,A,1631,,A,"0:1624,0:1625,0:1626,0:1627,0:1628,0:1629,0:1630,0:1631",GAT,exact-facility-location-gat_v9.pkl,1,False,0.012048039585351944
1s72.cif,1584,0,1584,UAGGGAAA,1625,,U,1632,,A,"0:1625,0:1626,0:1627,0:1628,0:1629,0:1630,0:1631,0:1632",GAT,exact-facility-location-gat_v9.pkl,1,False,0.008568269200623035
1s72.cif,1585,0,1585,AGGGAAAC,1626,,A,1633,,C,"0:1626,0:1627,0:1628,0:1629,0:1630,0:1631,0:1632,0:1633",GAT,exact-facility-location-gat_v9.pkl,1,False,0.08185804635286331
1s72.cif,1586,0,1586,GGGAAACG,1627,,G,1634,,G,"0:1627,0:1628,0:1629,0:1630,0:1631,0:1632,0:1633,0:1634",GAT,exact-facility-location-gat_v9.pkl,1,False,0.023547763004899025
1s72.cif,1587,0,1587,GGAAACGU,1628,,G,1635,,U,"0:1628,0:1629,0:1630,0:1631,0:1632,0:1633,0:1634,0:1635",GAT,exact-facility-location-gat_v9.pkl,1,False,6.473786197602749e-05
1s72.cif,1588,0,1588,GAAACGUG,1629,,G,1636,,G,"0:1629,0:1630,0:1631,0:1632,0:1633,0:1634,0:1635,0:1636",GAT,exact-facility-location-gat_v9.pkl,1,False,9.702635725261644e-05
1s72.cif,1589,0,1589,AAACGUGA,1630,,A,1637,,A,"0:1630,0:1631,0:1632,0:1633,0:1634,0:1635,0:1636,0:1637",GAT,exact-facility-location-gat_v9.pkl,1,False,0.0008564059971831739
1s72.cif,1590,0,1590,AACGUGAU,1631,,A,1638,,U,"0:1631,0:1632,0:1633,0:1634,0:1635,0:1636,0:1637,0:1638",GAT,exact-facility-location-gat_v9.pkl,1,False,0.0035331735853105783
1s72.cif,1591,0,1591,ACGUGAUU,1632,,A,1639,,U,"0:1632,0:1633,0:1634,0:1635,0:1636,0:1637,0:1638,0:1639",GAT,exact-facility-location-gat_v9.pkl,1,False,0.005465711932629347
1s72.cif,1592,0,1592,CGUGAUUC,1633,,C,1640,,C,"0:1633,0:1634,0:1635,0:1636,0:1637,0:1638,0:1639,0:1640",GAT,exact-facility-location-gat_v9.pkl,1,False,0.0056983535178005695
1s72.cif,1593,0,1593,GUGAUUCA,1634,,G,1641,,A,"0:1634,0:1635,0:1636,0:1637,0:1638,0:1639,0:1640,0:1641",GAT,exact-facility-location-gat_v9.pkl,1,False,0.002778210211545229
1s72.cif,1594,0,1594,UGAUUCAA,1635,,U,1642,,A,"0:1635,0:1636,0:1637,0:1638,0:1639,0:1640,0:1641,0:1642",GAT,exact-facility-location-gat_v9.pkl,1,False,0.004266838543117046
1s72.cif,1595,0,1595,GAUUCAAC,1636,,G,1643,,C,"0:1636,0:1637,0:1638,0:1639,0:1640,0:1641,0:1642,0:1643",GAT,exact-facility-location-gat_v9.pkl,1,False,0.001898175454698503
1s72.cif,1596,0,1596,AUUCAACC,1637,,A,1644,,C,"0:1637,0:1638,0:1639,0:1640,0:1641,0:1642,0:1643,0:1644",GAT,exact-facility-location-gat_v9.pkl,1,False,0.0009728483273647726
1s72.cif,1597,0,1597,UUCAACCU,1638,,U,1645,,U,"0:1638,0:1639,0:1640,0:1641,0:1642,0:1643,0:1644,0:1645",GAT,exact-facility-location-gat_v9.pkl,1,False,0.0008071094052866101
1s72.cif,1598,0,1598,UCAACCUG,1639,,U,1646,,G,"0:1639,0:1640,0:1641,0:1642,0:1643,0:1644,0:1645,0:1646",GAT,exact-facility-location-gat_v9.pkl,1,False,0.003246735082939267
1s72.cif,1599,0,1599,CAACCUGG,1640,,C,1647,,G,"0:1640,0:1641,0:1642,0:1643,0:1644,0:1645,0:1646,0:1647",GAT,exact-facility-location-gat_v9.pkl,1,False,0.0010797909926623106
1s72.cif,1600,0,1600,AACCUGGG,1641,,A,1648,,G,"0:1641,0:1642,0:1643,0:1644,0:1645,0:1646,0:1647,0:1648",GAT,exact-facility-location-gat_v9.pkl,1,False,0.0010926811955869198
1s72.cif,1601,0,1601,ACCUGGGG,1642,,A,1649,,G,"0:1642,0:1643,0:1644,0:1645,0:1646,0:1647,0:1648,0:1649",GAT,exact-facility-location-gat_v9.pkl,1,False,0.0009000169229693711
1s72.cif,1602,0,1602,CCUGGGGC,1643,,C,1650,,C,"0:1643,0:1644,0:1645,0:1646,0:1647,0:1648,0:1649,0:1650",GAT,exact-facility-location-gat_v9.pkl,1,False,0.0006492735701613128
1s72.cif,1603,0,1603,CUGGGGCC,1644,,C,1651,,C,"0:1644,0:1645,0:1646,0:1647,0:1648,0:1649,0:1650,0:1651",GAT,exact-facility-location-gat_v9.pkl,1,False,0.0004088033165317029
1s72.cif,1604,0,1604,UGGGGCCC,1645,,U,1652,,C,"0:1645,0:1646,0:1647,0:1648,0:1649,0:1650,0:1651,0:1652",GAT,exact-facility-location-gat_v9.pkl,1,False,0.00013109279097989202
1s72.cif,1605,0,1605,GGGGCCCA,1646,,G,1653,,A,"0:1646,0:1647,0:1648,0:1649,0:1650,0:1651,0:1652,0:1653",GAT,exact-facility-location-gat_v9.pkl,1,False,0.0005817935452796519
1s72.cif,1606,0,1606,GGGCCCAU,1647,,G,1654,,U,"0:1647,0:1648,0:1649,0:1650,0:1651,0:1652,0:1653,0:1654",GAT,exact-facility-location-gat_v9.pkl,1,False,0.002327399328351021
1s72.cif,1607,0,1607,GGCCCAUG,1648,,G,1655,,G,"0:1648,0:1649,0:1650,0:1651,0:1652,0:1653,0:1654,0:1655",GAT,exact-facility-location-gat_v9.pkl,1,False,0.0016181907849386334
1s72.cif,1608,0,1608,GCCCAUGA,1649,,G,1656,,A,"0:1649,0:1650,0:1651,0:1652,0:1653,0:1654,0:1655,0:1656",GAT,exact-facility-location-gat_v9.pkl,1,False,0.0005927546299062669
1s72.cif,1609,0,1609,CCCAUGAA,1650,,C,1657,,A,"0:1650,0:1651,0:1652,0:1653,0:1654,0:1655,0:1656,0:1657",GAT,exact-facility-location-gat_v9.pkl,1,False,3.0507901101373136e-05
1s72.cif,1610,0,1610,CCAUGAAA,1651,,C,1658,,A,"0:1651,0:1652,0:1653,0:1654,0:1655,0:1656,0:1657,0:1658",GAT,exact-facility-location-gat_v9.pkl,1,False,3.381297938176431e-05
1s72.cif,1611,0,1611,CAUGAAAA,1652,,C,1659,,A,"0:1652,0:1653,0:1654,0:1655,0:1656,0:1657,0:1658,0:1659",GAT,exact-facility-location-gat_v9.pkl,1,False,2.4683045921847224e-05
1s72.cif,1612,0,1612,AUGAAAAG,1653,,A,1660,,G,"0:1653,0:1654,0:1655,0:1656,0:1657,0:1658,0:1659,0:1660",GAT,exact-facility-location-gat_v9.pkl,1,False,0.00013108628627378494
1s72.cif,1613,0,1613,UGAAAAGA,1654,,U,1661,,A,"0:1654,0:1655,0:1656,0:1657,0:1658,0:1659,0:1660,0:1661",GAT,exact-facility-location-gat_v9.pkl,1,False,0.046409156173467636
1s72.cif,1614,0,1614,GAAAAGAC,1655,,G,1662,,C,"0:1655,0:1656,0:1657,0:1658,0:1659,0:1660,0:1661,0:1662",GAT,exact-facility-location-gat_v9.pkl,1,False,0.00421689311042428
1s72.cif,1615,0,1615,AAAAGACG,1656,,A,1663,,G,"0:1656,0:1657,0:1658,0:1659,0:1660,0:1661,0:1662,0:1663",GAT,exact-facility-location-gat_v9.pkl,1,False,0.00032457258203066885
1s72.cif,1616,0,1616,AAAGACGA,1657,,A,1664,,A,"0:1657,0:1658,0:1659,0:1660,0:1661,0:1662,0:1663,0:1664",GAT,exact-facility-location-gat_v9.pkl,1,False,0.00039454668876715004
1s72.cif,1617,0,1617,AAGACGAG,1658,,A,1665,,G,"0:1658,0:1659,0:1660,0:1661,0:1662,0:1663,0:1664,0:1665",GAT,exact-facility-location-gat_v9.pkl,1,False,0.00020631366351153702
1s72.cif,1618,0,1618,AGACGAGC,1659,,A,1666,,C,"0:1659,0:1660,0:1661,0:1662,0:1663,0:1664,0:1665,0:1666",GAT,exact-facility-location-gat_v9.pkl,1,False,0.0003166062233503908
1s72.cif,1619,0,1619,GACGAGCA,1660,,G,1667,,A,"0:1660,0:1661,0:1662,0:1663,0:1664,0:1665,0:1666,0:1667",GAT,exact-facility-location-gat_v9.pkl,1,False,0.006433662958443165
1s72.cif,1620,0,1620,ACGAGCAU,1661,,A,1668,,U,"0:1661,0:1662,0:1663,0:1664,0:1665,0:1666,0:1667,0:1668",GAT,exact-facility-location-gat_v9.pkl,1,False,0.010819853283464909
1s72.cif,1621,0,1621,CGAGCAUA,1662,,C,1669,,A,"0:1662,0:1663,0:1664,0:1665,0:1666,0:1667,0:1668,0:1669",GAT,exact-facility-location-gat_v9.pkl,1,False,0.04967041686177254
1s72.cif,1622,0,1622,GAGCAUAG,1663,,G,1670,,G,"0:1663,0:1664,0:1665,0:1666,0:1667,0:1668,0:1669,0:1670",GAT,exact-facility-location-gat_v9.pkl,1,False,0.03063720464706421
1s72.cif,1623,0,1623,AGCAUAGU,1664,,A,1671,,U,"0:1664,0:1665,0:1666,0:1667,0:1668,0:1669,0:1670,0:1671",GAT,exact-facility-location-gat_v9.pkl,1,False,0.0032160882838070393
1s72.cif,1624,0,1624,GCAUAGUG,1665,,G,1672,,G,"0:1665,0:1666,0:1667,0:1668,0:1669,0:1670,0:1671,0:1672",GAT,exact-facility-location-gat_v9.pkl,1,False,0.0009186504175886512
1s72.cif,1625,0,1625,CAUAGUGU,1666,,C,1673,,U,"0:1666,0:1667,0:1668,0:1669,0:1670,0:1671,0:1672,0:1673",GAT,exact-facility-location-gat_v9.pkl,1,False,0.0006154316943138838
1s72.cif,1626,0,1626,AUAGUGUC,1667,,A,1674,,C,"0:1667,0:1668,0:1669,0:1670,0:1671,0:1672,0:1673,0:1674",GAT,exact-facility-location-gat_v9.pkl,1,False,1.1919735698029399e-05
1s72.cif,1627,0,1627,UAGUGUCC,1668,,U,1675,,C,"0:1668,0:1669,0:1670,0:1671,0:1672,0:1673,0:1674,0:1675",GAT,exact-facility-location-gat_v9.pkl,1,False,2.4318380837939912e-06
1s72.cif,1628,0,1628,AGUGUCCG,1669,,A,1676,,G,"0:1669,0:1670,0:1671,0:1672,0:1673,0:1674,0:1675,0:1676",GAT,exact-facility-location-gat_v9.pkl,1,False,3.893088796758093e-05
1s72.cif,1629,0,1629,GUGUCCGU,1670,,G,1677,,U,"0:1670,0:1671,0:1672,0:1673,0:1674,0:1675,0:1676,0:1677",GAT,exact-facility-location-gat_v9.pkl,1,False,0.0010020006448030472
1s72.cif,1630,0,1630,UGUCCGUA,1671,,U,1678,,A,"0:1671,0:1672,0:1673,0:1674,0:1675,0:1676,0:1677,0:1678",GAT,exact-facility-location-gat_v9.pkl,1,False,0.0019875282887369394
1s72.cif,1631,0,1631,GUCCGUAC,1672,,G,1679,,C,"0:1672,0:1673,0:1674,0:1675,0:1676,0:1677,0:1678,0:1679",GAT,exact-facility-location-gat_v9.pkl,1,False,5.134644379722886e-05
1s72.cif,1632,0,1632,UCCGUACC,1673,,U,1680,,C,"0:1673,0:1674,0:1675,0:1676,0:1677,0:1678,0:1679,0:1680",GAT,exact-facility-location-gat_v9.pkl,1,False,3.076462235185318e-05
1s72.cif,1633,0,1633,CCGUACCG,1674,,C,1681,,G,"0:1674,0:1675,0:1676,0:1677,0:1678,0:1679,0:1680,0:1681",GAT,exact-facility-location-gat_v9.pkl,1,False,0.0001166108122561127
1s72.cif,1634,0,1634,CGUACCGA,1675,,C,1682,,A,"0:1675,0:1676,0:1677,0:1678,0:1679,0:1680,0:1681,0:1682",GAT,exact-facility-location-gat_v9.pkl,1,False,0.0014755002921447158
1s72.cif,1635,0,1635,GUACCGAG,1676,,G,1683,,G,"0:1676,0:1677,0:1678,0:1679,0:1680,0:1681,0:1682,0:1683",GAT,exact-facility-location-gat_v9.pkl,1,False,2.8276705052121542e-05
1s72.cif,1636,0,1636,UACCGAGA,1677,,U,1684,,A,"0:1677,0:1678,0:1679,0:1680,0:1681,0:1682,0:1683,0:1684",GAT,exact-facility-location-gat_v9.pkl,1,False,5.0050039135385305e-05
1s72.cif,1637,0,1637,ACCGAGAA,1678,,A,1685,,A,"0:1678,0:1679,0:1680,0:1681,0:1682,0:1683,0:1684,0:1685",GAT,exact-facility-location-gat_v9.pkl,1,False,0.014651162549853325
1s72.cif,1638,0,1638,CCGAGAAC,1679,,C,1686,,C,"0:1679,0:1680,0:1681,0:1682,0:1683,0:1684,0:1685,0:1686",GAT,exact-facility-location-gat_v9.pkl,1,False,0.003709391923621297
1s72.cif,1639,0,1639,CGAGAACC,1680,,C,1687,,C,"0:1680,0:1681,0:1682,0:1683,0:1684,0:1685,0:1686,0:1687",GAT,exact-facility-location-gat_v9.pkl,1,False,0.006201617885380983
1s72.cif,1640,0,1640,GAGAACCG,1681,,G,1688,,G,"0:1681,0:1682,0:1683,0:1684,0:1685,0:1686,0:1687,0:1688",GAT,exact-facility-location-gat_v9.pkl,1,False,0.0025223020929843187
1s72.cif,1641,0,1641,AGAACCGA,1682,,A,1689,,A,"0:1682,0:1683,0:1684,0:1685,0:1686,0:1687,0:1688,0:1689",GAT,exact-facility-location-gat_v9.pkl,1,False,0.003928678575903177
1s72.cif,1642,0,1642,GAACCGAC,1683,,G,1690,,C,"0:1683,0:1684,0:1685,0:1686,0:1687,0:1688,0:1689,0:1690",GAT,exact-facility-location-gat_v9.pkl,1,False,0.0045396857894957066
1s72.cif,1643,0,1643,AACCGACA,1684,,A,1691,,A,"0:1684,0:1685,0:1686,0:1687,0:1688,0:1689,0:1690,0:1691",GAT,exact-facility-location-gat_v9.pkl,1,False,0.02574063092470169
1s72.cif,1644,0,1644,ACCGACAC,1685,,A,1692,,C,"0:1685,0:1686,0:1687,0:1688,0:1689,0:1690,0:1691,0:1692",GAT,exact-facility-location-gat_v9.pkl,1,False,0.003173213452100754
1s72.cif,1645,0,1645,CCGACACA,1686,,C,1693,,A,"0:1686,0:1687,0:1688,0:1689,0:1690,0:1691,0:1692,0:1693",GAT,exact-facility-location-gat_v9.pkl,1,False,0.000464753684354946
1s72.cif,1646,0,1646,CGACACAG,1687,,C,1694,,G,"0:1687,0:1688,0:1689,0:1690,0:1691,0:1692,0:1693,0:1694",GAT,exact-facility-location-gat_v9.pkl,1,False,0.0031796274706721306
1s72.cif,1647,0,1647,GACACAGG,1688,,G,1695,,G,"0:1688,0:1689,0:1690,0:1691,0:1692,0:1693,0:1694,0:1695",GAT,exact-facility-location-gat_v9.pkl,1,False,0.013464575633406639
1s72.cif,1648,0,1648,ACACAGGU,1689,,A,1696,,U,"0:1689,0:1690,0:1691,0:1692,0:1693,0:1694,0:1695,0:1696",GAT,exact-facility-location-gat_v9.pkl,1,False,0.002172670094296336
1s72.cif,1649,0,1649,CACAGGUG,1690,,C,1697,,G,"0:1690,0:1691,0:1692,0:1693,0:1694,0:1695,0:1696,0:1697",GAT,exact-facility-location-gat_v9.pkl,1,False,0.000826024217531085
1s72.cif,1650,0,1650,ACAGGUGU,1691,,A,1698,,U,"0:1691,0:1692,0:1693,0:1694,0:1695,0:1696,0:1697,0:1698",GAT,exact-facility-location-gat_v9.pkl,1,False,0.0017972642090171576
1s72.cif,1651,0,1651,CAGGUGUC,1692,,C,1699,,C,"0:1692,0:1693,0:1694,0:1695,0:1696,0:1697,0:1698,0:1699",GAT,exact-facility-location-gat_v9.pkl,1,False,0.004906543996185064
1s72.cif,1652,0,1652,AGGUGUCC,1693,,A,1700,,C,"0:1693,0:1694,0:1695,0:1696,0:1697,0:1698,0:1699,0:1700",GAT,exact-facility-location-gat_v9.pkl,1,False,0.011783800087869167
1s72.cif,1653,0,1653,GGUGUCCA,1694,,G,1701,,A,"0:1694,0:1695,0:1696,0:1697,0:1698,0:1699,0:1700,0:1701",GAT,exact-facility-location-gat_v9.pkl,1,False,0.011654345318675041
1s72.cif,1654,0,1654,GUGUCCAU,1695,,G,1702,,U,"0:1695,0:1696,0:1697,0:1698,0:1699,0:1700,0:1701,0:1702",GAT,exact-facility-location-gat_v9.pkl,1,False,0.0016511485446244478
1s72.cif,1655,0,1655,UGUCCAUG,1696,,U,1703,,G,"0:1696,0:1697,0:1698,0:1699,0:1700,0:1701,0:1702,0:1703",GAT,exact-facility-location-gat_v9.pkl,1,False,0.00023451294691767544
1s72.cif,1656,0,1656,GUCCAUGG,1697,,G,1704,,G,"0:1697,0:1698,0:1699,0:1700,0:1701,0:1702,0:1703,0:1704",GAT,exact-facility-location-gat_v9.pkl,1,False,6.078051956137642e-05
1s72.cif,1657,0,1657,UCCAUGGC,1698,,U,1705,,C,"0:1698,0:1699,0:1700,0:1701,0:1702,0:1703,0:1704,0:1705",GAT,exact-facility-location-gat_v9.pkl,1,False,9.79167889454402e-05
1s72.cif,1658,0,1658,CCAUGGCG,1699,,C,1706,,G,"0:1699,0:1700,0:1701,0:1702,0:1703,0:1704,0:1705,0:1706",GAT,exact-facility-location-gat_v9.pkl,1,False,0.0001269632193725556
1s72.cif,1659,0,1659,CAUGGCGG,1700,,C,1707,,G,"0:1700,0:1701,0:1702,0:1703,0:1704,0:1705,0:1706,0:1707",GAT,exact-facility-location-gat_v9.pkl,1,False,0.005648592486977577
1s72.cif,1660,0,1660,AUGGCGGC,1701,,A,1708,,C,"0:1701,0:1702,0:1703,0:1704,0:1705,0:1706,0:1707,0:1708",GAT,exact-facility-location-gat_v9.pkl,1,False,0.008511098101735115
1s72.cif,1661,0,1661,UGGCGGCG,1702,,U,1709,,G,"0:1702,0:1703,0:1704,0:1705,0:1706,0:1707,0:1708,0:1709",GAT,exact-facility-location-gat_v9.pkl,1,False,0.06313513964414597
1s72.cif,1662,0,1662,GGCGGCGA,1703,,G,1710,,A,"0:1703,0:1704,0:1705,0:1706,0:1707,0:1708,0:1709,0:1710",GAT,exact-facility-location-gat_v9.pkl,1,False,0.019225329160690308
1s72.cif,1663,0,1663,GCGGCGAA,1704,,G,1711,,A,"0:1704,0:1705,0:1706,0:1707,0:1708,0:1709,0:1710,0:1711",GAT,exact-facility-location-gat_v9.pkl,1,False,0.0025204867124557495
1s72.cif,1664,0,1664,CGGCGAAA,1705,,C,1712,,A,"0:1705,0:1706,0:1707,0:1708,0:1709,0:1710,0:1711,0:1712",GAT,exact-facility-location-gat_v9.pkl,1,False,0.0008622700115665793
1s72.cif,1665,0,1665,GGCGAAAG,1706,,G,1713,,G,"0:1706,0:1707,0:1708,0:1709,0:1710,0:1711,0:1712,0:1713",GAT,exact-facility-location-gat_v9.pkl,1,False,0.016511157155036926
1s72.cif,1666,0,1666,GCGAAAGC,1707,,G,1714,,C,"0:1707,0:1708,0:1709,0:1710,0:1711,0:1712,0:1713,0:1714",GAT,exact-facility-location-gat_v9.pkl,1,False,0.0048623112961649895
1s72.cif,1667,0,1667,CGAAAGCC,1708,,C,1715,,C,"0:1708,0:1709,0:1710,0:1711,0:1712,0:1713,0:1714,0:1715",GAT,exact-facility-location-gat_v9.pkl,1,False,0.000516022089868784
1s72.cif,1668,0,1668,GAAAGCCA,1709,,G,1716,,A,"0:1709,0:1710,0:1711,0:1712,0:1713,0:1714,0:1715,0:1716",GAT,exact-facility-location-gat_v9.pkl,1,False,0.0061776661314070225
1s72.cif,1669,0,1669,AAAGCCAA,1710,,A,1717,,A,"0:1710,0:1711,0:1712,0:1713,0:1714,0:1715,0:1716,0:1717",GAT,exact-facility-location-gat_v9.pkl,1,False,0.0036754657048732042
1s72.cif,1670,0,1670,AAGCCAAG,1711,,A,1718,,G,"0:1711,0:1712,0:1713,0:1714,0:1715,0:1716,0:1717,0:1718",GAT,exact-facility-location-gat_v9.pkl,1,False,0.0004928464186377823
1s72.cif,1671,0,1671,AGCCAAGG,1712,,A,1719,,G,"0:1712,0:1713,0:1714,0:1715,0:1716,0:1717,0:1718,0:1719",GAT,exact-facility-location-gat_v9.pkl,1,False,0.0004943289095535874
1s72.cif,1672,0,1672,GCCAAGGC,1713,,G,1720,,C,"0:1713,0:1714,0:1715,0:1716,0:1717,0:1718,0:1719,0:1720",GAT,exact-facility-location-gat_v9.pkl,1,False,0.0005962149007245898
1s72.cif,1673,0,1673,CCAAGGCC,1714,,C,1721,,C,"0:1714,0:1715,0:1716,0:1717,0:1718,0:1719,0:1720,0:1721",GAT,exact-facility-location-gat_v9.pkl,1,False,0.0008805336547084153
1s72.cif,1674,0,1674,CAAGGCCU,1715,,C,1722,,U,"0:1715,0:1716,0:1717,0:1718,0:1719,0:1720,0:1721,0:1722",GAT,exact-facility-location-gat_v9.pkl,1,False,0.0009913429385051131
1s72.cif,1675,0,1675,AAGGCCUG,1716,,A,1723,,G,"0:1716,0:1717,0:1718,0:1719,0:1720,0:1721,0:1722,0:1723",GAT,exact-facility-location-gat_v9.pkl,1,False,0.0002485500299371779
1s72.cif,1676,0,1676,AGGCCUGU,1717,,A,1724,,U,"0:1717,0:1718,0:1719,0:1720,0:1721,0:1722,0:1723,0:1724",GAT,exact-facility-location-gat_v9.pkl,1,False,3.7357036489993334e-05
1s72.cif,1677,0,1677,GGCCUGUC,1718,,G,1725,,C,"0:1718,0:1719,0:1720,0:1721,0:1722,0:1723,0:1724,0:1725",GAT,exact-facility-location-gat_v9.pkl,1,False,1.7681060853647068e-05
1s72.cif,1678,0,1678,GCCUGUCG,1719,,G,1726,,G,"0:1719,0:1720,0:1721,0:1722,0:1723,0:1724,0:1725,0:1726",GAT,exact-facility-location-gat_v9.pkl,1,False,6.290053715929389e-05
1s72.cif,1679,0,1679,CCUGUCGG,1720,,C,1727,,G,"0:1720,0:1721,0:1722,0:1723,0:1724,0:1725,0:1726,0:1727",GAT,exact-facility-location-gat_v9.pkl,1,False,0.0007117643253877759
1s72.cif,1680,0,1680,CUGUCGGG,1721,,C,1728,,G,"0:1721,0:1722,0:1723,0:1724,0:1725,0:1726,0:1727,0:1728",GAT,exact-facility-location-gat_v9.pkl,1,False,0.0024361067917197943
1s72.cif,1681,0,1681,UGUCGGGA,1722,,U,1729,,A,"0:1722,0:1723,0:1724,0:1725,0:1726,0:1727,0:1728,0:1729",GAT,exact-facility-location-gat_v9.pkl,1,False,0.0016688037430867553
1s72.cif,1682,0,1682,GUCGGGAG,1723,,G,1730,,G,"0:1723,0:1724,0:1725,0:1726,0:1727,0:1728,0:1729,0:1730",GAT,exact-facility-location-gat_v9.pkl,1,False,0.03166228160262108
1s72.cif,1683,0,1683,UCGGGAGC,1724,,U,1731,,C,"0:1724,0:1725,0:1726,0:1727,0:1728,0:1729,0:1730,0:1731",GAT,exact-facility-location-gat_v9.pkl,1,False,0.11842148751020432
1s72.cif,1684,0,1684,CGGGAGCA,1725,,C,1732,,A,"0:1725,0:1726,0:1727,0:1728,0:1729,0:1730,0:1731,0:1732",GAT,exact-facility-location-gat_v9.pkl,1,False,0.005303795915096998
1s72.cif,1685,0,1685,GGGAGCAA,1726,,G,1733,,A,"0:1726,0:1727,0:1728,0:1729,0:1730,0:1731,0:1732,0:1733",GAT,exact-facility-location-gat_v9.pkl,1,False,0.00036383833503350616
1s72.cif,1686,0,1686,GGAGCAAC,1727,,G,1734,,C,"0:1727,0:1728,0:1729,0:1730,0:1731,0:1732,0:1733,0:1734",GAT,exact-facility-location-gat_v9.pkl,1,False,0.0006139652687124908
1s72.cif,1687,0,1687,GAGCAACC,1728,,G,1735,,C,"0:1728,0:1729,0:1730,0:1731,0:1732,0:1733,0:1734,0:1735",GAT,exact-facility-location-gat_v9.pkl,1,False,0.0021558376029133797
1s72.cif,1688,0,1688,AGCAACCA,1729,,A,1736,,A,"0:1729,0:1730,0:1731,0:1732,0:1733,0:1734,0:1735,0:1736",GAT,exact-facility-location-gat_v9.pkl,1,False,0.000556493119802326
1s72.cif,1689,0,1689,GCAACCAA,1730,,G,1737,,A,"0:1730,0:1731,0:1732,0:1733,0:1734,0:1735,0:1736,0:1737",GAT,exact-facility-location-gat_v9.pkl,1,False,0.02219398505985737
1s72.cif,1690,0,1690,CAACCAAC,1731,,C,1738,,C,"0:1731,0:1732,0:1733,0:1734,0:1735,0:1736,0:1737,0:1738",GAT,exact-facility-location-gat_v9.pkl,1,False,0.0007416217704303563
1s72.cif,1691,0,1691,AACCAACG,1732,,A,1739,,G,"0:1732,0:1733,0:1734,0:1735,0:1736,0:1737,0:1738,0:1739",GAT,exact-facility-location-gat_v9.pkl,1,False,0.0016481737839058042
1s72.cif,1692,0,1692,ACCAACGU,1733,,A,1740,,U,"0:1733,0:1734,0:1735,0:1736,0:1737,0:1738,0:1739,0:1740",GAT,exact-facility-location-gat_v9.pkl,1,False,0.00224240287207067
1s72.cif,1693,0,1693,CCAACGUU,1734,,C,1741,,U,"0:1734,0:1735,0:1736,0:1737,0:1738,0:1739,0:1740,0:1741",GAT,exact-facility-location-gat_v9.pkl,1,False,0.0014299986651167274
1s72.cif,1694,0,1694,CAACGUUA,1735,,C,1742,,A,"0:1735,0:1736,0:1737,0:1738,0:1739,0:1740,0:1741,0:1742",GAT,exact-facility-location-gat_v9.pkl,1,False,0.00024172804842237383
1s72.cif,1695,0,1695,AACGUUAG,1736,,A,1743,,G,"0:1736,0:1737,0:1738,0:1739,0:1740,0:1741,0:1742,0:1743",GAT,exact-facility-location-gat_v9.pkl,1,False,7.214734796434641e-05
1s72.cif,1696,0,1696,ACGUUAGG,1737,,A,1744,,G,"0:1737,0:1738,0:1739,0:1740,0:1741,0:1742,0:1743,0:1744",GAT,exact-facility-location-gat_v9.pkl,1,False,0.002454737899824977
1s72.cif,1697,0,1697,CGUUAGGG,1738,,C,1745,,G,"0:1738,0:1739,0:1740,0:1741,0:1742,0:1743,0:1744,0:1745",GAT,exact-facility-location-gat_v9.pkl,1,False,0.0035343021154403687
1s72.cif,1698,0,1698,GUUAGGGA,1739,,G,1746,,A,"0:1739,0:1740,0:1741,0:1742,0:1743,0:1744,0:1745,0:1746",GAT,exact-facility-location-gat_v9.pkl,1,False,0.12022338062524796
1s72.cif,1699,0,1699,UUAGGGAA,1740,,U,1747,,A,"0:1740,0:1741,0:1742,0:1743,0:1744,0:1745,0:1746,0:1747",GAT,exact-facility-location-gat_v9.pkl,1,False,0.001101550180464983
1s72.cif,1700,0,1700,UAGGGAAU,1741,,U,1748,,U,"0:1741,0:1742,0:1743,0:1744,0:1745,0:1746,0:1747,0:1748",GAT,exact-facility-location-gat_v9.pkl,1,False,0.005667755380272865
1s72.cif,1701,0,1701,AGGGAAUU,1742,,A,1749,,U,"0:1742,0:1743,0:1744,0:1745,0:1746,0:1747,0:1748,0:1749",GAT,exact-facility-location-gat_v9.pkl,1,False,0.002034661127254367
1s72.cif,1702,0,1702,GGGAAUUC,1743,,G,1750,,C,"0:1743,0:1744,0:1745,0:1746,0:1747,0:1748,0:1749,0:1750",GAT,exact-facility-location-gat_v9.pkl,1,False,0.0002486775629222393
1s72.cif,1703,0,1703,GGAAUUCG,1744,,G,1751,,G,"0:1744,0:1745,0:1746,0:1747,0:1748,0:1749,0:1750,0:1751",GAT,exact-facility-location-gat_v9.pkl,1,False,0.0001535298943053931
1s72.cif,1704,0,1704,GAAUUCGG,1745,,G,1752,,G,"0:1745,0:1746,0:1747,0:1748,0:1749,0:1750,0:1751,0:1752",GAT,exact-facility-location-gat_v9.pkl,1,False,0.005945819430053234
1s72.cif,1705,0,1705,AAUUCGGC,1746,,A,1753,,C,"0:1746,0:1747,0:1748,0:1749,0:1750,0:1751,0:1752,0:1753",GAT,exact-facility-location-gat_v9.pkl,1,False,0.0017742975614964962
1s72.cif,1706,0,1706,AUUCGGCA,1747,,A,1754,,A,"0:1747,0:1748,0:1749,0:1750,0:1751,0:1752,0:1753,0:1754",GAT,exact-facility-location-gat_v9.pkl,1,False,0.00038617808604612947
1s72.cif,1707,0,1707,UUCGGCAA,1748,,U,1755,,A,"0:1748,0:1749,0:1750,0:1751,0:1752,0:1753,0:1754,0:1755",GAT,exact-facility-location-gat_v9.pkl,1,False,0.0032636327669024467
1s72.cif,1708,0,1708,UCGGCAAG,1749,,U,1756,,G,"0:1749,0:1750,0:1751,0:1752,0:1753,0:1754,0:1755,0:1756",GAT,exact-facility-location-gat_v9.pkl,1,False,0.0017010674346238375
1s72.cif,1709,0,1709,CGGCAAGU,1750,,C,1757,,U,"0:1750,0:1751,0:1752,0:1753,0:1754,0:1755,0:1756,0:1757",GAT,exact-facility-location-gat_v9.pkl,1,False,0.0002066312008537352
1s72.cif,1710,0,1710,GGCAAGUU,1751,,G,1758,,U,"0:1751,0:1752,0:1753,0:1754,0:1755,0:1756,0:1757,0:1758",GAT,exact-facility-location-gat_v9.pkl,1,False,0.002755096647888422
1s72.cif,1711,0,1711,GCAAGUUA,1752,,G,1759,,A,"0:1752,0:1753,0:1754,0:1755,0:1756,0:1757,0:1758,0:1759",GAT,exact-facility-location-gat_v9.pkl,1,False,0.0005317108007147908
1s72.cif,1712,0,1712,CAAGUUAG,1753,,C,1760,,G,"0:1753,0:1754,0:1755,0:1756,0:1757,0:1758,0:1759,0:1760",GAT,exact-facility-location-gat_v9.pkl,1,False,8.719663310330361e-05
1s72.cif,1713,0,1713,AAGUUAGU,1754,,A,1761,,U,"0:1754,0:1755,0:1756,0:1757,0:1758,0:1759,0:1760,0:1761",GAT,exact-facility-location-gat_v9.pkl,1,False,0.00013067395775578916
1s72.cif,1714,0,1714,AGUUAGUC,1755,,A,1762,,C,"0:1755,0:1756,0:1757,0:1758,0:1759,0:1760,0:1761,0:1762",GAT,exact-facility-location-gat_v9.pkl,1,False,2.8604172257473692e-05
1s72.cif,1715,0,1715,GUUAGUCC,1756,,G,1763,,C,"0:1756,0:1757,0:1758,0:1759,0:1760,0:1761,0:1762,0:1763",GAT,exact-facility-location-gat_v9.pkl,1,False,0.00039798294892534614
1s72.cif,1716,0,1716,UUAGUCCC,1757,,U,1764,,C,"0:1757,0:1758,0:1759,0:1760,0:1761,0:1762,0:1763,0:1764",GAT,exact-facility-location-gat_v9.pkl,1,False,0.0024959323927760124
1s72.cif,1717,0,1717,UAGUCCCG,1758,,U,1765,,G,"0:1758,0:1759,0:1760,0:1761,0:1762,0:1763,0:1764,0:1765",GAT,exact-facility-location-gat_v9.pkl,1,False,0.0026335720904171467
1s72.cif,1718,0,1718,AGUCCCGU,1759,,A,1766,,U,"0:1759,0:1760,0:1761,0:1762,0:1763,0:1764,0:1765,0:1766",GAT,exact-facility-location-gat_v9.pkl,1,False,0.0011913753114640713
1s72.cif,1719,0,1719,GUCCCGUA,1760,,G,1767,,A,"0:1760,0:1761,0:1762,0:1763,0:1764,0:1765,0:1766,0:1767",GAT,exact-facility-location-gat_v9.pkl,1,False,0.0009634325979277492
1s72.cif,1720,0,1720,UCCCGUAC,1761,,U,1768,,C,"0:1761,0:1762,0:1763,0:1764,0:1765,0:1766,0:1767,0:1768",GAT,exact-facility-location-gat_v9.pkl,1,False,7.130250742193311e-05
1s72.cif,1721,0,1721,CCCGUACC,1762,,C,1769,,C,"0:1762,0:1763,0:1764,0:1765,0:1766,0:1767,0:1768,0:1769",GAT,exact-facility-location-gat_v9.pkl,1,False,3.664604082587175e-05
1s72.cif,1722,0,1722,CCGUACCU,1763,,C,1770,,U,"0:1763,0:1764,0:1765,0:1766,0:1767,0:1768,0:1769,0:1770",GAT,exact-facility-location-gat_v9.pkl,1,False,0.0001688352058408782
1s72.cif,1723,0,1723,CGUACCUU,1764,,C,1771,,U,"0:1764,0:1765,0:1766,0:1767,0:1768,0:1769,0:1770,0:1771",GAT,exact-facility-location-gat_v9.pkl,1,False,0.003333923639729619
1s72.cif,1724,0,1724,GUACCUUC,1765,,G,1772,,C,"0:1765,0:1766,0:1767,0:1768,0:1769,0:1770,0:1771,0:1772",GAT,exact-facility-location-gat_v9.pkl,1,False,0.011457903310656548
1s72.cif,1725,0,1725,UACCUUCG,1766,,U,1773,,G,"0:1766,0:1767,0:1768,0:1769,0:1770,0:1771,0:1772,0:1773",GAT,exact-facility-location-gat_v9.pkl,1,False,0.024692831560969353
1s72.cif,1726,0,1726,ACCUUCGG,1767,,A,1774,,G,"0:1767,0:1768,0:1769,0:1770,0:1771,0:1772,0:1773,0:1774",GAT,exact-facility-location-gat_v9.pkl,1,False,0.0029237959533929825
1s72.cif,1727,0,1727,CCUUCGGA,1768,,C,1775,,A,"0:1768,0:1769,0:1770,0:1771,0:1772,0:1773,0:1774,0:1775",GAT,exact-facility-location-gat_v9.pkl,1,False,0.15901969373226166
1s72.cif,1728,0,1728,CUUCGGAA,1769,,C,1776,,A,"0:1769,0:1770,0:1771,0:1772,0:1773,0:1774,0:1775,0:1776",GAT,exact-facility-location-gat_v9.pkl,1,False,0.020335033535957336
1s72.cif,1729,0,1729,UUCGGAAG,1770,,U,1777,,G,"0:1770,0:1771,0:1772,0:1773,0:1774,0:1775,0:1776,0:1777",GAT,exact-facility-location-gat_v9.pkl,1,False,0.00019123447418678552
1s72.cif,1730,0,1730,UCGGAAGA,1771,,U,1778,,A,"0:1771,0:1772,0:1773,0:1774,0:1775,0:1776,0:1777,0:1778",GAT,exact-facility-location-gat_v9.pkl,1,False,3.7396341667772504e-06
1s72.cif,1731,0,1731,CGGAAGAA,1772,,C,1779,,A,"0:1772,0:1773,0:1774,0:1775,0:1776,0:1777,0:1778,0:1779",GAT,exact-facility-location-gat_v9.pkl,1,False,8.487787272315472e-05
1s72.cif,1732,0,1732,GGAAGAAG,1773,,G,1780,,G,"0:1773,0:1774,0:1775,0:1776,0:1777,0:1778,0:1779,0:1780",GAT,exact-facility-location-gat_v9.pkl,1,False,5.8585734223015606e-05
1s72.cif,1733,0,1733,GAAGAAGG,1774,,G,1781,,G,"0:1774,0:1775,0:1776,0:1777,0:1778,0:1779,0:1780,0:1781",GAT,exact-facility-location-gat_v9.pkl,1,False,0.00010064872185466811
1s72.cif,1734,0,1734,AAGAAGGG,1775,,A,1782,,G,"0:1775,0:1776,0:1777,0:1778,0:1779,0:1780,0:1781,0:1782",GAT,exact-facility-location-gat_v9.pkl,1,False,0.0012018666602671146
1s72.cif,1735,0,1735,AGAAGGGA,1776,,A,1783,,A,"0:1776,0:1777,0:1778,0:1779,0:1780,0:1781,0:1782,0:1783",GAT,exact-facility-location-gat_v9.pkl,1,False,0.008542485535144806
1s72.cif,1736,0,1736,GAAGGGAU,1777,,G,1784,,U,"0:1777,0:1778,0:1779,0:1780,0:1781,0:1782,0:1783,0:1784",GAT,exact-facility-location-gat_v9.pkl,1,False,0.003012196160852909
1s72.cif,1737,0,1737,AAGGGAUG,1778,,A,1785,,G,"0:1778,0:1779,0:1780,0:1781,0:1782,0:1783,0:1784,0:1785",GAT,exact-facility-location-gat_v9.pkl,1,False,0.00013105802645441145
1s72.cif,1738,0,1738,AGGGAUGC,1779,,A,1786,,C,"0:1779,0:1780,0:1781,0:1782,0:1783,0:1784,0:1785,0:1786",GAT,exact-facility-location-gat_v9.pkl,1,False,6.129512621555477e-05
1s72.cif,1739,0,1739,GGGAUGCC,1780,,G,1787,,C,"0:1780,0:1781,0:1782,0:1783,0:1784,0:1785,0:1786,0:1787",GAT,exact-facility-location-gat_v9.pkl,1,False,3.2993906643241644e-05
1s72.cif,1740,0,1740,GGAUGCCU,1781,,G,1788,,U,"0:1781,0:1782,0:1783,0:1784,0:1785,0:1786,0:1787,0:1788",GAT,exact-facility-location-gat_v9.pkl,1,False,0.000144944031490013
1s72.cif,1741,0,1741,GAUGCCUG,1782,,G,1789,,G,"0:1782,0:1783,0:1784,0:1785,0:1786,0:1787,0:1788,0:1789",GAT,exact-facility-location-gat_v9.pkl,1,False,0.0011864901753142476
1s72.cif,1742,0,1742,AUGCCUGC,1783,,A,1790,,C,"0:1783,0:1784,0:1785,0:1786,0:1787,0:1788,0:1789,0:1790",GAT,exact-facility-location-gat_v9.pkl,1,False,0.0017894880147650838
1s72.cif,1743,0,1743,UGCCUGCU,1784,,U,1791,,U,"0:1784,0:1785,0:1786,0:1787,0:1788,0:1789,0:1790,0:1791",GAT,exact-facility-location-gat_v9.pkl,1,False,0.006693942006677389
1s72.cif,1744,0,1744,GCCUGCUC,1785,,G,1792,,C,"0:1785,0:1786,0:1787,0:1788,0:1789,0:1790,0:1791,0:1792",GAT,exact-facility-location-gat_v9.pkl,1,False,0.003102507907897234
1s72.cif,1745,0,1745,CCUGCUCC,1786,,C,1793,,C,"0:1786,0:1787,0:1788,0:1789,0:1790,0:1791,0:1792,0:1793",GAT,exact-facility-location-gat_v9.pkl,1,False,0.0010328226489946246
1s72.cif,1746,0,1746,CUGCUCCG,1787,,C,1794,,G,"0:1787,0:1788,0:1789,0:1790,0:1791,0:1792,0:1793,0:1794",GAT,exact-facility-location-gat_v9.pkl,1,False,0.0005781752406619489
1s72.cif,1747,0,1747,UGCUCCGG,1788,,U,1795,,G,"0:1788,0:1789,0:1790,0:1791,0:1792,0:1793,0:1794,0:1795",GAT,exact-facility-location-gat_v9.pkl,1,False,0.0005150886136107147
1s72.cif,1748,0,1748,GCUCCGGA,1789,,G,1796,,A,"0:1789,0:1790,0:1791,0:1792,0:1793,0:1794,0:1795,0:1796",GAT,exact-facility-location-gat_v9.pkl,1,False,0.020330626517534256
1s72.cif,1749,0,1749,CUCCGGAA,1790,,C,1797,,A,"0:1790,0:1791,0:1792,0:1793,0:1794,0:1795,0:1796,0:1797",GAT,exact-facility-location-gat_v9.pkl,1,False,0.006490587256848812
1s72.cif,1750,0,1750,UCCGGAAC,1791,,U,1798,,C,"0:1791,0:1792,0:1793,0:1794,0:1795,0:1796,0:1797,0:1798",GAT,exact-facility-location-gat_v9.pkl,1,False,0.004568722099065781
1s72.cif,1751,0,1751,CCGGAACG,1792,,C,1799,,G,"0:1792,0:1793,0:1794,0:1795,0:1796,0:1797,0:1798,0:1799",GAT,exact-facility-location-gat_v9.pkl,1,False,0.016506904736161232
1s72.cif,1752,0,1752,CGGAACGG,1793,,C,1800,,G,"0:1793,0:1794,0:1795,0:1796,0:1797,0:1798,0:1799,0:1800",GAT,exact-facility-location-gat_v9.pkl,1,False,0.010150686837732792
1s72.cif,1753,0,1753,GGAACGGA,1794,,G,1801,,A,"0:1794,0:1795,0:1796,0:1797,0:1798,0:1799,0:1800,0:1801",GAT,exact-facility-location-gat_v9.pkl,1,False,0.0008523225551471114
1s72.cif,1754,0,1754,GAACGGAG,1795,,G,1802,,G,"0:1795,0:1796,0:1797,0:1798,0:1799,0:1800,0:1801,0:1802",GAT,exact-facility-location-gat_v9.pkl,1,False,0.0006679380312561989
1s72.cif,1755,0,1755,AACGGAGC,1796,,A,1803,,C,"0:1796,0:1797,0:1798,0:1799,0:1800,0:1801,0:1802,0:1803",GAT,exact-facility-location-gat_v9.pkl,1,False,0.0015430724015459418
1s72.cif,1756,0,1756,ACGGAGCA,1797,,A,1804,,A,"0:1797,0:1798,0:1799,0:1800,0:1801,0:1802,0:1803,0:1804",GAT,exact-facility-location-gat_v9.pkl,1,False,0.011360722593963146
1s72.cif,1757,0,1757,CGGAGCAG,1798,,C,1805,,G,"0:1798,0:1799,0:1800,0:1801,0:1802,0:1803,0:1804,0:1805",GAT,exact-facility-location-gat_v9.pkl,1,False,0.0040786974132061005
1s72.cif,1758,0,1758,GGAGCAGG,1799,,G,1806,,G,"0:1799,0:1800,0:1801,0:1802,0:1803,0:1804,0:1805,0:1806",GAT,exact-facility-location-gat_v9.pkl,1,False,0.0008908804738894105
1s72.cif,1759,0,1759,GAGCAGGU,1800,,G,1807,,U,"0:1800,0:1801,0:1802,0:1803,0:1804,0:1805,0:1806,0:1807",GAT,exact-facility-location-gat_v9.pkl,1,False,0.0009373730863444507
1s72.cif,1760,0,1760,AGCAGGUC,1801,,A,1808,,C,"0:1801,0:1802,0:1803,0:1804,0:1805,0:1806,0:1807,0:1808",GAT,exact-facility-location-gat_v9.pkl,1,False,0.003678085980936885
1s72.cif,1761,0,1761,GCAGGUCG,1802,,G,1809,,G,"0:1802,0:1803,0:1804,0:1805,0:1806,0:1807,0:1808,0:1809",GAT,exact-facility-location-gat_v9.pkl,1,False,0.0020527902524918318
1s72.cif,1762,0,1762,CAGGUCGC,1803,,C,1810,,C,"0:1803,0:1804,0:1805,0:1806,0:1807,0:1808,0:1809,0:1810",GAT,exact-facility-location-gat_v9.pkl,1,False,0.0005158885614946485
1s72.cif,1763,0,1763,AGGUCGCA,1804,,A,1811,,A,"0:1804,0:1805,0:1806,0:1807,0:1808,0:1809,0:1810,0:1811",GAT,exact-facility-location-gat_v9.pkl,1,False,0.01868630014359951
1s72.cif,1764,0,1764,GGUCGCAG,1805,,G,1812,,G,"0:1805,0:1806,0:1807,0:1808,0:1809,0:1810,0:1811,0:1812",GAT,exact-facility-location-gat_v9.pkl,1,False,0.007353132590651512
1s72.cif,1765,0,1765,GUCGCAGU,1806,,G,1813,,U,"0:1806,0:1807,0:1808,0:1809,0:1810,0:1811,0:1812,0:1813",GAT,exact-facility-location-gat_v9.pkl,1,False,0.0028875479474663734
1s72.cif,1766,0,1766,UCGCAGUG,1807,,U,1814,,G,"0:1807,0:1808,0:1809,0:1810,0:1811,0:1812,0:1813,0:1814",GAT,exact-facility-location-gat_v9.pkl,1,False,0.0001120965534937568
1s72.cif,1767,0,1767,CGCAGUGA,1808,,C,1815,,A,"0:1808,0:1809,0:1810,0:1811,0:1812,0:1813,0:1814,0:1815",GAT,exact-facility-location-gat_v9.pkl,1,False,0.00018216970784123987
1s72.cif,1768,0,1768,GCAGUGAC,1809,,G,1816,,C,"0:1809,0:1810,0:1811,0:1812,0:1813,0:1814,0:1815,0:1816",GAT,exact-facility-location-gat_v9.pkl,1,False,9.194346057483926e-05
1s72.cif,1769,0,1769,CAGUGACU,1810,,C,1817,,U,"0:1810,0:1811,0:1812,0:1813,0:1814,0:1815,0:1816,0:1817",GAT,exact-facility-location-gat_v9.pkl,1,False,8.367816917598248e-05
1s72.cif,1770,0,1770,AGUGACUC,1811,,A,1818,,C,"0:1811,0:1812,0:1813,0:1814,0:1815,0:1816,0:1817,0:1818",GAT,exact-facility-location-gat_v9.pkl,1,False,0.009958415292203426
1s72.cif,1771,0,1771,GUGACUCG,1812,,G,1819,,G,"0:1812,0:1813,0:1814,0:1815,0:1816,0:1817,0:1818,0:1819",GAT,exact-facility-location-gat_v9.pkl,1,False,0.0018223851220682263
1s72.cif,1772,0,1772,UGACUCGG,1813,,U,1820,,G,"0:1813,0:1814,0:1815,0:1816,0:1817,0:1818,0:1819,0:1820",GAT,exact-facility-location-gat_v9.pkl,1,False,0.004573773127049208
1s72.cif,1773,0,1773,GACUCGGA,1814,,G,1821,,A,"0:1814,0:1815,0:1816,0:1817,0:1818,0:1819,0:1820,0:1821",GAT,exact-facility-location-gat_v9.pkl,1,False,0.0023929260205477476
1s72.cif,1774,0,1774,ACUCGGAA,1815,,A,1822,,A,"0:1815,0:1816,0:1817,0:1818,0:1819,0:1820,0:1821,0:1822",GAT,exact-facility-location-gat_v9.pkl,1,False,2.1377913071773946e-05
1s72.cif,1775,0,1775,CUCGGAAG,1816,,C,1823,,G,"0:1816,0:1817,0:1818,0:1819,0:1820,0:1821,0:1822,0:1823",GAT,exact-facility-location-gat_v9.pkl,1,False,4.615775651473086e-06
1s72.cif,1776,0,1776,UCGGAAGC,1817,,U,1824,,C,"0:1817,0:1818,0:1819,0:1820,0:1821,0:1822,0:1823,0:1824",GAT,exact-facility-location-gat_v9.pkl,1,False,3.6407014704309404e-05
1s72.cif,1777,0,1777,CGGAAGCU,1818,,C,1825,,U,"0:1818,0:1819,0:1820,0:1821,0:1822,0:1823,0:1824,0:1825",GAT,exact-facility-location-gat_v9.pkl,1,False,0.0011312308488413692
1s72.cif,1778,0,1778,GGAAGCUC,1819,,G,1826,,C,"0:1819,0:1820,0:1821,0:1822,0:1823,0:1824,0:1825,0:1826",GAT,exact-facility-location-gat_v9.pkl,1,False,0.05116656422615051
1s72.cif,1779,0,1779,GAAGCUCG,1820,,G,1827,,G,"0:1820,0:1821,0:1822,0:1823,0:1824,0:1825,0:1826,0:1827",GAT,exact-facility-location-gat_v9.pkl,1,False,0.0007566632120870054
1s72.cif,1780,0,1780,AAGCUCGG,1821,,A,1828,,G,"0:1821,0:1822,0:1823,0:1824,0:1825,0:1826,0:1827,0:1828",GAT,exact-facility-location-gat_v9.pkl,1,False,0.0006887895287945867
1s72.cif,1781,0,1781,AGCUCGGA,1822,,A,1829,,A,"0:1822,0:1823,0:1824,0:1825,0:1826,0:1827,0:1828,0:1829",GAT,exact-facility-location-gat_v9.pkl,1,False,0.0006158520700410008
1s72.cif,1782,0,1782,GCUCGGAC,1823,,G,1830,,C,"0:1823,0:1824,0:1825,0:1826,0:1827,0:1828,0:1829,0:1830",GAT,exact-facility-location-gat_v9.pkl,1,False,0.01011635921895504
1s72.cif,1783,0,1783,CUCGGACU,1824,,C,1831,,U,"0:1824,0:1825,0:1826,0:1827,0:1828,0:1829,0:1830,0:1831",GAT,exact-facility-location-gat_v9.pkl,1,False,0.002421352779492736
1s72.cif,1784,0,1784,UCGGACUG,1825,,U,1832,,G,"0:1825,0:1826,0:1827,0:1828,0:1829,0:1830,0:1831,0:1832",GAT,exact-facility-location-gat_v9.pkl,1,False,0.00010188318992732093
1s72.cif,1785,0,1785,CGGACUGU,1826,,C,1833,,U,"0:1826,0:1827,0:1828,0:1829,0:1830,0:1831,0:1832,0:1833",GAT,exact-facility-location-gat_v9.pkl,1,False,0.0011200198205187917
1s72.cif,1786,0,1786,GGACUGUC,1827,,G,1834,,C,"0:1827,0:1828,0:1829,0:1830,0:1831,0:1832,0:1833,0:1834",GAT,exact-facility-location-gat_v9.pkl,1,False,0.03968299180269241
1s72.cif,1787,0,1787,GACUGUCU,1828,,G,1835,,U,"0:1828,0:1829,0:1830,0:1831,0:1832,0:1833,0:1834,0:1835",GAT,exact-facility-location-gat_v9.pkl,1,False,0.0015987867955118418
1s72.cif,1788,0,1788,ACUGUCUA,1829,,A,1836,,A,"0:1829,0:1830,0:1831,0:1832,0:1833,0:1834,0:1835,0:1836",GAT,exact-facility-location-gat_v9.pkl,1,False,0.00022172504395712167
1s72.cif,1789,0,1789,CUGUCUAG,1830,,C,1837,,G,"0:1830,0:1831,0:1832,0:1833,0:1834,0:1835,0:1836,0:1837",GAT,exact-facility-location-gat_v9.pkl,1,False,0.00013047148240730166
1s72.cif,1790,0,1790,UGUCUAGU,1831,,U,1838,,U,"0:1831,0:1832,0:1833,0:1834,0:1835,0:1836,0:1837,0:1838",GAT,exact-facility-location-gat_v9.pkl,1,False,0.0013148309662938118
1s72.cif,1791,0,1791,GUCUAGUA,1832,,G,1839,,A,"0:1832,0:1833,0:1834,0:1835,0:1836,0:1837,0:1838,0:1839",GAT,exact-facility-location-gat_v9.pkl,1,False,0.0015329227317124605
1s72.cif,1792,0,1792,UCUAGUAA,1833,,U,1840,,A,"0:1833,0:1834,0:1835,0:1836,0:1837,0:1838,0:1839,0:1840",GAT,exact-facility-location-gat_v9.pkl,1,False,0.04247848689556122
1s72.cif,1793,0,1793,CUAGUAAC,1834,,C,1841,,C,"0:1834,0:1835,0:1836,0:1837,0:1838,0:1839,0:1840,0:1841",GAT,exact-facility-location-gat_v9.pkl,1,False,0.028907636180520058
1s72.cif,1794,0,1794,UAGUAACA,1835,,U,1842,,A,"0:1835,0:1836,0:1837,0:1838,0:1839,0:1840,0:1841,0:1842",GAT,exact-facility-location-gat_v9.pkl,1,False,0.0006635565659962595
1s72.cif,1795,0,1795,AGUAACAA,1836,,A,1843,,A,"0:1836,0:1837,0:1838,0:1839,0:1840,0:1841,0:1842,0:1843",GAT,exact-facility-location-gat_v9.pkl,1,False,0.0005890353349968791
1s72.cif,1796,0,1796,GUAACAAC,1837,,G,1844,,C,"0:1837,0:1838,0:1839,0:1840,0:1841,0:1842,0:1843,0:1844",GAT,exact-facility-location-gat_v9.pkl,1,False,0.0009596727904863656
1s72.cif,1797,0,1797,UAACAACA,1838,,U,1845,,A,"0:1838,0:1839,0:1840,0:1841,0:1842,0:1843,0:1844,0:1845",GAT,exact-facility-location-gat_v9.pkl,1,False,0.00026068207807838917
1s72.cif,1798,0,1798,AACAACAU,1839,,A,1846,,U,"0:1839,0:1840,0:1841,0:1842,0:1843,0:1844,0:1845,0:1846",GAT,exact-facility-location-gat_v9.pkl,1,False,0.0008859943482093513
1s72.cif,1799,0,1799,ACAACAUA,1840,,A,1847,,A,"0:1840,0:1841,0:1842,0:1843,0:1844,0:1845,0:1846,0:1847",GAT,exact-facility-location-gat_v9.pkl,1,False,0.0005189166986383498
1s72.cif,1800,0,1800,CAACAUAG,1841,,C,1848,,G,"0:1841,0:1842,0:1843,0:1844,0:1845,0:1846,0:1847,0:1848",GAT,exact-facility-location-gat_v9.pkl,1,False,0.001357867382466793
1s72.cif,1801,0,1801,AACAUAGG,1842,,A,1849,,G,"0:1842,0:1843,0:1844,0:1845,0:1846,0:1847,0:1848,0:1849",GAT,exact-facility-location-gat_v9.pkl,1,False,0.0005505610024556518
1s72.cif,1802,0,1802,ACAUAGGU,1843,,A,1850,,U,"0:1843,0:1844,0:1845,0:1846,0:1847,0:1848,0:1849,0:1850",GAT,exact-facility-location-gat_v9.pkl,1,False,0.0007605836726725101
1s72.cif,1803,0,1803,CAUAGGUG,1844,,C,1851,,G,"0:1844,0:1845,0:1846,0:1847,0:1848,0:1849,0:1850,0:1851",GAT,exact-facility-location-gat_v9.pkl,1,False,0.0014805743703618646
1s72.cif,1804,0,1804,AUAGGUGA,1845,,A,1852,,A,"0:1845,0:1846,0:1847,0:1848,0:1849,0:1850,0:1851,0:1852",GAT,exact-facility-location-gat_v9.pkl,1,False,0.0011795940808951855
1s72.cif,1805,0,1805,UAGGUGAC,1846,,U,1853,,C,"0:1846,0:1847,0:1848,0:1849,0:1850,0:1851,0:1852,0:1853",GAT,exact-facility-location-gat_v9.pkl,1,False,0.0006709337467327714
1s72.cif,1806,0,1806,AGGUGACC,1847,,A,1854,,C,"0:1847,0:1848,0:1849,0:1850,0:1851,0:1852,0:1853,0:1854",GAT,exact-facility-location-gat_v9.pkl,1,False,0.0006557625601999462
1s72.cif,1807,0,1807,GGUGACCG,1848,,G,1855,,G,"0:1848,0:1849,0:1850,0:1851,0:1852,0:1853,0:1854,0:1855",GAT,exact-facility-location-gat_v9.pkl,1,False,0.0003913334512617439
1s72.cif,1808,0,1808,GUGACCGC,1849,,G,1856,,C,"0:1849,0:1850,0:1851,0:1852,0:1853,0:1854,0:1855,0:1856",GAT,exact-facility-location-gat_v9.pkl,1,False,0.009102823212742805
1s72.cif,1809,0,1809,UGACCGCA,1850,,U,1857,,A,"0:1850,0:1851,0:1852,0:1853,0:1854,0:1855,0:1856,0:1857",GAT,exact-facility-location-gat_v9.pkl,1,False,0.00021492072846740484
1s72.cif,1810,0,1810,GACCGCAA,1851,,G,1858,,A,"0:1851,0:1852,0:1853,0:1854,0:1855,0:1856,0:1857,0:1858",GAT,exact-facility-location-gat_v9.pkl,1,False,0.00010465917875990272
1s72.cif,1811,0,1811,ACCGCAAA,1852,,A,1859,,A,"0:1852,0:1853,0:1854,0:1855,0:1856,0:1857,0:1858,0:1859",GAT,exact-facility-location-gat_v9.pkl,1,False,0.06904654949903488
1s72.cif,1812,0,1812,CCGCAAAU,1853,,C,1860,,U,"0:1853,0:1854,0:1855,0:1856,0:1857,0:1858,0:1859,0:1860",GAT,exact-facility-location-gat_v9.pkl,1,False,0.017854899168014526
1s72.cif,1813,0,1813,CGCAAAUC,1854,,C,1861,,C,"0:1854,0:1855,0:1856,0:1857,0:1858,0:1859,0:1860,0:1861",GAT,exact-facility-location-gat_v9.pkl,1,False,0.000833289057482034
1s72.cif,1814,0,1814,GCAAAUCC,1855,,G,1862,,C,"0:1855,0:1856,0:1857,0:1858,0:1859,0:1860,0:1861,0:1862",GAT,exact-facility-location-gat_v9.pkl,1,False,0.0013133129104971886
1s72.cif,1815,0,1815,CAAAUCCG,1856,,C,1863,,G,"0:1856,0:1857,0:1858,0:1859,0:1860,0:1861,0:1862,0:1863",GAT,exact-facility-location-gat_v9.pkl,1,False,0.004684876650571823
1s72.cif,1816,0,1816,AAAUCCGC,1857,,A,1864,,C,"0:1857,0:1858,0:1859,0:1860,0:1861,0:1862,0:1863,0:1864",GAT,exact-facility-location-gat_v9.pkl,1,False,0.0011056982912123203
1s72.cif,1817,0,1817,AAUCCGCA,1858,,A,1865,,A,"0:1858,0:1859,0:1860,0:1861,0:1862,0:1863,0:1864,0:1865",GAT,exact-facility-location-gat_v9.pkl,1,False,0.006291260942816734
1s72.cif,1818,0,1818,AUCCGCAA,1859,,A,1866,,A,"0:1859,0:1860,0:1861,0:1862,0:1863,0:1864,0:1865,0:1866",GAT,exact-facility-location-gat_v9.pkl,1,False,0.005267254542559385
1s72.cif,1819,0,1819,UCCGCAAG,1860,,U,1867,,G,"0:1860,0:1861,0:1862,0:1863,0:1864,0:1865,0:1866,0:1867",GAT,exact-facility-location-gat_v9.pkl,1,False,0.016218392178416252
1s72.cif,1820,0,1820,CCGCAAGG,1861,,C,1868,,G,"0:1861,0:1862,0:1863,0:1864,0:1865,0:1866,0:1867,0:1868",GAT,exact-facility-location-gat_v9.pkl,1,True,0.9651957750320435
1s72.cif,1821,0,1821,CGCAAGGA,1862,,C,1869,,A,"0:1862,0:1863,0:1864,0:1865,0:1866,0:1867,0:1868,0:1869",GAT,exact-facility-location-gat_v9.pkl,1,False,0.08609190583229065
1s72.cif,1822,0,1822,GCAAGGAC,1863,,G,1870,,C,"0:1863,0:1864,0:1865,0:1866,0:1867,0:1868,0:1869,0:1870",GAT,exact-facility-location-gat_v9.pkl,1,False,0.005441996734589338
1s72.cif,1823,0,1823,CAAGGACU,1864,,C,1871,,U,"0:1864,0:1865,0:1866,0:1867,0:1868,0:1869,0:1870,0:1871",GAT,exact-facility-location-gat_v9.pkl,1,False,8.779209747444838e-05
1s72.cif,1824,0,1824,AAGGACUC,1865,,A,1872,,C,"0:1865,0:1866,0:1867,0:1868,0:1869,0:1870,0:1871,0:1872",GAT,exact-facility-location-gat_v9.pkl,1,False,4.672797513194382e-05
1s72.cif,1825,0,1825,AGGACUCG,1866,,A,1873,,G,"0:1866,0:1867,0:1868,0:1869,0:1870,0:1871,0:1872,0:1873",GAT,exact-facility-location-gat_v9.pkl,1,False,0.0004898793413303792
1s72.cif,1826,0,1826,GGACUCGU,1867,,G,1874,,U,"0:1867,0:1868,0:1869,0:1870,0:1871,0:1872,0:1873,0:1874",GAT,exact-facility-location-gat_v9.pkl,1,False,0.00026132084894925356
1s72.cif,1827,0,1827,GACUCGUA,1868,,G,1875,,A,"0:1868,0:1869,0:1870,0:1871,0:1872,0:1873,0:1874,0:1875",GAT,exact-facility-location-gat_v9.pkl,1,False,0.00011503797577461228
1s72.cif,1828,0,1828,ACUCGUAC,1869,,A,1876,,C,"0:1869,0:1870,0:1871,0:1872,0:1873,0:1874,0:1875,0:1876",GAT,exact-facility-location-gat_v9.pkl,1,False,0.00011986847675871104
1s72.cif,1829,0,1829,CUCGUACG,1870,,C,1877,,G,"0:1870,0:1871,0:1872,0:1873,0:1874,0:1875,0:1876,0:1877",GAT,exact-facility-location-gat_v9.pkl,1,False,0.004327945876866579
1s72.cif,1830,0,1830,UCGUACGG,1871,,U,1878,,G,"0:1871,0:1872,0:1873,0:1874,0:1875,0:1876,0:1877,0:1878",GAT,exact-facility-location-gat_v9.pkl,1,False,0.0031315309461206198
1s72.cif,1831,0,1831,CGUACGGU,1872,,C,1879,,U,"0:1872,0:1873,0:1874,0:1875,0:1876,0:1877,0:1878,0:1879",GAT,exact-facility-location-gat_v9.pkl,1,False,0.0008627293864265084
1s72.cif,1832,0,1832,GUACGGUC,1873,,G,1880,,C,"0:1873,0:1874,0:1875,0:1876,0:1877,0:1878,0:1879,0:1880",GAT,exact-facility-location-gat_v9.pkl,1,False,0.0002923132851719856
1s72.cif,1833,0,1833,UACGGUCA,1874,,U,1881,,A,"0:1874,0:1875,0:1876,0:1877,0:1878,0:1879,0:1880,0:1881",GAT,exact-facility-location-gat_v9.pkl,1,False,0.001600680872797966
1s72.cif,1834,0,1834,ACGGUCAC,1875,,A,1882,,C,"0:1875,0:1876,0:1877,0:1878,0:1879,0:1880,0:1881,0:1882",GAT,exact-facility-location-gat_v9.pkl,1,False,0.005050321109592915
1s72.cif,1835,0,1835,CGGUCACU,1876,,C,1883,,U,"0:1876,0:1877,0:1878,0:1879,0:1880,0:1881,0:1882,0:1883",GAT,exact-facility-location-gat_v9.pkl,1,False,0.003228122601285577
1s72.cif,1836,0,1836,GGUCACUG,1877,,G,1884,,G,"0:1877,0:1878,0:1879,0:1880,0:1881,0:1882,0:1883,0:1884",GAT,exact-facility-location-gat_v9.pkl,1,False,0.0010631218319758773
1s72.cif,1837,0,1837,GUCACUGA,1878,,G,1885,,A,"0:1878,0:1879,0:1880,0:1881,0:1882,0:1883,0:1884,0:1885",GAT,exact-facility-location-gat_v9.pkl,1,False,0.007163019850850105
1s72.cif,1838,0,1838,UCACUGAA,1879,,U,1886,,A,"0:1879,0:1880,0:1881,0:1882,0:1883,0:1884,0:1885,0:1886",GAT,exact-facility-location-gat_v9.pkl,1,False,0.005735019221901894
1s72.cif,1839,0,1839,CACUGAAU,1880,,C,1887,,U,"0:1880,0:1881,0:1882,0:1883,0:1884,0:1885,0:1886,0:1887",GAT,exact-facility-location-gat_v9.pkl,1,False,0.0002595444966573268
1s72.cif,1840,0,1840,ACUGAAUC,1881,,A,1888,,C,"0:1881,0:1882,0:1883,0:1884,0:1885,0:1886,0:1887,0:1888",GAT,exact-facility-location-gat_v9.pkl,1,False,0.000927419401705265
1s72.cif,1841,0,1841,CUGAAUCC,1882,,C,1889,,C,"0:1882,0:1883,0:1884,0:1885,0:1886,0:1887,0:1888,0:1889",GAT,exact-facility-location-gat_v9.pkl,1,False,0.07094353437423706
1s72.cif,1842,0,1842,UGAAUCCU,1883,,U,1890,,U,"0:1883,0:1884,0:1885,0:1886,0:1887,0:1888,0:1889,0:1890",GAT,exact-facility-location-gat_v9.pkl,1,False,0.03474860265851021
1s72.cif,1843,0,1843,GAAUCCUG,1884,,G,1891,,G,"0:1884,0:1885,0:1886,0:1887,0:1888,0:1889,0:1890,0:1891",GAT,exact-facility-location-gat_v9.pkl,1,False,0.0019428575178608298
1s72.cif,1844,0,1844,AAUCCUGC,1885,,A,1892,,C,"0:1885,0:1886,0:1887,0:1888,0:1889,0:1890,0:1891,0:1892",GAT,exact-facility-location-gat_v9.pkl,1,False,2.1093563191243447e-05
1s72.cif,1845,0,1845,AUCCUGCC,1886,,A,1893,,C,"0:1886,0:1887,0:1888,0:1889,0:1890,0:1891,0:1892,0:1893",GAT,exact-facility-location-gat_v9.pkl,1,False,5.20873254572507e-06
1s72.cif,1846,0,1846,UCCUGCCC,1887,,U,1894,,C,"0:1887,0:1888,0:1889,0:1890,0:1891,0:1892,0:1893,0:1894",GAT,exact-facility-location-gat_v9.pkl,1,False,2.125510945916176e-05
1s72.cif,1847,0,1847,CCUGCCCA,1888,,C,1895,,A,"0:1888,0:1889,0:1890,0:1891,0:1892,0:1893,0:1894,0:1895",GAT,exact-facility-location-gat_v9.pkl,1,False,2.4660244889673777e-05
1s72.cif,1848,0,1848,CUGCCCAG,1889,,C,1896,,G,"0:1889,0:1890,0:1891,0:1892,0:1893,0:1894,0:1895,0:1896",GAT,exact-facility-location-gat_v9.pkl,1,False,0.00046305693103931844
1s72.cif,1849,0,1849,UGCCCAGU,1890,,U,1897,,U,"0:1890,0:1891,0:1892,0:1893,0:1894,0:1895,0:1896,0:1897",GAT,exact-facility-location-gat_v9.pkl,1,False,0.0012462242739275098
1s72.cif,1850,0,1850,GCCCAGUG,1891,,G,1898,,G,"0:1891,0:1892,0:1893,0:1894,0:1895,0:1896,0:1897,0:1898",GAT,exact-facility-location-gat_v9.pkl,1,False,0.0008721331832930446
1s72.cif,1851,0,1851,CCCAGUGC,1892,,C,1899,,C,"0:1892,0:1893,0:1894,0:1895,0:1896,0:1897,0:1898,0:1899",GAT,exact-facility-location-gat_v9.pkl,1,False,0.0006308730226010084
1s72.cif,1852,0,1852,CCAGUGCA,1893,,C,1900,,A,"0:1893,0:1894,0:1895,0:1896,0:1897,0:1898,0:1899,0:1900",GAT,exact-facility-location-gat_v9.pkl,1,False,0.0013404389610514045
1s72.cif,1853,0,1853,CAGUGCAG,1894,,C,1901,,G,"0:1894,0:1895,0:1896,0:1897,0:1898,0:1899,0:1900,0:1901",GAT,exact-facility-location-gat_v9.pkl,1,False,0.0019969141576439142
1s72.cif,1854,0,1854,AGUGCAGG,1895,,A,1902,,G,"0:1895,0:1896,0:1897,0:1898,0:1899,0:1900,0:1901,0:1902",GAT,exact-facility-location-gat_v9.pkl,1,False,0.0008844343828968704
1s72.cif,1855,0,1855,GUGCAGGU,1896,,G,1903,,U,"0:1896,0:1897,0:1898,0:1899,0:1900,0:1901,0:1902,0:1903",GAT,exact-facility-location-gat_v9.pkl,1,False,0.0008011425961740315
1s72.cif,1856,0,1856,UGCAGGUA,1897,,U,1904,,A,"0:1897,0:1898,0:1899,0:1900,0:1901,0:1902,0:1903,0:1904",GAT,exact-facility-location-gat_v9.pkl,1,False,0.0005676464643329382
1s72.cif,1857,0,1857,GCAGGUAU,1898,,G,1905,,U,"0:1898,0:1899,0:1900,0:1901,0:1902,0:1903,0:1904,0:1905",GAT,exact-facility-location-gat_v9.pkl,1,False,0.0005718893953599036
1s72.cif,1858,0,1858,CAGGUAUC,1899,,C,1906,,C,"0:1899,0:1900,0:1901,0:1902,0:1903,0:1904,0:1905,0:1906",GAT,exact-facility-location-gat_v9.pkl,1,False,0.007026092614978552
1s72.cif,1859,0,1859,AGGUAUCU,1900,,A,1907,,U,"0:1900,0:1901,0:1902,0:1903,0:1904,0:1905,0:1906,0:1907",GAT,exact-facility-location-gat_v9.pkl,1,False,0.011999500915408134
1s72.cif,1860,0,1860,GGUAUCUG,1901,,G,1908,,G,"0:1901,0:1902,0:1903,0:1904,0:1905,0:1906,0:1907,0:1908",GAT,exact-facility-location-gat_v9.pkl,1,False,0.005242005921900272
1s72.cif,1861,0,1861,GUAUCUGA,1902,,G,1909,,A,"0:1902,0:1903,0:1904,0:1905,0:1906,0:1907,0:1908,0:1909",GAT,exact-facility-location-gat_v9.pkl,1,False,0.0006005041068419814
1s72.cif,1862,0,1862,UAUCUGAA,1903,,U,1910,,A,"0:1903,0:1904,0:1905,0:1906,0:1907,0:1908,0:1909,0:1910",GAT,exact-facility-location-gat_v9.pkl,1,False,0.0004056882462464273
1s72.cif,1863,0,1863,AUCUGAAC,1904,,A,1911,,C,"0:1904,0:1905,0:1906,0:1907,0:1908,0:1909,0:1910,0:1911",GAT,exact-facility-location-gat_v9.pkl,1,False,0.0016944201197475195
1s72.cif,1864,0,1864,UCUGAACA,1905,,U,1912,,A,"0:1905,0:1906,0:1907,0:1908,0:1909,0:1910,0:1911,0:1912",GAT,exact-facility-location-gat_v9.pkl,1,False,0.005049046594649553
1s72.cif,1865,0,1865,CUGAACAC,1906,,C,1913,,C,"0:1906,0:1907,0:1908,0:1909,0:1910,0:1911,0:1912,0:1913",GAT,exact-facility-location-gat_v9.pkl,1,False,0.021057724952697754
1s72.cif,1866,0,1866,UGAACACC,1907,,U,1914,,C,"0:1907,0:1908,0:1909,0:1910,0:1911,0:1912,0:1913,0:1914",GAT,exact-facility-location-gat_v9.pkl,1,False,0.011687670834362507
1s72.cif,1867,0,1867,GAACACCU,1908,,G,1915,,U,"0:1908,0:1909,0:1910,0:1911,0:1912,0:1913,0:1914,0:1915",GAT,exact-facility-location-gat_v9.pkl,1,False,0.000447921542217955
1s72.cif,1868,0,1868,AACACCUC,1909,,A,1916,,C,"0:1909,0:1910,0:1911,0:1912,0:1913,0:1914,0:1915,0:1916",GAT,exact-facility-location-gat_v9.pkl,1,False,0.0004609098541550338
1s72.cif,1869,0,1869,ACACCUCG,1910,,A,1917,,G,"0:1910,0:1911,0:1912,0:1913,0:1914,0:1915,0:1916,0:1917",GAT,exact-facility-location-gat_v9.pkl,1,False,0.0005698312888853252
1s72.cif,1870,0,1870,CACCUCGU,1911,,C,1918,,U,"0:1911,0:1912,0:1913,0:1914,0:1915,0:1916,0:1917,0:1918",GAT,exact-facility-location-gat_v9.pkl,1,False,0.000746321224141866
1s72.cif,1871,0,1871,ACCUCGUA,1912,,A,1919,,A,"0:1912,0:1913,0:1914,0:1915,0:1916,0:1917,0:1918,0:1919",GAT,exact-facility-location-gat_v9.pkl,1,False,0.0005959725822322071
1s72.cif,1872,0,1872,CCUCGUAC,1913,,C,1920,,C,"0:1913,0:1914,0:1915,0:1916,0:1917,0:1918,0:1919,0:1920",GAT,exact-facility-location-gat_v9.pkl,1,False,0.014049695804715157
1s72.cif,1873,0,1873,CUCGUACA,1914,,C,1921,,A,"0:1914,0:1915,0:1916,0:1917,0:1918,0:1919,0:1920,0:1921",GAT,exact-facility-location-gat_v9.pkl,1,False,0.00200404180213809
1s72.cif,1874,0,1874,UCGUACAA,1915,,U,1922,,A,"0:1915,0:1916,0:1917,0:1918,0:1919,0:1920,0:1921,0:1922",GAT,exact-facility-location-gat_v9.pkl,1,False,0.0004106704145669937
1s72.cif,1875,0,1875,CGUACAAG,1916,,C,1923,,G,"0:1916,0:1917,0:1918,0:1919,0:1920,0:1921,0:1922,0:1923",GAT,exact-facility-location-gat_v9.pkl,1,False,0.16948014497756958
1s72.cif,1876,0,1876,GUACAAGA,1917,,G,1924,,A,"0:1917,0:1918,0:1919,0:1920,0:1921,0:1922,0:1923,0:1924",GAT,exact-facility-location-gat_v9.pkl,1,False,0.01071467250585556
1s72.cif,1877,0,1877,UACAAGAG,1918,,U,1925,,G,"0:1918,0:1919,0:1920,0:1921,0:1922,0:1923,0:1924,0:1925",GAT,exact-facility-location-gat_v9.pkl,1,False,0.002959042089059949
1s72.cif,1878,0,1878,ACAAGAGG,1919,,A,1926,,G,"0:1919,0:1920,0:1921,0:1922,0:1923,0:1924,0:1925,0:1926",GAT,exact-facility-location-gat_v9.pkl,1,False,0.0003830583591479808
1s72.cif,1879,0,1879,CAAGAGGA,1920,,C,1927,,A,"0:1920,0:1921,0:1922,0:1923,0:1924,0:1925,0:1926,0:1927",GAT,exact-facility-location-gat_v9.pkl,1,False,0.0004722028970718384
1s72.cif,1880,0,1880,AAGAGGAC,1921,,A,1928,,C,"0:1921,0:1922,0:1923,0:1924,0:1925,0:1926,0:1927,0:1928",GAT,exact-facility-location-gat_v9.pkl,1,False,0.00042890867916867137
1s72.cif,1881,0,1881,AGAGGACG,1922,,A,1929,,G,"0:1922,0:1923,0:1924,0:1925,0:1926,0:1927,0:1928,0:1929",GAT,exact-facility-location-gat_v9.pkl,1,False,0.000384278129786253
1s72.cif,1882,0,1882,GAGGACGA,1923,,G,1930,,A,"0:1923,0:1924,0:1925,0:1926,0:1927,0:1928,0:1929,0:1930",GAT,exact-facility-location-gat_v9.pkl,1,False,0.002312915865331888
1s72.cif,1883,0,1883,AGGACGAA,1924,,A,1931,,A,"0:1924,0:1925,0:1926,0:1927,0:1928,0:1929,0:1930,0:1931",GAT,exact-facility-location-gat_v9.pkl,1,False,0.0026503505650907755
1s72.cif,1884,0,1884,GGACGAAG,1925,,G,1932,,G,"0:1925,0:1926,0:1927,0:1928,0:1929,0:1930,0:1931,0:1932",GAT,exact-facility-location-gat_v9.pkl,1,False,0.003976042848080397
1s72.cif,1885,0,1885,GACGAAGG,1926,,G,1933,,G,"0:1926,0:1927,0:1928,0:1929,0:1930,0:1931,0:1932,0:1933",GAT,exact-facility-location-gat_v9.pkl,1,False,0.0032551914919167757
1s72.cif,1886,0,1886,ACGAAGGA,1927,,A,1934,,A,"0:1927,0:1928,0:1929,0:1930,0:1931,0:1932,0:1933,0:1934",GAT,exact-facility-location-gat_v9.pkl,1,False,0.00144707050640136
1s72.cif,1887,0,1887,CGAAGGAC,1928,,C,1935,,C,"0:1928,0:1929,0:1930,0:1931,0:1932,0:1933,0:1934,0:1935",GAT,exact-facility-location-gat_v9.pkl,1,False,0.0007217191741801798
1s72.cif,1888,0,1888,GAAGGACC,1929,,G,1936,,C,"0:1929,0:1930,0:1931,0:1932,0:1933,0:1934,0:1935,0:1936",GAT,exact-facility-location-gat_v9.pkl,1,False,0.00048405592679046094
1s72.cif,1889,0,1889,AAGGACCU,1930,,A,1937,,U,"0:1930,0:1931,0:1932,0:1933,0:1934,0:1935,0:1936,0:1937",GAT,exact-facility-location-gat_v9.pkl,1,False,0.0004935431061312556
1s72.cif,1890,0,1890,AGGACCUG,1931,,A,1938,,G,"0:1931,0:1932,0:1933,0:1934,0:1935,0:1936,0:1937,0:1938",GAT,exact-facility-location-gat_v9.pkl,1,False,0.0005891821347177029
1s72.cif,1891,0,1891,GGACCUGU,1932,,G,1939,,U,"0:1932,0:1933,0:1934,0:1935,0:1936,0:1937,0:1938,0:1939",GAT,exact-facility-location-gat_v9.pkl,1,False,0.0006564084906131029
1s72.cif,1892,0,1892,GACCUGUC,1933,,G,1940,,C,"0:1933,0:1934,0:1935,0:1936,0:1937,0:1938,0:1939,0:1940",GAT,exact-facility-location-gat_v9.pkl,1,False,0.00039705506060272455
1s72.cif,1893,0,1893,ACCUGUCA,1934,,A,1941,,A,"0:1934,0:1935,0:1936,0:1937,0:1938,0:1939,0:1940,0:1941",GAT,exact-facility-location-gat_v9.pkl,1,False,0.0004423308128025383
1s72.cif,1894,0,1894,CCUGUCAA,1935,,C,1942,,A,"0:1935,0:1936,0:1937,0:1938,0:1939,0:1940,0:1941,0:1942",GAT,exact-facility-location-gat_v9.pkl,1,False,0.0014620305737480521
1s72.cif,1895,0,1895,CUGUCAAC,1936,,C,1943,,C,"0:1936,0:1937,0:1938,0:1939,0:1940,0:1941,0:1942,0:1943",GAT,exact-facility-location-gat_v9.pkl,1,False,0.0012351620243862271
1s72.cif,1896,0,1896,UGUCAACG,1937,,U,1944,,G,"0:1937,0:1938,0:1939,0:1940,0:1941,0:1942,0:1943,0:1944",GAT,exact-facility-location-gat_v9.pkl,1,False,0.0009879556018859148
1s72.cif,1897,0,1897,GUCAACGG,1938,,G,1945,,G,"0:1938,0:1939,0:1940,0:1941,0:1942,0:1943,0:1944,0:1945",GAT,exact-facility-location-gat_v9.pkl,1,False,0.0004371272516436875
1s72.cif,1898,0,1898,UCAACGGC,1939,,U,1946,,C,"0:1939,0:1940,0:1941,0:1942,0:1943,0:1944,0:1945,0:1946",GAT,exact-facility-location-gat_v9.pkl,1,False,0.0009256392368115485
1s72.cif,1899,0,1899,CAACGGCG,1940,,C,1947,,G,"0:1940,0:1941,0:1942,0:1943,0:1944,0:1945,0:1946,0:1947",GAT,exact-facility-location-gat_v9.pkl,1,False,0.0030015790835022926
1s72.cif,1900,0,1900,AACGGCGG,1941,,A,1948,,G,"0:1941,0:1942,0:1943,0:1944,0:1945,0:1946,0:1947,0:1948",GAT,exact-facility-location-gat_v9.pkl,1,False,4.7833578719291836e-05
1s72.cif,1901,0,1901,ACGGCGGG,1942,,A,1949,,G,"0:1942,0:1943,0:1944,0:1945,0:1946,0:1947,0:1948,0:1949",GAT,exact-facility-location-gat_v9.pkl,1,False,5.812423842144199e-05
1s72.cif,1902,0,1902,CGGCGGGG,1943,,C,1950,,G,"0:1943,0:1944,0:1945,0:1946,0:1947,0:1948,0:1949,0:1950",GAT,exact-facility-location-gat_v9.pkl,1,False,8.933920616982505e-05
1s72.cif,1903,0,1903,GGCGGGGG,1944,,G,1951,,G,"0:1944,0:1945,0:1946,0:1947,0:1948,0:1949,0:1950,0:1951",GAT,exact-facility-location-gat_v9.pkl,1,False,0.0001363807823508978
1s72.cif,1904,0,1904,GCGGGGGU,1945,,G,1964,,U,"0:1945,0:1946,0:1947,0:1948,0:1949,0:1950,0:1951,0:1964",GAT,exact-facility-location-gat_v9.pkl,1,False,0.03955093026161194
1s72.cif,1905,0,1905,CGGGGGUC,1946,,C,1965,,C,"0:1946,0:1947,0:1948,0:1949,0:1950,0:1951,0:1964,0:1965",GAT,exact-facility-location-gat_v9.pkl,1,False,0.0015624669613316655
1s72.cif,1906,0,1906,GGGGGUCU,1947,,G,1966,,U,"0:1947,0:1948,0:1949,0:1950,0:1951,0:1964,0:1965,0:1966",GAT,exact-facility-location-gat_v9.pkl,1,False,0.016626177355647087
1s72.cif,1907,0,1907,GGGGUCUU,1948,,G,1967,,U,"0:1948,0:1949,0:1950,0:1951,0:1964,0:1965,0:1966,0:1967",GAT,exact-facility-location-gat_v9.pkl,1,False,0.022723300382494926
1s72.cif,1908,0,1908,GGGUCUUA,1949,,G,1968,,A,"0:1949,0:1950,0:1951,0:1964,0:1965,0:1966,0:1967,0:1968",GAT,exact-facility-location-gat_v9.pkl,1,False,0.0005025084246881306
1s72.cif,1909,0,1909,GGUCUUAA,1950,,G,1969,,A,"0:1950,0:1951,0:1964,0:1965,0:1966,0:1967,0:1968,0:1969",GAT,exact-facility-location-gat_v9.pkl,1,False,0.009574065916240215
1s72.cif,1910,0,1910,GUCUUAAG,1951,,G,1970,,G,"0:1951,0:1964,0:1965,0:1966,0:1967,0:1968,0:1969,0:1970",GAT,exact-facility-location-gat_v9.pkl,1,False,0.02151220478117466
1s72.cif,1911,0,1911,UCUUAAGG,1964,,U,1971,,G,"0:1964,0:1965,0:1966,0:1967,0:1968,0:1969,0:1970,0:1971",GAT,exact-facility-location-gat_v9.pkl,1,False,0.001850609085522592
1s72.cif,1912,0,1912,CUUAAGGU,1965,,C,1972,,U,"0:1965,0:1966,0:1967,0:1968,0:1969,0:1970,0:1971,0:1972",GAT,exact-facility-location-gat_v9.pkl,1,False,3.86877654818818e-05
1s72.cif,1913,0,1913,UUAAGGUA,1966,,U,1973,,A,"0:1966,0:1967,0:1968,0:1969,0:1970,0:1971,0:1972,0:1973",GAT,exact-facility-location-gat_v9.pkl,1,False,3.4831002267310396e-05
1s72.cif,1914,0,1914,UAAGGUAG,1967,,U,1974,,G,"0:1967,0:1968,0:1969,0:1970,0:1971,0:1972,0:1973,0:1974",GAT,exact-facility-location-gat_v9.pkl,1,False,8.137129043461755e-05
1s72.cif,1915,0,1915,AAGGUAGC,1968,,A,1975,,C,"0:1968,0:1969,0:1970,0:1971,0:1972,0:1973,0:1974,0:1975",GAT,exact-facility-location-gat_v9.pkl,1,False,0.0009081136086024344
1s72.cif,1916,0,1916,AGGUAGCG,1969,,A,1976,,G,"0:1969,0:1970,0:1971,0:1972,0:1973,0:1974,0:1975,0:1976",GAT,exact-facility-location-gat_v9.pkl,1,False,0.00013127567945048213
1s72.cif,1917,0,1917,GGUAGCGU,1970,,G,1977,,U,"0:1970,0:1971,0:1972,0:1973,0:1974,0:1975,0:1976,0:1977",GAT,exact-facility-location-gat_v9.pkl,1,False,0.003026381367817521
1s72.cif,1918,0,1918,GUAGCGUA,1971,,G,1978,,A,"0:1971,0:1972,0:1973,0:1974,0:1975,0:1976,0:1977,0:1978",GAT,exact-facility-location-gat_v9.pkl,1,False,0.00022591464221477509
1s72.cif,1919,0,1919,UAGCGUAG,1972,,U,1979,,G,"0:1972,0:1973,0:1974,0:1975,0:1976,0:1977,0:1978,0:1979",GAT,exact-facility-location-gat_v9.pkl,1,False,0.000321066880133003
1s72.cif,1920,0,1920,AGCGUAGU,1973,,A,1980,,U,"0:1973,0:1974,0:1975,0:1976,0:1977,0:1978,0:1979,0:1980",GAT,exact-facility-location-gat_v9.pkl,1,False,0.0014812229201197624
1s72.cif,1921,0,1921,GCGUAGUA,1974,,G,1981,,A,"0:1974,0:1975,0:1976,0:1977,0:1978,0:1979,0:1980,0:1981",GAT,exact-facility-location-gat_v9.pkl,1,False,0.00046450988156720996
1s72.cif,1922,0,1922,CGUAGUAC,1975,,C,1982,,C,"0:1975,0:1976,0:1977,0:1978,0:1979,0:1980,0:1981,0:1982",GAT,exact-facility-location-gat_v9.pkl,1,False,0.0005265967338345945
1s72.cif,1923,0,1923,GUAGUACC,1976,,G,1983,,C,"0:1976,0:1977,0:1978,0:1979,0:1980,0:1981,0:1982,0:1983",GAT,exact-facility-location-gat_v9.pkl,1,False,0.0009158105822280049
1s72.cif,1924,0,1924,UAGUACCU,1977,,U,1984,,U,"0:1977,0:1978,0:1979,0:1980,0:1981,0:1982,0:1983,0:1984",GAT,exact-facility-location-gat_v9.pkl,1,False,0.004714416339993477
1s72.cif,1925,0,1925,AGUACCUU,1978,,A,1985,,U,"0:1978,0:1979,0:1980,0:1981,0:1982,0:1983,0:1984,0:1985",GAT,exact-facility-location-gat_v9.pkl,1,False,0.00781405158340931
1s72.cif,1926,0,1926,GUACCUUG,1979,,G,1986,,G,"0:1979,0:1980,0:1981,0:1982,0:1983,0:1984,0:1985,0:1986",GAT,exact-facility-location-gat_v9.pkl,1,False,0.0013860155595466495
1s72.cif,1927,0,1927,UACCUUGC,1980,,U,1987,,C,"0:1980,0:1981,0:1982,0:1983,0:1984,0:1985,0:1986,0:1987",GAT,exact-facility-location-gat_v9.pkl,1,False,0.0003087469667661935
1s72.cif,1928,0,1928,ACCUUGCC,1981,,A,1988,,C,"0:1981,0:1982,0:1983,0:1984,0:1985,0:1986,0:1987,0:1988",GAT,exact-facility-location-gat_v9.pkl,1,False,0.00012296231579966843
1s72.cif,1929,0,1929,CCUUGCCG,1982,,C,1989,,G,"0:1982,0:1983,0:1984,0:1985,0:1986,0:1987,0:1988,0:1989",GAT,exact-facility-location-gat_v9.pkl,1,False,5.9230736951576546e-05
1s72.cif,1930,0,1930,CUUGCCGC,1983,,C,1990,,C,"0:1983,0:1984,0:1985,0:1986,0:1987,0:1988,0:1989,0:1990",GAT,exact-facility-location-gat_v9.pkl,1,False,0.0006417474942281842
1s72.cif,1931,0,1931,UUGCCGCA,1984,,U,1991,,A,"0:1984,0:1985,0:1986,0:1987,0:1988,0:1989,0:1990,0:1991",GAT,exact-facility-location-gat_v9.pkl,1,False,0.04515331983566284
1s72.cif,1932,0,1932,UGCCGCAU,1985,,U,1992,,U,"0:1985,0:1986,0:1987,0:1988,0:1989,0:1990,0:1991,0:1992",GAT,exact-facility-location-gat_v9.pkl,1,False,0.005873816553503275
1s72.cif,1933,0,1933,GCCGCAUC,1986,,G,1993,,C,"0:1986,0:1987,0:1988,0:1989,0:1990,0:1991,0:1992,0:1993",GAT,exact-facility-location-gat_v9.pkl,1,False,0.0003582325007300824
1s72.cif,1934,0,1934,CCGCAUCA,1987,,C,1994,,A,"0:1987,0:1988,0:1989,0:1990,0:1991,0:1992,0:1993,0:1994",GAT,exact-facility-location-gat_v9.pkl,1,False,0.010962001048028469
1s72.cif,1935,0,1935,CGCAUCAG,1988,,C,1995,,G,"0:1988,0:1989,0:1990,0:1991,0:1992,0:1993,0:1994,0:1995",GAT,exact-facility-location-gat_v9.pkl,1,False,0.005017434246838093
1s72.cif,1936,0,1936,GCAUCAGU,1989,,G,1996,,U,"0:1989,0:1990,0:1991,0:1992,0:1993,0:1994,0:1995,0:1996",GAT,exact-facility-location-gat_v9.pkl,1,False,0.0017692837864160538
1s72.cif,1937,0,1937,CAUCAGUA,1990,,C,1997,,A,"0:1990,0:1991,0:1992,0:1993,0:1994,0:1995,0:1996,0:1997",GAT,exact-facility-location-gat_v9.pkl,1,False,0.0007479683845303953
1s72.cif,1938,0,1938,AUCAGUAG,1991,,A,1998,,G,"0:1991,0:1992,0:1993,0:1994,0:1995,0:1996,0:1997,0:1998",GAT,exact-facility-location-gat_v9.pkl,1,False,0.008284629322588444
1s72.cif,1939,0,1939,UCAGUAGC,1992,,U,1999,,C,"0:1992,0:1993,0:1994,0:1995,0:1996,0:1997,0:1998,0:1999",GAT,exact-facility-location-gat_v9.pkl,1,False,0.004372664261609316
1s72.cif,1940,0,1940,CAGUAGCG,1993,,C,2000,,G,"0:1993,0:1994,0:1995,0:1996,0:1997,0:1998,0:1999,0:2000",GAT,exact-facility-location-gat_v9.pkl,1,False,0.0013008625246584415
1s72.cif,1941,0,1941,AGUAGCGG,1994,,A,2001,,G,"0:1994,0:1995,0:1996,0:1997,0:1998,0:1999,0:2000,0:2001",GAT,exact-facility-location-gat_v9.pkl,1,False,0.0005576891708187759
1s72.cif,1942,0,1942,GUAGCGGC,1995,,G,2002,,C,"0:1995,0:1996,0:1997,0:1998,0:1999,0:2000,0:2001,0:2002",GAT,exact-facility-location-gat_v9.pkl,1,False,0.0033798327203840017
1s72.cif,1943,0,1943,UAGCGGCU,1996,,U,2003,,U,"0:1996,0:1997,0:1998,0:1999,0:2000,0:2001,0:2002,0:2003",GAT,exact-facility-location-gat_v9.pkl,1,False,0.001441839267499745
1s72.cif,1944,0,1944,AGCGGCUU,1997,,A,2004,,U,"0:1997,0:1998,0:1999,0:2000,0:2001,0:2002,0:2003,0:2004",GAT,exact-facility-location-gat_v9.pkl,1,False,0.0002747036051005125
1s72.cif,1945,0,1945,GCGGCUUG,1998,,G,2005,,G,"0:1998,0:1999,0:2000,0:2001,0:2002,0:2003,0:2004,0:2005",GAT,exact-facility-location-gat_v9.pkl,1,False,0.0012284570839256048
1s72.cif,1946,0,1946,CGGCUUGC,1999,,C,2006,,C,"0:1999,0:2000,0:2001,0:2002,0:2003,0:2004,0:2005,0:2006",GAT,exact-facility-location-gat_v9.pkl,1,False,0.011456051841378212
1s72.cif,1947,0,1947,GGCUUGCA,2000,,G,2007,,A,"0:2000,0:2001,0:2002,0:2003,0:2004,0:2005,0:2006,0:2007",GAT,exact-facility-location-gat_v9.pkl,1,False,0.000519250170327723
1s72.cif,1948,0,1948,GCUUGCAU,2001,,G,2008,,U,"0:2001,0:2002,0:2003,0:2004,0:2005,0:2006,0:2007,0:2008",GAT,exact-facility-location-gat_v9.pkl,1,False,0.0012647965922951698
1s72.cif,1949,0,1949,CUUGCAUG,2002,,C,2009,,G,"0:2002,0:2003,0:2004,0:2005,0:2006,0:2007,0:2008,0:2009",GAT,exact-facility-location-gat_v9.pkl,1,False,0.0018994079437106848
1s72.cif,1950,0,1950,UUGCAUGA,2003,,U,2010,,A,"0:2003,0:2004,0:2005,0:2006,0:2007,0:2008,0:2009,0:2010",GAT,exact-facility-location-gat_v9.pkl,1,False,0.000299207866191864
1s72.cif,1951,0,1951,UGCAUGAA,2004,,U,2011,,A,"0:2004,0:2005,0:2006,0:2007,0:2008,0:2009,0:2010,0:2011",GAT,exact-facility-location-gat_v9.pkl,1,False,0.00011514157085912302
1s72.cif,1952,0,1952,GCAUGAAU,2005,,G,2012,,U,"0:2005,0:2006,0:2007,0:2008,0:2009,0:2010,0:2011,0:2012",GAT,exact-facility-location-gat_v9.pkl,1,False,0.0009928070940077305
1s72.cif,1953,0,1953,CAUGAAUG,2006,,C,2013,,G,"0:2006,0:2007,0:2008,0:2009,0:2010,0:2011,0:2012,0:2013",GAT,exact-facility-location-gat_v9.pkl,1,False,0.005183232482522726
1s72.cif,1954,0,1954,AUGAAUGG,2007,,A,2014,,G,"0:2007,0:2008,0:2009,0:2010,0:2011,0:2012,0:2013,0:2014",GAT,exact-facility-location-gat_v9.pkl,1,False,0.002498215064406395
1s72.cif,1955,0,1955,UGAAUGGA,2008,,U,2015,,A,"0:2008,0:2009,0:2010,0:2011,0:2012,0:2013,0:2014,0:2015",GAT,exact-facility-location-gat_v9.pkl,1,False,0.003350273473188281
1s72.cif,1956,0,1956,GAAUGGAU,2009,,G,2016,,U,"0:2009,0:2010,0:2011,0:2012,0:2013,0:2014,0:2015,0:2016",GAT,exact-facility-location-gat_v9.pkl,1,False,0.0003394245868548751
1s72.cif,1957,0,1957,AAUGGAUU,2010,,A,2017,,U,"0:2010,0:2011,0:2012,0:2013,0:2014,0:2015,0:2016,0:2017",GAT,exact-facility-location-gat_v9.pkl,1,False,0.0028641666285693645
1s72.cif,1958,0,1958,AUGGAUUA,2011,,A,2018,,A,"0:2011,0:2012,0:2013,0:2014,0:2015,0:2016,0:2017,0:2018",GAT,exact-facility-location-gat_v9.pkl,1,False,0.009974694810807705
1s72.cif,1959,0,1959,UGGAUUAA,2012,,U,2019,,A,"0:2012,0:2013,0:2014,0:2015,0:2016,0:2017,0:2018,0:2019",GAT,exact-facility-location-gat_v9.pkl,1,False,0.006312010809779167
1s72.cif,1960,0,1960,GGAUUAAC,2013,,G,2020,,C,"0:2013,0:2014,0:2015,0:2016,0:2017,0:2018,0:2019,0:2020",GAT,exact-facility-location-gat_v9.pkl,1,False,0.001588954939506948
1s72.cif,1961,0,1961,GAUUAACC,2014,,G,2021,,C,"0:2014,0:2015,0:2016,0:2017,0:2018,0:2019,0:2020,0:2021",GAT,exact-facility-location-gat_v9.pkl,1,False,0.001702402369119227
1s72.cif,1962,0,1962,AUUAACCA,2015,,A,2022,,A,"0:2015,0:2016,0:2017,0:2018,0:2019,0:2020,0:2021,0:2022",GAT,exact-facility-location-gat_v9.pkl,1,False,0.0005150636425241828
1s72.cif,1963,0,1963,UUAACCAG,2016,,U,2023,,G,"0:2016,0:2017,0:2018,0:2019,0:2020,0:2021,0:2022,0:2023",GAT,exact-facility-location-gat_v9.pkl,1,False,0.012333729304373264
1s72.cif,1964,0,1964,UAACCAGA,2017,,U,2024,,A,"0:2017,0:2018,0:2019,0:2020,0:2021,0:2022,0:2023,0:2024",GAT,exact-facility-location-gat_v9.pkl,1,False,0.005209815222769976
1s72.cif,1965,0,1965,AACCAGAG,2018,,A,2025,,G,"0:2018,0:2019,0:2020,0:2021,0:2022,0:2023,0:2024,0:2025",GAT,exact-facility-location-gat_v9.pkl,1,False,0.014070597477257252
1s72.cif,1966,0,1966,ACCAGAGC,2019,,A,2026,,C,"0:2019,0:2020,0:2021,0:2022,0:2023,0:2024,0:2025,0:2026",GAT,exact-facility-location-gat_v9.pkl,1,False,0.004251404665410519
1s72.cif,1967,0,1967,CCAGAGCU,2020,,C,2027,,U,"0:2020,0:2021,0:2022,0:2023,0:2024,0:2025,0:2026,0:2027",GAT,exact-facility-location-gat_v9.pkl,1,False,0.0024509087670594454
1s72.cif,1968,0,1968,CAGAGCUU,2021,,C,2028,,U,"0:2021,0:2022,0:2023,0:2024,0:2025,0:2026,0:2027,0:2028",GAT,exact-facility-location-gat_v9.pkl,1,False,0.008318333886563778
1s72.cif,1969,0,1969,AGAGCUUC,2022,,A,2029,,C,"0:2022,0:2023,0:2024,0:2025,0:2026,0:2027,0:2028,0:2029",GAT,exact-facility-location-gat_v9.pkl,1,False,0.017174456268548965
1s72.cif,1970,0,1970,GAGCUUCA,2023,,G,2030,,A,"0:2023,0:2024,0:2025,0:2026,0:2027,0:2028,0:2029,0:2030",GAT,exact-facility-location-gat_v9.pkl,1,False,0.0008790716528892517
1s72.cif,1971,0,1971,AGCUUCAC,2024,,A,2031,,C,"0:2024,0:2025,0:2026,0:2027,0:2028,0:2029,0:2030,0:2031",GAT,exact-facility-location-gat_v9.pkl,1,False,0.0007138871587812901
1s72.cif,1972,0,1972,GCUUCACU,2025,,G,2032,,U,"0:2025,0:2026,0:2027,0:2028,0:2029,0:2030,0:2031,0:2032",GAT,exact-facility-location-gat_v9.pkl,1,False,0.0006513352855108678
1s72.cif,1973,0,1973,CUUCACUG,2026,,C,2033,,G,"0:2026,0:2027,0:2028,0:2029,0:2030,0:2031,0:2032,0:2033",GAT,exact-facility-location-gat_v9.pkl,1,False,0.00045269931433722377
1s72.cif,1974,0,1974,UUCACUGU,2027,,U,2034,,U,"0:2027,0:2028,0:2029,0:2030,0:2031,0:2032,0:2033,0:2034",GAT,exact-facility-location-gat_v9.pkl,1,False,0.009498413652181625
1s72.cif,1975,0,1975,UCACUGUC,2028,,U,2035,,C,"0:2028,0:2029,0:2030,0:2031,0:2032,0:2033,0:2034,0:2035",GAT,exact-facility-location-gat_v9.pkl,1,False,0.005802388768643141
1s72.cif,1976,0,1976,CACUGUCC,2029,,C,2036,,C,"0:2029,0:2030,0:2031,0:2032,0:2033,0:2034,0:2035,0:2036",GAT,exact-facility-location-gat_v9.pkl,1,False,0.011417176574468613
1s72.cif,1977,0,1977,ACUGUCCC,2030,,A,2037,,C,"0:2030,0:2031,0:2032,0:2033,0:2034,0:2035,0:2036,0:2037",GAT,exact-facility-location-gat_v9.pkl,1,False,0.0013971360167488456
1s72.cif,1978,0,1978,CUGUCCCA,2031,,C,2038,,A,"0:2031,0:2032,0:2033,0:2034,0:2035,0:2036,0:2037,0:2038",GAT,exact-facility-location-gat_v9.pkl,1,False,0.0011105858720839024
1s72.cif,1979,0,1979,UGUCCCAA,2032,,U,2039,,A,"0:2032,0:2033,0:2034,0:2035,0:2036,0:2037,0:2038,0:2039",GAT,exact-facility-location-gat_v9.pkl,1,False,0.003259624121710658
1s72.cif,1980,0,1980,GUCCCAAC,2033,,G,2040,,C,"0:2033,0:2034,0:2035,0:2036,0:2037,0:2038,0:2039,0:2040",GAT,exact-facility-location-gat_v9.pkl,1,False,0.009694192558526993
1s72.cif,1981,0,1981,UCCCAACG,2034,,U,2041,,G,"0:2034,0:2035,0:2036,0:2037,0:2038,0:2039,0:2040,0:2041",GAT,exact-facility-location-gat_v9.pkl,1,False,0.03883505240082741
1s72.cif,1982,0,1982,CCCAACGU,2035,,C,2042,,U,"0:2035,0:2036,0:2037,0:2038,0:2039,0:2040,0:2041,0:2042",GAT,exact-facility-location-gat_v9.pkl,1,False,0.013329185545444489
1s72.cif,1983,0,1983,CCAACGUU,2036,,C,2043,,U,"0:2036,0:2037,0:2038,0:2039,0:2040,0:2041,0:2042,0:2043",GAT,exact-facility-location-gat_v9.pkl,1,False,0.0007343951147049665
1s72.cif,1984,0,1984,CAACGUUG,2037,,C,2044,,G,"0:2037,0:2038,0:2039,0:2040,0:2041,0:2042,0:2043,0:2044",GAT,exact-facility-location-gat_v9.pkl,1,False,0.0005672150873579085
1s72.cif,1985,0,1985,AACGUUGG,2038,,A,2045,,G,"0:2038,0:2039,0:2040,0:2041,0:2042,0:2043,0:2044,0:2045",GAT,exact-facility-location-gat_v9.pkl,1,False,0.0006773755885660648
1s72.cif,1986,0,1986,ACGUUGGG,2039,,A,2046,,G,"0:2039,0:2040,0:2041,0:2042,0:2043,0:2044,0:2045,0:2046",GAT,exact-facility-location-gat_v9.pkl,1,False,0.001266216509975493
1s72.cif,1987,0,1987,CGUUGGGC,2040,,C,2047,,C,"0:2040,0:2041,0:2042,0:2043,0:2044,0:2045,0:2046,0:2047",GAT,exact-facility-location-gat_v9.pkl,1,False,0.0013541210209950805
1s72.cif,1988,0,1988,GUUGGGCC,2041,,G,2048,,C,"0:2041,0:2042,0:2043,0:2044,0:2045,0:2046,0:2047,0:2048",GAT,exact-facility-location-gat_v9.pkl,1,False,0.0005828620051033795
1s72.cif,1989,0,1989,UUGGGCCC,2042,,U,2049,,C,"0:2042,0:2043,0:2044,0:2045,0:2046,0:2047,0:2048,0:2049",GAT,exact-facility-location-gat_v9.pkl,1,False,0.00047634285874664783
1s72.cif,1990,0,1990,UGGGCCCG,2043,,U,2050,,G,"0:2043,0:2044,0:2045,0:2046,0:2047,0:2048,0:2049,0:2050",GAT,exact-facility-location-gat_v9.pkl,1,False,0.0006013496895320714
1s72.cif,1991,0,1991,GGGCCCGG,2044,,G,2051,,G,"0:2044,0:2045,0:2046,0:2047,0:2048,0:2049,0:2050,0:2051",GAT,exact-facility-location-gat_v9.pkl,1,False,0.0008234367123804986
1s72.cif,1992,0,1992,GGCCCGGU,2045,,G,2052,,U,"0:2045,0:2046,0:2047,0:2048,0:2049,0:2050,0:2051,0:2052",GAT,exact-facility-location-gat_v9.pkl,1,False,0.001183598185889423
1s72.cif,1993,0,1993,GCCCGGUG,2046,,G,2053,,G,"0:2046,0:2047,0:2048,0:2049,0:2050,0:2051,0:2052,0:2053",GAT,exact-facility-location-gat_v9.pkl,1,False,0.0010142815299332142
1s72.cif,1994,0,1994,CCCGGUGA,2047,,C,2054,,A,"0:2047,0:2048,0:2049,0:2050,0:2051,0:2052,0:2053,0:2054",GAT,exact-facility-location-gat_v9.pkl,1,False,0.0033305762335658073
1s72.cif,1995,0,1995,CCGGUGAA,2048,,C,2055,,A,"0:2048,0:2049,0:2050,0:2051,0:2052,0:2053,0:2054,0:2055",GAT,exact-facility-location-gat_v9.pkl,1,False,0.004610674921423197
1s72.cif,1996,0,1996,CGGUGAAC,2049,,C,2056,,C,"0:2049,0:2050,0:2051,0:2052,0:2053,0:2054,0:2055,0:2056",GAT,exact-facility-location-gat_v9.pkl,1,False,0.004577626474201679
1s72.cif,1997,0,1997,GGUGAACU,2050,,G,2057,,U,"0:2050,0:2051,0:2052,0:2053,0:2054,0:2055,0:2056,0:2057",GAT,exact-facility-location-gat_v9.pkl,1,False,0.0019071020651608706
1s72.cif,1998,0,1998,GUGAACUG,2051,,G,2058,,G,"0:2051,0:2052,0:2053,0:2054,0:2055,0:2056,0:2057,0:2058",GAT,exact-facility-location-gat_v9.pkl,1,False,0.0001441045169485733
1s72.cif,1999,0,1999,UGAACUGU,2052,,U,2059,,U,"0:2052,0:2053,0:2054,0:2055,0:2056,0:2057,0:2058,0:2059",GAT,exact-facility-location-gat_v9.pkl,1,False,0.00015516676648985595
1s72.cif,2000,0,2000,GAACUGUA,2053,,G,2060,,A,"0:2053,0:2054,0:2055,0:2056,0:2057,0:2058,0:2059,0:2060",GAT,exact-facility-location-gat_v9.pkl,1,False,7.755748083582148e-05
1s72.cif,2001,0,2001,AACUGUAC,2054,,A,2061,,C,"0:2054,0:2055,0:2056,0:2057,0:2058,0:2059,0:2060,0:2061",GAT,exact-facility-location-gat_v9.pkl,1,False,4.551082747639157e-05
1s72.cif,2002,0,2002,ACUGUACA,2055,,A,2062,,A,"0:2055,0:2056,0:2057,0:2058,0:2059,0:2060,0:2061,0:2062",GAT,exact-facility-location-gat_v9.pkl,1,False,0.0002954073715955019
1s72.cif,2003,0,2003,CUGUACAU,2056,,C,2063,,U,"0:2056,0:2057,0:2058,0:2059,0:2060,0:2061,0:2062,0:2063",GAT,exact-facility-location-gat_v9.pkl,1,False,0.010269968770444393
1s72.cif,2004,0,2004,UGUACAUU,2057,,U,2064,,U,"0:2057,0:2058,0:2059,0:2060,0:2061,0:2062,0:2063,0:2064",GAT,exact-facility-location-gat_v9.pkl,1,False,0.0005242997431196272
1s72.cif,2005,0,2005,GUACAUUC,2058,,G,2065,,C,"0:2058,0:2059,0:2060,0:2061,0:2062,0:2063,0:2064,0:2065",GAT,exact-facility-location-gat_v9.pkl,1,False,0.0002512088103685528
1s72.cif,2006,0,2006,UACAUUCC,2059,,U,2066,,C,"0:2059,0:2060,0:2061,0:2062,0:2063,0:2064,0:2065,0:2066",GAT,exact-facility-location-gat_v9.pkl,1,False,0.002935833763331175
1s72.cif,2007,0,2007,ACAUUCCA,2060,,A,2067,,A,"0:2060,0:2061,0:2062,0:2063,0:2064,0:2065,0:2066,0:2067",GAT,exact-facility-location-gat_v9.pkl,1,False,0.0065152705647051334
1s72.cif,2008,0,2008,CAUUCCAG,2061,,C,2068,,G,"0:2061,0:2062,0:2063,0:2064,0:2065,0:2066,0:2067,0:2068",GAT,exact-facility-location-gat_v9.pkl,1,False,0.08228764683008194
1s72.cif,2009,0,2009,AUUCCAGU,2062,,A,2069,,U,"0:2062,0:2063,0:2064,0:2065,0:2066,0:2067,0:2068,0:2069",GAT,exact-facility-location-gat_v9.pkl,1,False,0.017623987048864365
1s72.cif,2010,0,2010,UUCCAGUG,2063,,U,2070,,G,"0:2063,0:2064,0:2065,0:2066,0:2067,0:2068,0:2069,0:2070",GAT,exact-facility-location-gat_v9.pkl,1,False,0.0010956283658742905
1s72.cif,2011,0,2011,UCCAGUGC,2064,,U,2071,,C,"0:2064,0:2065,0:2066,0:2067,0:2068,0:2069,0:2070,0:2071",GAT,exact-facility-location-gat_v9.pkl,1,False,0.00035668929922394454
1s72.cif,2012,0,2012,CCAGUGCG,2065,,C,2072,,G,"0:2065,0:2066,0:2067,0:2068,0:2069,0:2070,0:2071,0:2072",GAT,exact-facility-location-gat_v9.pkl,1,False,0.0005560209974646568
1s72.cif,2013,0,2013,CAGUGCGG,2066,,C,2073,,G,"0:2066,0:2067,0:2068,0:2069,0:2070,0:2071,0:2072,0:2073",GAT,exact-facility-location-gat_v9.pkl,1,False,0.011164273135364056
1s72.cif,2014,0,2014,AGUGCGGA,2067,,A,2074,,A,"0:2067,0:2068,0:2069,0:2070,0:2071,0:2072,0:2073,0:2074",GAT,exact-facility-location-gat_v9.pkl,1,False,0.00465810252353549
1s72.cif,2015,0,2015,GUGCGGAG,2068,,G,2075,,G,"0:2068,0:2069,0:2070,0:2071,0:2072,0:2073,0:2074,0:2075",GAT,exact-facility-location-gat_v9.pkl,1,False,0.004481044132262468
1s72.cif,2016,0,2016,UGCGGAGU,2069,,U,2076,,U,"0:2069,0:2070,0:2071,0:2072,0:2073,0:2074,0:2075,0:2076",GAT,exact-facility-location-gat_v9.pkl,1,False,0.0025539789348840714
1s72.cif,2017,0,2017,GCGGAGUC,2070,,G,2077,,C,"0:2070,0:2071,0:2072,0:2073,0:2074,0:2075,0:2076,0:2077",GAT,exact-facility-location-gat_v9.pkl,1,False,0.01614806242287159
1s72.cif,2018,0,2018,CGGAGUCU,2071,,C,2078,,U,"0:2071,0:2072,0:2073,0:2074,0:2075,0:2076,0:2077,0:2078",GAT,exact-facility-location-gat_v9.pkl,1,False,0.0036287351977080107
1s72.cif,2019,0,2019,GGAGUCUG,2072,,G,2079,,G,"0:2072,0:2073,0:2074,0:2075,0:2076,0:2077,0:2078,0:2079",GAT,exact-facility-location-gat_v9.pkl,1,False,0.0027346082497388124
1s72.cif,2020,0,2020,GAGUCUGG,2073,,G,2080,,G,"0:2073,0:2074,0:2075,0:2076,0:2077,0:2078,0:2079,0:2080",GAT,exact-facility-location-gat_v9.pkl,1,False,0.0006204465171322227
1s72.cif,2021,0,2021,AGUCUGGA,2074,,A,2081,,A,"0:2074,0:2075,0:2076,0:2077,0:2078,0:2079,0:2080,0:2081",GAT,exact-facility-location-gat_v9.pkl,1,False,0.004897693172097206
1s72.cif,2022,0,2022,GUCUGGAG,2075,,G,2082,,G,"0:2075,0:2076,0:2077,0:2078,0:2079,0:2080,0:2081,0:2082",GAT,exact-facility-location-gat_v9.pkl,1,False,0.005254178773611784
1s72.cif,2023,0,2023,UCUGGAGA,2076,,U,2083,,A,"0:2076,0:2077,0:2078,0:2079,0:2080,0:2081,0:2082,0:2083",GAT,exact-facility-location-gat_v9.pkl,1,False,0.004262654576450586
1s72.cif,2024,0,2024,CUGGAGAC,2077,,C,2084,,C,"0:2077,0:2078,0:2079,0:2080,0:2081,0:2082,0:2083,0:2084",GAT,exact-facility-location-gat_v9.pkl,1,False,0.00017744286742527038
1s72.cif,2025,0,2025,UGGAGACA,2078,,U,2085,,A,"0:2078,0:2079,0:2080,0:2081,0:2082,0:2083,0:2084,0:2085",GAT,exact-facility-location-gat_v9.pkl,1,False,0.0004704845487140119
1s72.cif,2026,0,2026,GGAGACAC,2079,,G,2086,,C,"0:2079,0:2080,0:2081,0:2082,0:2083,0:2084,0:2085,0:2086",GAT,exact-facility-location-gat_v9.pkl,1,False,0.0004081322404090315
1s72.cif,2027,0,2027,GAGACACC,2080,,G,2087,,C,"0:2080,0:2081,0:2082,0:2083,0:2084,0:2085,0:2086,0:2087",GAT,exact-facility-location-gat_v9.pkl,1,False,6.704517727484927e-05
1s72.cif,2028,0,2028,AGACACCC,2081,,A,2088,,C,"0:2081,0:2082,0:2083,0:2084,0:2085,0:2086,0:2087,0:2088",GAT,exact-facility-location-gat_v9.pkl,1,False,0.002281905384734273
1s72.cif,2029,0,2029,GACACCCA,2082,,G,2089,,A,"0:2082,0:2083,0:2084,0:2085,0:2086,0:2087,0:2088,0:2089",GAT,exact-facility-location-gat_v9.pkl,1,False,0.06279323250055313
1s72.cif,2030,0,2030,ACACCCAG,2083,,A,2090,,G,"0:2083,0:2084,0:2085,0:2086,0:2087,0:2088,0:2089,0:2090",GAT,exact-facility-location-gat_v9.pkl,1,False,0.014962693676352501
1s72.cif,2031,0,2031,CACCCAGG,2084,,C,2091,,G,"0:2084,0:2085,0:2086,0:2087,0:2088,0:2089,0:2090,0:2091",GAT,exact-facility-location-gat_v9.pkl,1,False,0.00040604069363325834
1s72.cif,2032,0,2032,ACCCAGGG,2085,,A,2092,,G,"0:2085,0:2086,0:2087,0:2088,0:2089,0:2090,0:2091,0:2092",GAT,exact-facility-location-gat_v9.pkl,1,False,0.0008489963947795331
1s72.cif,2033,0,2033,CCCAGGGG,2086,,C,2093,,G,"0:2086,0:2087,0:2088,0:2089,0:2090,0:2091,0:2092,0:2093",GAT,exact-facility-location-gat_v9.pkl,1,False,0.0178851205855608
1s72.cif,2034,0,2034,CCAGGGGG,2087,,C,2094,,G,"0:2087,0:2088,0:2089,0:2090,0:2091,0:2092,0:2093,0:2094",GAT,exact-facility-location-gat_v9.pkl,1,False,0.005796697922050953
1s72.cif,2035,0,2035,CAGGGGGA,2088,,C,2095,,A,"0:2088,0:2089,0:2090,0:2091,0:2092,0:2093,0:2094,0:2095",GAT,exact-facility-location-gat_v9.pkl,1,False,0.01759897917509079
1s72.cif,2036,0,2036,AGGGGGAA,2089,,A,2096,,A,"0:2089,0:2090,0:2091,0:2092,0:2093,0:2094,0:2095,0:2096",GAT,exact-facility-location-gat_v9.pkl,1,False,0.001483898377045989
1s72.cif,2037,0,2037,GGGGGAAG,2090,,G,2097,,G,"0:2090,0:2091,0:2092,0:2093,0:2094,0:2095,0:2096,0:2097",GAT,exact-facility-location-gat_v9.pkl,1,False,0.0006116480217315257
1s72.cif,2038,0,2038,GGGGAAGC,2091,,G,2098,,C,"0:2091,0:2092,0:2093,0:2094,0:2095,0:2096,0:2097,0:2098",GAT,exact-facility-location-gat_v9.pkl,1,False,0.0014220000011846423
1s72.cif,2039,0,2039,GGGAAGCG,2092,,G,2099,,G,"0:2092,0:2093,0:2094,0:2095,0:2096,0:2097,0:2098,0:2099",GAT,exact-facility-location-gat_v9.pkl,1,False,0.0005234108539298177
1s72.cif,2040,0,2040,GGAAGCGA,2093,,G,2100,,A,"0:2093,0:2094,0:2095,0:2096,0:2097,0:2098,0:2099,0:2100",GAT,exact-facility-location-gat_v9.pkl,1,False,0.00013886661326978356
1s72.cif,2041,0,2041,GAAGCGAA,2094,,G,2101,,A,"0:2094,0:2095,0:2096,0:2097,0:2098,0:2099,0:2100,0:2101",GAT,exact-facility-location-gat_v9.pkl,1,False,0.00034165786928497255
1s72.cif,2042,0,2042,AAGCGAAG,2095,,A,2102,,G,"0:2095,0:2096,0:2097,0:2098,0:2099,0:2100,0:2101,0:2102",GAT,exact-facility-location-gat_v9.pkl,1,False,0.02976086549460888
1s72.cif,2043,0,2043,AGCGAAGA,2096,,A,2103,,A,"0:2096,0:2097,0:2098,0:2099,0:2100,0:2101,0:2102,0:2103",GAT,exact-facility-location-gat_v9.pkl,1,False,0.002437967574223876
1s72.cif,2044,0,2044,GCGAAGAC,2097,,G,2104,,C,"0:2097,0:2098,0:2099,0:2100,0:2101,0:2102,0:2103,0:2104",GAT,exact-facility-location-gat_v9.pkl,1,False,0.0004889534320682287
1s72.cif,2045,0,2045,CGAAGACC,2098,,C,2105,,C,"0:2098,0:2099,0:2100,0:2101,0:2102,0:2103,0:2104,0:2105",GAT,exact-facility-location-gat_v9.pkl,1,False,7.323172030737624e-05
1s72.cif,2046,0,2046,GAAGACCC,2099,,G,2106,,C,"0:2099,0:2100,0:2101,0:2102,0:2103,0:2104,0:2105,0:2106",GAT,exact-facility-location-gat_v9.pkl,1,False,0.00011086407903349027
1s72.cif,2047,0,2047,AAGACCCU,2100,,A,2107,,U,"0:2100,0:2101,0:2102,0:2103,0:2104,0:2105,0:2106,0:2107",GAT,exact-facility-location-gat_v9.pkl,1,False,0.003802885999903083
1s72.cif,2048,0,2048,AGACCCUA,2101,,A,2108,,A,"0:2101,0:2102,0:2103,0:2104,0:2105,0:2106,0:2107,0:2108",GAT,exact-facility-location-gat_v9.pkl,1,False,0.0025598870124667883
1s72.cif,2049,0,2049,GACCCUAU,2102,,G,2109,,U,"0:2102,0:2103,0:2104,0:2105,0:2106,0:2107,0:2108,0:2109",GAT,exact-facility-location-gat_v9.pkl,1,False,0.000625861284788698
1s72.cif,2050,0,2050,ACCCUAUG,2103,,A,2110,,G,"0:2103,0:2104,0:2105,0:2106,0:2107,0:2108,0:2109,0:2110",GAT,exact-facility-location-gat_v9.pkl,1,False,0.011796660721302032
1s72.cif,2051,0,2051,CCCUAUGG,2104,,C,2111,,G,"0:2104,0:2105,0:2106,0:2107,0:2108,0:2109,0:2110,0:2111",GAT,exact-facility-location-gat_v9.pkl,1,False,0.004070918541401625
1s72.cif,2052,0,2052,CCUAUGGA,2105,,C,2112,,A,"0:2105,0:2106,0:2107,0:2108,0:2109,0:2110,0:2111,0:2112",GAT,exact-facility-location-gat_v9.pkl,1,False,0.009564791806042194
1s72.cif,2053,0,2053,CUAUGGAG,2106,,C,2113,,G,"0:2106,0:2107,0:2108,0:2109,0:2110,0:2111,0:2112,0:2113",GAT,exact-facility-location-gat_v9.pkl,1,False,0.004331543110311031
1s72.cif,2054,0,2054,UAUGGAGC,2107,,U,2114,,C,"0:2107,0:2108,0:2109,0:2110,0:2111,0:2112,0:2113,0:2114",GAT,exact-facility-location-gat_v9.pkl,1,False,0.0011762011563405395
1s72.cif,2055,0,2055,AUGGAGCU,2108,,A,2115,,U,"0:2108,0:2109,0:2110,0:2111,0:2112,0:2113,0:2114,0:2115",GAT,exact-facility-location-gat_v9.pkl,1,False,0.013511757366359234
1s72.cif,2056,0,2056,UGGAGCUU,2109,,U,2116,,U,"0:2109,0:2110,0:2111,0:2112,0:2113,0:2114,0:2115,0:2116",GAT,exact-facility-location-gat_v9.pkl,1,False,0.00817591417580843
1s72.cif,2057,0,2057,GGAGCUUU,2110,,G,2117,,U,"0:2110,0:2111,0:2112,0:2113,0:2114,0:2115,0:2116,0:2117",GAT,exact-facility-location-gat_v9.pkl,1,False,0.00012596414308063686
1s72.cif,2058,0,2058,GAGCUUUA,2111,,G,2118,,A,"0:2111,0:2112,0:2113,0:2114,0:2115,0:2116,0:2117,0:2118",GAT,exact-facility-location-gat_v9.pkl,1,False,0.009208795614540577
1s72.cif,2059,0,2059,AGCUUUAC,2112,,A,2119,,C,"0:2112,0:2113,0:2114,0:2115,0:2116,0:2117,0:2118,0:2119",GAT,exact-facility-location-gat_v9.pkl,1,False,0.013524938374757767
1s72.cif,2060,0,2060,GCUUUACU,2113,,G,2120,,U,"0:2113,0:2114,0:2115,0:2116,0:2117,0:2118,0:2119,0:2120",GAT,exact-facility-location-gat_v9.pkl,1,False,0.01393476128578186
1s72.cif,2061,0,2061,CUUUACUG,2114,,C,2121,,G,"0:2114,0:2115,0:2116,0:2117,0:2118,0:2119,0:2120,0:2121",GAT,exact-facility-location-gat_v9.pkl,1,False,0.004864573013037443
1s72.cif,2062,0,2062,UUUACUGC,2115,,U,2122,,C,"0:2115,0:2116,0:2117,0:2118,0:2119,0:2120,0:2121,0:2122",GAT,exact-facility-location-gat_v9.pkl,1,False,0.004730194341391325
1s72.cif,2063,0,2063,UUACUGCA,2116,,U,2123,,A,"0:2116,0:2117,0:2118,0:2119,0:2120,0:2121,0:2122,0:2123",GAT,exact-facility-location-gat_v9.pkl,1,False,0.015282842330634594
1s72.cif,2064,0,2064,UACUGCAG,2117,,U,2124,,G,"0:2117,0:2118,0:2119,0:2120,0:2121,0:2122,0:2123,0:2124",GAT,exact-facility-location-gat_v9.pkl,1,False,0.0191377904266119
1s72.cif,2065,0,2065,ACUGCAGG,2118,,A,2125,,G,"0:2118,0:2119,0:2120,0:2121,0:2122,0:2123,0:2124,0:2125",GAT,exact-facility-location-gat_v9.pkl,1,False,0.0006262133829295635
1s72.cif,2066,0,2066,CUGCAGGC,2119,,C,2126,,C,"0:2119,0:2120,0:2121,0:2122,0:2123,0:2124,0:2125,0:2126",GAT,exact-facility-location-gat_v9.pkl,1,False,0.00042599867447279394
1s72.cif,2067,0,2067,UGCAGGCU,2120,,U,2127,,U,"0:2120,0:2121,0:2122,0:2123,0:2124,0:2125,0:2126,0:2127",GAT,exact-facility-location-gat_v9.pkl,1,False,0.0004900946514680982
1s72.cif,2068,0,2068,GCAGGCUG,2121,,G,2128,,G,"0:2121,0:2122,0:2123,0:2124,0:2125,0:2126,0:2127,0:2128",GAT,exact-facility-location-gat_v9.pkl,1,False,0.00048134196549654007
1s72.cif,2069,0,2069,CAGGCUGU,2122,,C,2129,,U,"0:2122,0:2123,0:2124,0:2125,0:2126,0:2127,0:2128,0:2129",GAT,exact-facility-location-gat_v9.pkl,1,False,0.000558991392608732
1s72.cif,2070,0,2070,AGGCUGUC,2123,,A,2130,,C,"0:2123,0:2124,0:2125,0:2126,0:2127,0:2128,0:2129,0:2130",GAT,exact-facility-location-gat_v9.pkl,1,False,0.0007156020146794617
1s72.cif,2071,0,2071,GGCUGUCG,2124,,G,2131,,G,"0:2124,0:2125,0:2126,0:2127,0:2128,0:2129,0:2130,0:2131",GAT,exact-facility-location-gat_v9.pkl,1,False,0.000726632890291512
1s72.cif,2072,0,2072,GCUGUCGC,2125,,G,2132,,C,"0:2125,0:2126,0:2127,0:2128,0:2129,0:2130,0:2131,0:2132",GAT,exact-facility-location-gat_v9.pkl,1,False,0.000592083262745291
1s72.cif,2073,0,2073,CUGUCGCU,2126,,C,2133,,U,"0:2126,0:2127,0:2128,0:2129,0:2130,0:2131,0:2132,0:2133",GAT,exact-facility-location-gat_v9.pkl,1,False,0.0006488995859399438
1s72.cif,2074,0,2074,UGUCGCUG,2127,,U,2134,,G,"0:2127,0:2128,0:2129,0:2130,0:2131,0:2132,0:2133,0:2134",GAT,exact-facility-location-gat_v9.pkl,1,False,0.00026402532239444554
1s72.cif,2075,0,2075,GUCGCUGA,2128,,G,2135,,A,"0:2128,0:2129,0:2130,0:2131,0:2132,0:2133,0:2134,0:2135",GAT,exact-facility-location-gat_v9.pkl,1,False,0.0009547608206048608
1s72.cif,2076,0,2076,UCGCUGAG,2129,,U,2136,,G,"0:2129,0:2130,0:2131,0:2132,0:2133,0:2134,0:2135,0:2136",GAT,exact-facility-location-gat_v9.pkl,1,False,0.009291445836424828
1s72.cif,2077,0,2077,CGCUGAGG,2130,,C,2237,,G,"0:2130,0:2131,0:2132,0:2133,0:2134,0:2135,0:2136,0:2237",GAT,exact-facility-location-gat_v9.pkl,1,False,0.01512511633336544
1s72.cif,2078,0,2078,GCUGAGGA,2131,,G,2238,,A,"0:2131,0:2132,0:2133,0:2134,0:2135,0:2136,0:2237,0:2238",GAT,exact-facility-location-gat_v9.pkl,1,False,0.010966608300805092
1s72.cif,2079,0,2079,CUGAGGAC,2132,,C,2239,,C,"0:2132,0:2133,0:2134,0:2135,0:2136,0:2237,0:2238,0:2239",GAT,exact-facility-location-gat_v9.pkl,1,False,0.0003139015461783856
1s72.cif,2080,0,2080,UGAGGACU,2133,,U,2240,,U,"0:2133,0:2134,0:2135,0:2136,0:2237,0:2238,0:2239,0:2240",GAT,exact-facility-location-gat_v9.pkl,1,False,0.0006247873534448445
1s72.cif,2081,0,2081,GAGGACUC,2134,,G,2241,,C,"0:2134,0:2135,0:2136,0:2237,0:2238,0:2239,0:2240,0:2241",GAT,exact-facility-location-gat_v9.pkl,1,False,0.14096219837665558
1s72.cif,2082,0,2082,AGGACUCU,2135,,A,2242,,U,"0:2135,0:2136,0:2237,0:2238,0:2239,0:2240,0:2241,0:2242",GAT,exact-facility-location-gat_v9.pkl,1,False,0.008965447545051575
1s72.cif,2083,0,2083,GGACUCUC,2136,,G,2243,,C,"0:2136,0:2237,0:2238,0:2239,0:2240,0:2241,0:2242,0:2243",GAT,exact-facility-location-gat_v9.pkl,1,False,0.014439163729548454
1s72.cif,2084,0,2084,GACUCUCA,2237,,G,2244,,A,"0:2237,0:2238,0:2239,0:2240,0:2241,0:2242,0:2243,0:2244",GAT,exact-facility-location-gat_v9.pkl,1,False,0.0036503165028989315
1s72.cif,2085,0,2085,ACUCUCAC,2238,,A,2245,,C,"0:2238,0:2239,0:2240,0:2241,0:2242,0:2243,0:2244,0:2245",GAT,exact-facility-location-gat_v9.pkl,1,False,0.003639154601842165
1s72.cif,2086,0,2086,CUCUCACU,2239,,C,2246,,U,"0:2239,0:2240,0:2241,0:2242,0:2243,0:2244,0:2245,0:2246",GAT,exact-facility-location-gat_v9.pkl,1,False,0.001260695164091885
1s72.cif,2087,0,2087,UCUCACUC,2240,,U,2247,,C,"0:2240,0:2241,0:2242,0:2243,0:2244,0:2245,0:2246,0:2247",GAT,exact-facility-location-gat_v9.pkl,1,False,0.0006882930756546557
1s72.cif,2088,0,2088,CUCACUCC,2241,,C,2248,,C,"0:2241,0:2242,0:2243,0:2244,0:2245,0:2246,0:2247,0:2248",GAT,exact-facility-location-gat_v9.pkl,1,False,0.0006460043368861079
1s72.cif,2089,0,2089,UCACUCCG,2242,,U,2249,,G,"0:2242,0:2243,0:2244,0:2245,0:2246,0:2247,0:2248,0:2249",GAT,exact-facility-location-gat_v9.pkl,1,False,0.0006673844181932509
1s72.cif,2090,0,2090,CACUCCGG,2243,,C,2250,,G,"0:2243,0:2244,0:2245,0:2246,0:2247,0:2248,0:2249,0:2250",GAT,exact-facility-location-gat_v9.pkl,1,False,0.0004353146650828421
1s72.cif,2091,0,2091,ACUCCGGG,2244,,A,2251,,G,"0:2244,0:2245,0:2246,0:2247,0:2248,0:2249,0:2250,0:2251",GAT,exact-facility-location-gat_v9.pkl,1,False,0.009102934040129185
1s72.cif,2092,0,2092,CUCCGGGA,2245,,C,2252,,A,"0:2245,0:2246,0:2247,0:2248,0:2249,0:2250,0:2251,0:2252",GAT,exact-facility-location-gat_v9.pkl,1,False,0.008945590816438198
1s72.cif,2093,0,2093,UCCGGGAG,2246,,U,2253,,G,"0:2246,0:2247,0:2248,0:2249,0:2250,0:2251,0:2252,0:2253",GAT,exact-facility-location-gat_v9.pkl,1,False,0.008802505210042
1s72.cif,2094,0,2094,CCGGGAGG,2247,,C,2254,,G,"0:2247,0:2248,0:2249,0:2250,0:2251,0:2252,0:2253,0:2254",GAT,exact-facility-location-gat_v9.pkl,1,True,0.9609972834587097
1s72.cif,2095,0,2095,CGGGAGGA,2248,,C,2255,,A,"0:2248,0:2249,0:2250,0:2251,0:2252,0:2253,0:2254,0:2255",GAT,exact-facility-location-gat_v9.pkl,1,False,0.09018239378929138
1s72.cif,2096,0,2096,GGGAGGAG,2249,,G,2256,,G,"0:2249,0:2250,0:2251,0:2252,0:2253,0:2254,0:2255,0:2256",GAT,exact-facility-location-gat_v9.pkl,1,False,0.0034785945899784565
1s72.cif,2097,0,2097,GGAGGAGG,2250,,G,2257,,G,"0:2250,0:2251,0:2252,0:2253,0:2254,0:2255,0:2256,0:2257",GAT,exact-facility-location-gat_v9.pkl,1,False,0.0005651172832585871
1s72.cif,2098,0,2098,GAGGAGGA,2251,,G,2258,,A,"0:2251,0:2252,0:2253,0:2254,0:2255,0:2256,0:2257,0:2258",GAT,exact-facility-location-gat_v9.pkl,1,False,0.0012038035783916712
1s72.cif,2099,0,2099,AGGAGGAC,2252,,A,2259,,C,"0:2252,0:2253,0:2254,0:2255,0:2256,0:2257,0:2258,0:2259",GAT,exact-facility-location-gat_v9.pkl,1,False,0.0008355164900422096
1s72.cif,2100,0,2100,GGAGGACA,2253,,G,2260,,A,"0:2253,0:2254,0:2255,0:2256,0:2257,0:2258,0:2259,0:2260",GAT,exact-facility-location-gat_v9.pkl,1,False,0.0005109412595629692
1s72.cif,2101,0,2101,GAGGACAC,2254,,G,2261,,C,"0:2254,0:2255,0:2256,0:2257,0:2258,0:2259,0:2260,0:2261",GAT,exact-facility-location-gat_v9.pkl,1,False,0.0015104193007573485
1s72.cif,2102,0,2102,AGGACACC,2255,,A,2262,,C,"0:2255,0:2256,0:2257,0:2258,0:2259,0:2260,0:2261,0:2262",GAT,exact-facility-location-gat_v9.pkl,1,False,0.0018453862285241485
1s72.cif,2103,0,2103,GGACACCG,2256,,G,2263,,G,"0:2256,0:2257,0:2258,0:2259,0:2260,0:2261,0:2262,0:2263",GAT,exact-facility-location-gat_v9.pkl,1,False,0.000873787619639188
1s72.cif,2104,0,2104,GACACCGA,2257,,G,2264,,A,"0:2257,0:2258,0:2259,0:2260,0:2261,0:2262,0:2263,0:2264",GAT,exact-facility-location-gat_v9.pkl,1,False,0.001148659153841436
1s72.cif,2105,0,2105,ACACCGAU,2258,,A,2265,,U,"0:2258,0:2259,0:2260,0:2261,0:2262,0:2263,0:2264,0:2265",GAT,exact-facility-location-gat_v9.pkl,1,False,0.0005302979261614382
1s72.cif,2106,0,2106,CACCGAUA,2259,,C,2266,,A,"0:2259,0:2260,0:2261,0:2262,0:2263,0:2264,0:2265,0:2266",GAT,exact-facility-location-gat_v9.pkl,1,False,0.000941119622439146
1s72.cif,2107,0,2107,ACCGAUAG,2260,,A,2267,,G,"0:2260,0:2261,0:2262,0:2263,0:2264,0:2265,0:2266,0:2267",GAT,exact-facility-location-gat_v9.pkl,1,False,0.0009634120506234467
1s72.cif,2108,0,2108,CCGAUAGC,2261,,C,2268,,C,"0:2261,0:2262,0:2263,0:2264,0:2265,0:2266,0:2267,0:2268",GAT,exact-facility-location-gat_v9.pkl,1,False,0.0010498251067474484
1s72.cif,2109,0,2109,CGAUAGCC,2262,,C,2269,,C,"0:2262,0:2263,0:2264,0:2265,0:2266,0:2267,0:2268,0:2269",GAT,exact-facility-location-gat_v9.pkl,1,False,0.0008866451098583639
1s72.cif,2110,0,2110,GAUAGCCG,2263,,G,2270,,G,"0:2263,0:2264,0:2265,0:2266,0:2267,0:2268,0:2269,0:2270",GAT,exact-facility-location-gat_v9.pkl,1,False,0.0007185236318036914
1s72.cif,2111,0,2111,AUAGCCGG,2264,,A,2271,,G,"0:2264,0:2265,0:2266,0:2267,0:2268,0:2269,0:2270,0:2271",GAT,exact-facility-location-gat_v9.pkl,1,False,0.0002537000400479883
1s72.cif,2112,0,2112,UAGCCGGG,2265,,U,2272,,G,"0:2265,0:2266,0:2267,0:2268,0:2269,0:2270,0:2271,0:2272",GAT,exact-facility-location-gat_v9.pkl,1,False,0.0015525913331657648
1s72.cif,2113,0,2113,AGCCGGGC,2266,,A,2273,,C,"0:2266,0:2267,0:2268,0:2269,0:2270,0:2271,0:2272,0:2273",GAT,exact-facility-location-gat_v9.pkl,1,False,0.001973614562302828
1s72.cif,2114,0,2114,GCCGGGCA,2267,,G,2274,,A,"0:2267,0:2268,0:2269,0:2270,0:2271,0:2272,0:2273,0:2274",GAT,exact-facility-location-gat_v9.pkl,1,False,0.0015845478046685457
1s72.cif,2115,0,2115,CCGGGCAG,2268,,C,2275,,G,"0:2268,0:2269,0:2270,0:2271,0:2272,0:2273,0:2274,0:2275",GAT,exact-facility-location-gat_v9.pkl,1,False,0.000997060677036643
1s72.cif,2116,0,2116,CGGGCAGU,2269,,C,2276,,U,"0:2269,0:2270,0:2271,0:2272,0:2273,0:2274,0:2275,0:2276",GAT,exact-facility-location-gat_v9.pkl,1,False,0.000786878983490169
1s72.cif,2117,0,2117,GGGCAGUU,2270,,G,2277,,U,"0:2270,0:2271,0:2272,0:2273,0:2274,0:2275,0:2276,0:2277",GAT,exact-facility-location-gat_v9.pkl,1,False,0.004458993207663298
1s72.cif,2118,0,2118,GGCAGUUU,2271,,G,2278,,U,"0:2271,0:2272,0:2273,0:2274,0:2275,0:2276,0:2277,0:2278",GAT,exact-facility-location-gat_v9.pkl,1,False,0.005274832248687744
1s72.cif,2119,0,2119,GCAGUUUG,2272,,G,2279,,G,"0:2272,0:2273,0:2274,0:2275,0:2276,0:2277,0:2278,0:2279",GAT,exact-facility-location-gat_v9.pkl,1,False,0.001020507188513875
1s72.cif,2120,0,2120,CAGUUUGA,2273,,C,2280,,A,"0:2273,0:2274,0:2275,0:2276,0:2277,0:2278,0:2279,0:2280",GAT,exact-facility-location-gat_v9.pkl,1,False,2.7054205929744057e-05
1s72.cif,2121,0,2121,AGUUUGAC,2274,,A,2281,,C,"0:2274,0:2275,0:2276,0:2277,0:2278,0:2279,0:2280,0:2281",GAT,exact-facility-location-gat_v9.pkl,1,False,1.216187774844002e-05
1s72.cif,2122,0,2122,GUUUGACU,2275,,G,2282,,U,"0:2275,0:2276,0:2277,0:2278,0:2279,0:2280,0:2281,0:2282",GAT,exact-facility-location-gat_v9.pkl,1,False,7.106154225766659e-05
1s72.cif,2123,0,2123,UUUGACUG,2276,,U,2283,,G,"0:2276,0:2277,0:2278,0:2279,0:2280,0:2281,0:2282,0:2283",GAT,exact-facility-location-gat_v9.pkl,1,False,0.001744764973409474
1s72.cif,2124,0,2124,UUGACUGG,2277,,U,2284,,G,"0:2277,0:2278,0:2279,0:2280,0:2281,0:2282,0:2283,0:2284",GAT,exact-facility-location-gat_v9.pkl,1,False,0.024066271260380745
1s72.cif,2125,0,2125,UGACUGGG,2278,,U,2285,,G,"0:2278,0:2279,0:2280,0:2281,0:2282,0:2283,0:2284,0:2285",GAT,exact-facility-location-gat_v9.pkl,1,False,0.03535638377070427
1s72.cif,2126,0,2126,GACUGGGG,2279,,G,2286,,G,"0:2279,0:2280,0:2281,0:2282,0:2283,0:2284,0:2285,0:2286",GAT,exact-facility-location-gat_v9.pkl,1,False,0.008232788182795048
1s72.cif,2127,0,2127,ACUGGGGC,2280,,A,2287,,C,"0:2280,0:2281,0:2282,0:2283,0:2284,0:2285,0:2286,0:2287",GAT,exact-facility-location-gat_v9.pkl,1,False,0.0013398202136158943
1s72.cif,2128,0,2128,CUGGGGCG,2281,,C,2288,,G,"0:2281,0:2282,0:2283,0:2284,0:2285,0:2286,0:2287,0:2288",GAT,exact-facility-location-gat_v9.pkl,1,False,0.007362332660704851
1s72.cif,2129,0,2129,UGGGGCGG,2282,,U,2289,,G,"0:2282,0:2283,0:2284,0:2285,0:2286,0:2287,0:2288,0:2289",GAT,exact-facility-location-gat_v9.pkl,1,False,0.04584541171789169
1s72.cif,2130,0,2130,GGGGCGGU,2283,,G,2290,,U,"0:2283,0:2284,0:2285,0:2286,0:2287,0:2288,0:2289,0:2290",GAT,exact-facility-location-gat_v9.pkl,1,False,0.001058831112459302
1s72.cif,2131,0,2131,GGGCGGUA,2284,,G,2291,,A,"0:2284,0:2285,0:2286,0:2287,0:2288,0:2289,0:2290,0:2291",GAT,exact-facility-location-gat_v9.pkl,1,False,0.007507173344492912
1s72.cif,2132,0,2132,GGCGGUAC,2285,,G,2292,,C,"0:2285,0:2286,0:2287,0:2288,0:2289,0:2290,0:2291,0:2292",GAT,exact-facility-location-gat_v9.pkl,1,False,0.0021831837948411703
1s72.cif,2133,0,2133,GCGGUACG,2286,,G,2293,,G,"0:2286,0:2287,0:2288,0:2289,0:2290,0:2291,0:2292,0:2293",GAT,exact-facility-location-gat_v9.pkl,1,False,0.0003262220707256347
1s72.cif,2134,0,2134,CGGUACGC,2287,,C,2294,,C,"0:2287,0:2288,0:2289,0:2290,0:2291,0:2292,0:2293,0:2294",GAT,exact-facility-location-gat_v9.pkl,1,False,0.00012574356514960527
1s72.cif,2135,0,2135,GGUACGCG,2288,,G,2295,,G,"0:2288,0:2289,0:2290,0:2291,0:2292,0:2293,0:2294,0:2295",GAT,exact-facility-location-gat_v9.pkl,1,False,0.00018935470143333077
1s72.cif,2136,0,2136,GUACGCGC,2289,,G,2296,,C,"0:2289,0:2290,0:2291,0:2292,0:2293,0:2294,0:2295,0:2296",GAT,exact-facility-location-gat_v9.pkl,1,False,0.0006668512360192835
1s72.cif,2137,0,2137,UACGCGCU,2290,,U,2297,,U,"0:2290,0:2291,0:2292,0:2293,0:2294,0:2295,0:2296,0:2297",GAT,exact-facility-location-gat_v9.pkl,1,False,0.005227276589721441
1s72.cif,2138,0,2138,ACGCGCUC,2291,,A,2298,,C,"0:2291,0:2292,0:2293,0:2294,0:2295,0:2296,0:2297,0:2298",GAT,exact-facility-location-gat_v9.pkl,1,False,0.004788488149642944
1s72.cif,2139,0,2139,CGCGCUCG,2292,,C,2299,,G,"0:2292,0:2293,0:2294,0:2295,0:2296,0:2297,0:2298,0:2299",GAT,exact-facility-location-gat_v9.pkl,1,False,0.002063726307824254
1s72.cif,2140,0,2140,GCGCUCGA,2293,,G,2300,,A,"0:2293,0:2294,0:2295,0:2296,0:2297,0:2298,0:2299,0:2300",GAT,exact-facility-location-gat_v9.pkl,1,False,0.001501712715253234
1s72.cif,2141,0,2141,CGCUCGAA,2294,,C,2301,,A,"0:2294,0:2295,0:2296,0:2297,0:2298,0:2299,0:2300,0:2301",GAT,exact-facility-location-gat_v9.pkl,1,False,0.00027242692885920405
1s72.cif,2142,0,2142,GCUCGAAA,2295,,G,2302,,A,"0:2295,0:2296,0:2297,0:2298,0:2299,0:2300,0:2301,0:2302",GAT,exact-facility-location-gat_v9.pkl,1,False,0.0006021357257850468
1s72.cif,2143,0,2143,CUCGAAAA,2296,,C,2303,,A,"0:2296,0:2297,0:2298,0:2299,0:2300,0:2301,0:2302,0:2303",GAT,exact-facility-location-gat_v9.pkl,1,False,0.013500950299203396
1s72.cif,2144,0,2144,UCGAAAAG,2297,,U,2304,,G,"0:2297,0:2298,0:2299,0:2300,0:2301,0:2302,0:2303,0:2304",GAT,exact-facility-location-gat_v9.pkl,1,False,0.0014000702649354935
1s72.cif,2145,0,2145,CGAAAAGA,2298,,C,2305,,A,"0:2298,0:2299,0:2300,0:2301,0:2302,0:2303,0:2304,0:2305",GAT,exact-facility-location-gat_v9.pkl,1,False,0.0014058566885069013
1s72.cif,2146,0,2146,GAAAAGAU,2299,,G,2306,,U,"0:2299,0:2300,0:2301,0:2302,0:2303,0:2304,0:2305,0:2306",GAT,exact-facility-location-gat_v9.pkl,1,False,0.07509088516235352
1s72.cif,2147,0,2147,AAAAGAUA,2300,,A,2307,,A,"0:2300,0:2301,0:2302,0:2303,0:2304,0:2305,0:2306,0:2307",GAT,exact-facility-location-gat_v9.pkl,1,False,0.024822363629937172
1s72.cif,2148,0,2148,AAAGAUAU,2301,,A,2308,,U,"0:2301,0:2302,0:2303,0:2304,0:2305,0:2306,0:2307,0:2308",GAT,exact-facility-location-gat_v9.pkl,1,False,0.004805862903594971
1s72.cif,2149,0,2149,AAGAUAUC,2302,,A,2309,,C,"0:2302,0:2303,0:2304,0:2305,0:2306,0:2307,0:2308,0:2309",GAT,exact-facility-location-gat_v9.pkl,1,False,0.00039767558337189257
1s72.cif,2150,0,2150,AGAUAUCG,2303,,A,2310,,G,"0:2303,0:2304,0:2305,0:2306,0:2307,0:2308,0:2309,0:2310",GAT,exact-facility-location-gat_v9.pkl,1,False,0.010192641988396645
1s72.cif,2151,0,2151,GAUAUCGA,2304,,G,2311,,A,"0:2304,0:2305,0:2306,0:2307,0:2308,0:2309,0:2310,0:2311",GAT,exact-facility-location-gat_v9.pkl,1,False,0.009654178284108639
1s72.cif,2152,0,2152,AUAUCGAG,2305,,A,2312,,G,"0:2305,0:2306,0:2307,0:2308,0:2309,0:2310,0:2311,0:2312",GAT,exact-facility-location-gat_v9.pkl,1,False,0.00807146169245243
1s72.cif,2153,0,2153,UAUCGAGC,2306,,U,2313,,C,"0:2306,0:2307,0:2308,0:2309,0:2310,0:2311,0:2312,0:2313",GAT,exact-facility-location-gat_v9.pkl,1,False,0.0014261106261983514
1s72.cif,2154,0,2154,AUCGAGCG,2307,,A,2314,,G,"0:2307,0:2308,0:2309,0:2310,0:2311,0:2312,0:2313,0:2314",GAT,exact-facility-location-gat_v9.pkl,1,False,0.00954537745565176
1s72.cif,2155,0,2155,UCGAGCGC,2308,,U,2315,,C,"0:2308,0:2309,0:2310,0:2311,0:2312,0:2313,0:2314,0:2315",GAT,exact-facility-location-gat_v9.pkl,1,False,0.02527156099677086
1s72.cif,2156,0,2156,CGAGCGCG,2309,,C,2316,,G,"0:2309,0:2310,0:2311,0:2312,0:2313,0:2314,0:2315,0:2316",GAT,exact-facility-location-gat_v9.pkl,1,False,0.027779581025242805
1s72.cif,2157,0,2157,GAGCGCGC,2310,,G,2317,,C,"0:2310,0:2311,0:2312,0:2313,0:2314,0:2315,0:2316,0:2317",GAT,exact-facility-location-gat_v9.pkl,1,False,0.0003482158062979579
1s72.cif,2158,0,2158,AGCGCGCC,2311,,A,2318,,C,"0:2311,0:2312,0:2313,0:2314,0:2315,0:2316,0:2317,0:2318",GAT,exact-facility-location-gat_v9.pkl,1,False,3.849962740787305e-05
1s72.cif,2159,0,2159,GCGCGCCC,2312,,G,2319,,C,"0:2312,0:2313,0:2314,0:2315,0:2316,0:2317,0:2318,0:2319",GAT,exact-facility-location-gat_v9.pkl,1,False,0.00031737564131617546
1s72.cif,2160,0,2160,CGCGCCCU,2313,,C,2320,,U,"0:2313,0:2314,0:2315,0:2316,0:2317,0:2318,0:2319,0:2320",GAT,exact-facility-location-gat_v9.pkl,1,False,0.00010306240437785164
1s72.cif,2161,0,2161,GCGCCCUA,2314,,G,2321,,A,"0:2314,0:2315,0:2316,0:2317,0:2318,0:2319,0:2320,0:2321",GAT,exact-facility-location-gat_v9.pkl,1,False,0.00014545714657288045
1s72.cif,2162,0,2162,CGCCCUAU,2315,,C,2322,,U,"0:2315,0:2316,0:2317,0:2318,0:2319,0:2320,0:2321,0:2322",GAT,exact-facility-location-gat_v9.pkl,1,False,0.0008298169123008847
1s72.cif,2163,0,2163,GCCCUAUG,2316,,G,2323,,G,"0:2316,0:2317,0:2318,0:2319,0:2320,0:2321,0:2322,0:2323",GAT,exact-facility-location-gat_v9.pkl,1,False,0.0030656778253614902
1s72.cif,2164,0,2164,CCCUAUGG,2317,,C,2324,,G,"0:2317,0:2318,0:2319,0:2320,0:2321,0:2322,0:2323,0:2324",GAT,exact-facility-location-gat_v9.pkl,1,False,0.0011926384177058935
1s72.cif,2165,0,2165,CCUAUGGC,2318,,C,2325,,C,"0:2318,0:2319,0:2320,0:2321,0:2322,0:2323,0:2324,0:2325",GAT,exact-facility-location-gat_v9.pkl,1,False,0.0002042138803517446
1s72.cif,2166,0,2166,CUAUGGCU,2319,,C,2326,,U,"0:2319,0:2320,0:2321,0:2322,0:2323,0:2324,0:2325,0:2326",GAT,exact-facility-location-gat_v9.pkl,1,False,0.000896987272426486
1s72.cif,2167,0,2167,UAUGGCUA,2320,,U,2327,,A,"0:2320,0:2321,0:2322,0:2323,0:2324,0:2325,0:2326,0:2327",GAT,exact-facility-location-gat_v9.pkl,1,False,0.0015459101414307952
1s72.cif,2168,0,2168,AUGGCUAU,2321,,A,2328,,U,"0:2321,0:2322,0:2323,0:2324,0:2325,0:2326,0:2327,0:2328",GAT,exact-facility-location-gat_v9.pkl,1,False,0.0047954837791621685
1s72.cif,2169,0,2169,UGGCUAUC,2322,,U,2329,,C,"0:2322,0:2323,0:2324,0:2325,0:2326,0:2327,0:2328,0:2329",GAT,exact-facility-location-gat_v9.pkl,1,False,0.002336418256163597
1s72.cif,2170,0,2170,GGCUAUCU,2323,,G,2330,,U,"0:2323,0:2324,0:2325,0:2326,0:2327,0:2328,0:2329,0:2330",GAT,exact-facility-location-gat_v9.pkl,1,False,0.0008311463752761483
1s72.cif,2171,0,2171,GCUAUCUC,2324,,G,2331,,C,"0:2324,0:2325,0:2326,0:2327,0:2328,0:2329,0:2330,0:2331",GAT,exact-facility-location-gat_v9.pkl,1,False,0.008799311704933643
1s72.cif,2172,0,2172,CUAUCUCA,2325,,C,2332,,A,"0:2325,0:2326,0:2327,0:2328,0:2329,0:2330,0:2331,0:2332",GAT,exact-facility-location-gat_v9.pkl,1,False,0.0013884605141356587
1s72.cif,2173,0,2173,UAUCUCAG,2326,,U,2333,,G,"0:2326,0:2327,0:2328,0:2329,0:2330,0:2331,0:2332,0:2333",GAT,exact-facility-location-gat_v9.pkl,1,False,3.474153345450759e-05
1s72.cif,2174,0,2174,AUCUCAGC,2327,,A,2334,,C,"0:2327,0:2328,0:2329,0:2330,0:2331,0:2332,0:2333,0:2334",GAT,exact-facility-location-gat_v9.pkl,1,False,6.825648597441614e-05
1s72.cif,2175,0,2175,UCUCAGCC,2328,,U,2335,,C,"0:2328,0:2329,0:2330,0:2331,0:2332,0:2333,0:2334,0:2335",GAT,exact-facility-location-gat_v9.pkl,1,False,0.0024648739490658045
1s72.cif,2176,0,2176,CUCAGCCG,2329,,C,2336,,G,"0:2329,0:2330,0:2331,0:2332,0:2333,0:2334,0:2335,0:2336",GAT,exact-facility-location-gat_v9.pkl,1,False,0.03513253480195999
1s72.cif,2177,0,2177,UCAGCCGG,2330,,U,2337,,G,"0:2330,0:2331,0:2332,0:2333,0:2334,0:2335,0:2336,0:2337",GAT,exact-facility-location-gat_v9.pkl,1,False,0.0007993329782038927
1s72.cif,2178,0,2178,CAGCCGGG,2331,,C,2338,,G,"0:2331,0:2332,0:2333,0:2334,0:2335,0:2336,0:2337,0:2338",GAT,exact-facility-location-gat_v9.pkl,1,False,0.00045846932334825397
1s72.cif,2179,0,2179,AGCCGGGG,2332,,A,2344,,G,"0:2332,0:2333,0:2334,0:2335,0:2336,0:2337,0:2338,0:2344",GAT,exact-facility-location-gat_v9.pkl,1,False,0.002450605621561408
1s72.cif,2180,0,2180,GCCGGGGA,2333,,G,2345,,A,"0:2333,0:2334,0:2335,0:2336,0:2337,0:2338,0:2344,0:2345",GAT,exact-facility-location-gat_v9.pkl,1,False,0.03909650444984436
1s72.cif,2181,0,2181,CCGGGGAC,2334,,C,2346,,C,"0:2334,0:2335,0:2336,0:2337,0:2338,0:2344,0:2345,0:2346",GAT,exact-facility-location-gat_v9.pkl,1,False,0.00027619159664027393
1s72.cif,2182,0,2182,CGGGGACC,2335,,C,2347,,C,"0:2335,0:2336,0:2337,0:2338,0:2344,0:2345,0:2346,0:2347",GAT,exact-facility-location-gat_v9.pkl,1,False,0.0007587618893012404
1s72.cif,2183,0,2183,GGGGACCC,2336,,G,2348,,C,"0:2336,0:2337,0:2338,0:2344,0:2345,0:2346,0:2347,0:2348",GAT,exact-facility-location-gat_v9.pkl,1,False,0.09747237712144852
1s72.cif,2184,0,2184,GGGACCCG,2337,,G,2349,,G,"0:2337,0:2338,0:2344,0:2345,0:2346,0:2347,0:2348,0:2349",GAT,exact-facility-location-gat_v9.pkl,1,False,0.006817745976150036
1s72.cif,2185,0,2185,GGACCCGG,2338,,G,2350,,G,"0:2338,0:2344,0:2345,0:2346,0:2347,0:2348,0:2349,0:2350",GAT,exact-facility-location-gat_v9.pkl,1,False,0.009150000289082527
1s72.cif,2186,0,2186,GACCCGGC,2344,,G,2351,,C,"0:2344,0:2345,0:2346,0:2347,0:2348,0:2349,0:2350,0:2351",GAT,exact-facility-location-gat_v9.pkl,1,False,0.0014846742851659656
1s72.cif,2187,0,2187,ACCCGGCG,2345,,A,2352,,G,"0:2345,0:2346,0:2347,0:2348,0:2349,0:2350,0:2351,0:2352",GAT,exact-facility-location-gat_v9.pkl,1,False,0.00110245356336236
1s72.cif,2188,0,2188,CCCGGCGA,2346,,C,2353,,A,"0:2346,0:2347,0:2348,0:2349,0:2350,0:2351,0:2352,0:2353",GAT,exact-facility-location-gat_v9.pkl,1,False,0.0003264395345468074
1s72.cif,2189,0,2189,CCGGCGAA,2347,,C,2354,,A,"0:2347,0:2348,0:2349,0:2350,0:2351,0:2352,0:2353,0:2354",GAT,exact-facility-location-gat_v9.pkl,1,False,0.00285186804831028
1s72.cif,2190,0,2190,CGGCGAAG,2348,,C,2355,,G,"0:2348,0:2349,0:2350,0:2351,0:2352,0:2353,0:2354,0:2355",GAT,exact-facility-location-gat_v9.pkl,1,False,0.004226992838084698
1s72.cif,2191,0,2191,GGCGAAGA,2349,,G,2356,,A,"0:2349,0:2350,0:2351,0:2352,0:2353,0:2354,0:2355,0:2356",GAT,exact-facility-location-gat_v9.pkl,1,False,0.0019762462470680475
1s72.cif,2192,0,2192,GCGAAGAG,2350,,G,2357,,G,"0:2350,0:2351,0:2352,0:2353,0:2354,0:2355,0:2356,0:2357",GAT,exact-facility-location-gat_v9.pkl,1,False,0.0022734736558049917
1s72.cif,2193,0,2193,CGAAGAGU,2351,,C,2358,,U,"0:2351,0:2352,0:2353,0:2354,0:2355,0:2356,0:2357,0:2358",GAT,exact-facility-location-gat_v9.pkl,1,False,0.000220295914914459
1s72.cif,2194,0,2194,GAAGAGUG,2352,,G,2359,,G,"0:2352,0:2353,0:2354,0:2355,0:2356,0:2357,0:2358,0:2359",GAT,exact-facility-location-gat_v9.pkl,1,False,0.00021315870981197804
1s72.cif,2195,0,2195,AAGAGUGC,2353,,A,2360,,C,"0:2353,0:2354,0:2355,0:2356,0:2357,0:2358,0:2359,0:2360",GAT,exact-facility-location-gat_v9.pkl,1,False,0.0002343216328881681
1s72.cif,2196,0,2196,AGAGUGCA,2354,,A,2361,,A,"0:2354,0:2355,0:2356,0:2357,0:2358,0:2359,0:2360,0:2361",GAT,exact-facility-location-gat_v9.pkl,1,False,0.0029712500981986523
1s72.cif,2197,0,2197,GAGUGCAA,2355,,G,2362,,A,"0:2355,0:2356,0:2357,0:2358,0:2359,0:2360,0:2361,0:2362",GAT,exact-facility-location-gat_v9.pkl,1,False,0.011177735403180122
1s72.cif,2198,0,2198,AGUGCAAG,2356,,A,2363,,G,"0:2356,0:2357,0:2358,0:2359,0:2360,0:2361,0:2362,0:2363",GAT,exact-facility-location-gat_v9.pkl,1,False,0.09826099127531052
1s72.cif,2199,0,2199,GUGCAAGA,2357,,G,2364,,A,"0:2357,0:2358,0:2359,0:2360,0:2361,0:2362,0:2363,0:2364",GAT,exact-facility-location-gat_v9.pkl,1,False,0.05171220377087593
1s72.cif,2200,0,2200,UGCAAGAG,2358,,U,2365,,G,"0:2358,0:2359,0:2360,0:2361,0:2362,0:2363,0:2364,0:2365",GAT,exact-facility-location-gat_v9.pkl,1,False,0.06284482032060623
1s72.cif,2201,0,2201,GCAAGAGC,2359,,G,2366,,C,"0:2359,0:2360,0:2361,0:2362,0:2363,0:2364,0:2365,0:2366",GAT,exact-facility-location-gat_v9.pkl,1,False,0.007602454163134098
1s72.cif,2202,0,2202,CAAGAGCA,2360,,C,2367,,A,"0:2360,0:2361,0:2362,0:2363,0:2364,0:2365,0:2366,0:2367",GAT,exact-facility-location-gat_v9.pkl,1,False,0.00047465856187045574
1s72.cif,2203,0,2203,AAGAGCAA,2361,,A,2368,,A,"0:2361,0:2362,0:2363,0:2364,0:2365,0:2366,0:2367,0:2368",GAT,exact-facility-location-gat_v9.pkl,1,False,0.00011588519555516541
1s72.cif,2204,0,2204,AGAGCAAA,2362,,A,2369,,A,"0:2362,0:2363,0:2364,0:2365,0:2366,0:2367,0:2368,0:2369",GAT,exact-facility-location-gat_v9.pkl,1,False,0.00020587585458997637
1s72.cif,2205,0,2205,GAGCAAAA,2363,,G,2370,,A,"0:2363,0:2364,0:2365,0:2366,0:2367,0:2368,0:2369,0:2370",GAT,exact-facility-location-gat_v9.pkl,1,False,7.950057624839246e-05
1s72.cif,2206,0,2206,AGCAAAAG,2364,,A,2371,,G,"0:2364,0:2365,0:2366,0:2367,0:2368,0:2369,0:2370,0:2371",GAT,exact-facility-location-gat_v9.pkl,1,False,0.00042298942571505904
1s72.cif,2207,0,2207,GCAAAAGA,2365,,G,2372,,A,"0:2365,0:2366,0:2367,0:2368,0:2369,0:2370,0:2371,0:2372",GAT,exact-facility-location-gat_v9.pkl,1,False,0.00021942971216049045
1s72.cif,2208,0,2208,CAAAAGAU,2366,,C,2373,,U,"0:2366,0:2367,0:2368,0:2369,0:2370,0:2371,0:2372,0:2373",GAT,exact-facility-location-gat_v9.pkl,1,False,0.0006321755354292691
1s72.cif,2209,0,2209,AAAAGAUA,2367,,A,2374,,A,"0:2367,0:2368,0:2369,0:2370,0:2371,0:2372,0:2373,0:2374",GAT,exact-facility-location-gat_v9.pkl,1,False,0.002637141617015004
1s72.cif,2210,0,2210,AAAGAUAG,2368,,A,2375,,G,"0:2368,0:2369,0:2370,0:2371,0:2372,0:2373,0:2374,0:2375",GAT,exact-facility-location-gat_v9.pkl,1,False,0.0012093103723600507
1s72.cif,2211,0,2211,AAGAUAGC,2369,,A,2376,,C,"0:2369,0:2370,0:2371,0:2372,0:2373,0:2374,0:2375,0:2376",GAT,exact-facility-location-gat_v9.pkl,1,False,0.0025579517241567373
1s72.cif,2212,0,2212,AGAUAGCU,2370,,A,2377,,U,"0:2370,0:2371,0:2372,0:2373,0:2374,0:2375,0:2376,0:2377",GAT,exact-facility-location-gat_v9.pkl,1,False,0.0019731582142412663
1s72.cif,2213,0,2213,GAUAGCUU,2371,,G,2378,,U,"0:2371,0:2372,0:2373,0:2374,0:2375,0:2376,0:2377,0:2378",GAT,exact-facility-location-gat_v9.pkl,1,False,0.0008632224635221064
1s72.cif,2214,0,2214,AUAGCUUG,2372,,A,2379,,G,"0:2372,0:2373,0:2374,0:2375,0:2376,0:2377,0:2378,0:2379",GAT,exact-facility-location-gat_v9.pkl,1,False,0.016624243929982185
1s72.cif,2215,0,2215,UAGCUUGA,2373,,U,2380,,A,"0:2373,0:2374,0:2375,0:2376,0:2377,0:2378,0:2379,0:2380",GAT,exact-facility-location-gat_v9.pkl,1,False,0.00797631312161684
1s72.cif,2216,0,2216,AGCUUGAC,2374,,A,2381,,C,"0:2374,0:2375,0:2376,0:2377,0:2378,0:2379,0:2380,0:2381",GAT,exact-facility-location-gat_v9.pkl,1,False,0.00045813556062057614
1s72.cif,2217,0,2217,GCUUGACA,2375,,G,2382,,A,"0:2375,0:2376,0:2377,0:2378,0:2379,0:2380,0:2381,0:2382",GAT,exact-facility-location-gat_v9.pkl,1,False,4.8942278226604685e-05
1s72.cif,2218,0,2218,CUUGACAG,2376,,C,2383,,G,"0:2376,0:2377,0:2378,0:2379,0:2380,0:2381,0:2382,0:2383",GAT,exact-facility-location-gat_v9.pkl,1,False,9.755927021615207e-05
1s72.cif,2219,0,2219,UUGACAGU,2377,,U,2384,,U,"0:2377,0:2378,0:2379,0:2380,0:2381,0:2382,0:2383,0:2384",GAT,exact-facility-location-gat_v9.pkl,1,False,9.17681900318712e-05
1s72.cif,2220,0,2220,UGACAGUG,2378,,U,2385,,G,"0:2378,0:2379,0:2380,0:2381,0:2382,0:2383,0:2384,0:2385",GAT,exact-facility-location-gat_v9.pkl,1,False,0.002483266405761242
1s72.cif,2221,0,2221,GACAGUGU,2379,,G,2386,,U,"0:2379,0:2380,0:2381,0:2382,0:2383,0:2384,0:2385,0:2386",GAT,exact-facility-location-gat_v9.pkl,1,False,0.018243778496980667
1s72.cif,2222,0,2222,ACAGUGUU,2380,,A,2387,,U,"0:2380,0:2381,0:2382,0:2383,0:2384,0:2385,0:2386,0:2387",GAT,exact-facility-location-gat_v9.pkl,1,False,0.01883886754512787
1s72.cif,2223,0,2223,CAGUGUUC,2381,,C,2388,,C,"0:2381,0:2382,0:2383,0:2384,0:2385,0:2386,0:2387,0:2388",GAT,exact-facility-location-gat_v9.pkl,1,False,0.0009011972579173744
1s72.cif,2224,0,2224,AGUGUUCU,2382,,A,2389,,U,"0:2382,0:2383,0:2384,0:2385,0:2386,0:2387,0:2388,0:2389",GAT,exact-facility-location-gat_v9.pkl,1,False,0.0009454960818402469
1s72.cif,2225,0,2225,GUGUUCUU,2383,,G,2390,,U,"0:2383,0:2384,0:2385,0:2386,0:2387,0:2388,0:2389,0:2390",GAT,exact-facility-location-gat_v9.pkl,1,False,0.0008703566854819655
1s72.cif,2226,0,2226,UGUUCUUC,2384,,U,2391,,C,"0:2384,0:2385,0:2386,0:2387,0:2388,0:2389,0:2390,0:2391",GAT,exact-facility-location-gat_v9.pkl,1,False,0.000915888580493629
1s72.cif,2227,0,2227,GUUCUUCC,2385,,G,2392,,C,"0:2385,0:2386,0:2387,0:2388,0:2389,0:2390,0:2391,0:2392",GAT,exact-facility-location-gat_v9.pkl,1,False,0.0006706402637064457
1s72.cif,2228,0,2228,UUCUUCCC,2386,,U,2393,,C,"0:2386,0:2387,0:2388,0:2389,0:2390,0:2391,0:2392,0:2393",GAT,exact-facility-location-gat_v9.pkl,1,False,0.0008319811895489693
1s72.cif,2229,0,2229,UCUUCCCA,2387,,U,2394,,A,"0:2387,0:2388,0:2389,0:2390,0:2391,0:2392,0:2393,0:2394",GAT,exact-facility-location-gat_v9.pkl,1,False,0.0019000654574483633
1s72.cif,2230,0,2230,CUUCCCAA,2388,,C,2395,,A,"0:2388,0:2389,0:2390,0:2391,0:2392,0:2393,0:2394,0:2395",GAT,exact-facility-location-gat_v9.pkl,1,False,0.0010156608186662197
1s72.cif,2231,0,2231,UUCCCAAC,2389,,U,2396,,C,"0:2389,0:2390,0:2391,0:2392,0:2393,0:2394,0:2395,0:2396",GAT,exact-facility-location-gat_v9.pkl,1,False,0.020041169598698616
1s72.cif,2232,0,2232,UCCCAACG,2390,,U,2397,,G,"0:2390,0:2391,0:2392,0:2393,0:2394,0:2395,0:2396,0:2397",GAT,exact-facility-location-gat_v9.pkl,1,False,0.03881526738405228
1s72.cif,2233,0,2233,CCCAACGA,2391,,C,2398,,A,"0:2391,0:2392,0:2393,0:2394,0:2395,0:2396,0:2397,0:2398",GAT,exact-facility-location-gat_v9.pkl,1,False,0.020576737821102142
1s72.cif,2234,0,2234,CCAACGAG,2392,,C,2399,,G,"0:2392,0:2393,0:2394,0:2395,0:2396,0:2397,0:2398,0:2399",GAT,exact-facility-location-gat_v9.pkl,1,False,0.006171819753944874
1s72.cif,2235,0,2235,CAACGAGG,2393,,C,2400,,G,"0:2393,0:2394,0:2395,0:2396,0:2397,0:2398,0:2399,0:2400",GAT,exact-facility-location-gat_v9.pkl,1,False,0.005570926237851381
1s72.cif,2236,0,2236,AACGAGGA,2394,,A,2401,,A,"0:2394,0:2395,0:2396,0:2397,0:2398,0:2399,0:2400,0:2401",GAT,exact-facility-location-gat_v9.pkl,1,False,0.005386697594076395
1s72.cif,2237,0,2237,ACGAGGAA,2395,,A,2402,,A,"0:2395,0:2396,0:2397,0:2398,0:2399,0:2400,0:2401,0:2402",GAT,exact-facility-location-gat_v9.pkl,1,False,0.005459435749799013
1s72.cif,2238,0,2238,CGAGGAAC,2396,,C,2403,,C,"0:2396,0:2397,0:2398,0:2399,0:2400,0:2401,0:2402,0:2403",GAT,exact-facility-location-gat_v9.pkl,1,False,0.00039858263335190713
1s72.cif,2239,0,2239,GAGGAACG,2397,,G,2404,,G,"0:2397,0:2398,0:2399,0:2400,0:2401,0:2402,0:2403,0:2404",GAT,exact-facility-location-gat_v9.pkl,1,False,0.0004989408771507442
1s72.cif,2240,0,2240,AGGAACGC,2398,,A,2405,,C,"0:2398,0:2399,0:2400,0:2401,0:2402,0:2403,0:2404,0:2405",GAT,exact-facility-location-gat_v9.pkl,1,False,0.000897750724107027
1s72.cif,2241,0,2241,GGAACGCU,2399,,G,2406,,U,"0:2399,0:2400,0:2401,0:2402,0:2403,0:2404,0:2405,0:2406",GAT,exact-facility-location-gat_v9.pkl,1,False,0.0009780755499377847
1s72.cif,2242,0,2242,GAACGCUG,2400,,G,2407,,G,"0:2400,0:2401,0:2402,0:2403,0:2404,0:2405,0:2406,0:2407",GAT,exact-facility-location-gat_v9.pkl,1,False,0.000632021576166153
1s72.cif,2243,0,2243,AACGCUGA,2401,,A,2408,,A,"0:2401,0:2402,0:2403,0:2404,0:2405,0:2406,0:2407,0:2408",GAT,exact-facility-location-gat_v9.pkl,1,False,0.0004973933682776988
1s72.cif,2244,0,2244,ACGCUGAC,2402,,A,2409,,C,"0:2402,0:2403,0:2404,0:2405,0:2406,0:2407,0:2408,0:2409",GAT,exact-facility-location-gat_v9.pkl,1,False,0.0007322915480472147
1s72.cif,2245,0,2245,CGCUGACG,2403,,C,2410,,G,"0:2403,0:2404,0:2405,0:2406,0:2407,0:2408,0:2409,0:2410",GAT,exact-facility-location-gat_v9.pkl,1,False,0.0024696867913007736
1s72.cif,2246,0,2246,GCUGACGC,2404,,G,2411,,C,"0:2404,0:2405,0:2406,0:2407,0:2408,0:2409,0:2410,0:2411",GAT,exact-facility-location-gat_v9.pkl,1,False,0.001604608609341085
1s72.cif,2247,0,2247,CUGACGCG,2405,,C,2412,,G,"0:2405,0:2406,0:2407,0:2408,0:2409,0:2410,0:2411,0:2412",GAT,exact-facility-location-gat_v9.pkl,1,False,0.000720406009349972
1s72.cif,2248,0,2248,UGACGCGA,2406,,U,2413,,A,"0:2406,0:2407,0:2408,0:2409,0:2410,0:2411,0:2412,0:2413",GAT,exact-facility-location-gat_v9.pkl,1,False,0.0004877962055616081
1s72.cif,2249,0,2249,GACGCGAA,2407,,G,2414,,A,"0:2407,0:2408,0:2409,0:2410,0:2411,0:2412,0:2413,0:2414",GAT,exact-facility-location-gat_v9.pkl,1,False,0.016695793718099594
1s72.cif,2250,0,2250,ACGCGAAA,2408,,A,2415,,A,"0:2408,0:2409,0:2410,0:2411,0:2412,0:2413,0:2414,0:2415",GAT,exact-facility-location-gat_v9.pkl,1,False,0.008817708119750023
1s72.cif,2251,0,2251,CGCGAAAG,2409,,C,2416,,G,"0:2409,0:2410,0:2411,0:2412,0:2413,0:2414,0:2415,0:2416",GAT,exact-facility-location-gat_v9.pkl,1,False,0.004712680354714394
1s72.cif,2252,0,2252,GCGAAAGC,2410,,G,2417,,C,"0:2410,0:2411,0:2412,0:2413,0:2414,0:2415,0:2416,0:2417",GAT,exact-facility-location-gat_v9.pkl,1,True,0.9629009366035461
1s72.cif,2253,0,2253,CGAAAGCG,2411,,C,2418,,G,"0:2411,0:2412,0:2413,0:2414,0:2415,0:2416,0:2417,0:2418",GAT,exact-facility-location-gat_v9.pkl,1,False,0.05052090808749199
1s72.cif,2254,0,2254,GAAAGCGU,2412,,G,2419,,U,"0:2412,0:2413,0:2414,0:2415,0:2416,0:2417,0:2418,0:2419",GAT,exact-facility-location-gat_v9.pkl,1,False,0.0006736551877111197
1s72.cif,2255,0,2255,AAAGCGUG,2413,,A,2420,,G,"0:2413,0:2414,0:2415,0:2416,0:2417,0:2418,0:2419,0:2420",GAT,exact-facility-location-gat_v9.pkl,1,False,2.4254632080555893e-05
1s72.cif,2256,0,2256,AAGCGUGG,2414,,A,2421,,G,"0:2414,0:2415,0:2416,0:2417,0:2418,0:2419,0:2420,0:2421",GAT,exact-facility-location-gat_v9.pkl,1,False,3.953477062168531e-05
1s72.cif,2257,0,2257,AGCGUGGU,2415,,A,2422,,U,"0:2415,0:2416,0:2417,0:2418,0:2419,0:2420,0:2421,0:2422",GAT,exact-facility-location-gat_v9.pkl,1,False,0.00023035137564875185
1s72.cif,2258,0,2258,GCGUGGUC,2416,,G,2423,,C,"0:2416,0:2417,0:2418,0:2419,0:2420,0:2421,0:2422,0:2423",GAT,exact-facility-location-gat_v9.pkl,1,False,0.0010405955836176872
1s72.cif,2259,0,2259,CGUGGUCU,2417,,C,2424,,U,"0:2417,0:2418,0:2419,0:2420,0:2421,0:2422,0:2423,0:2424",GAT,exact-facility-location-gat_v9.pkl,1,False,0.00020871724700555205
1s72.cif,2260,0,2260,GUGGUCUA,2418,,G,2425,,A,"0:2418,0:2419,0:2420,0:2421,0:2422,0:2423,0:2424,0:2425",GAT,exact-facility-location-gat_v9.pkl,1,False,0.00012077441351721063
1s72.cif,2261,0,2261,UGGUCUAG,2419,,U,2426,,G,"0:2419,0:2420,0:2421,0:2422,0:2423,0:2424,0:2425,0:2426",GAT,exact-facility-location-gat_v9.pkl,1,False,0.028827732428908348
1s72.cif,2262,0,2262,GGUCUAGC,2420,,G,2427,,C,"0:2420,0:2421,0:2422,0:2423,0:2424,0:2425,0:2426,0:2427",GAT,exact-facility-location-gat_v9.pkl,1,False,0.027725135907530785
1s72.cif,2263,0,2263,GUCUAGCG,2421,,G,2428,,G,"0:2421,0:2422,0:2423,0:2424,0:2425,0:2426,0:2427,0:2428",GAT,exact-facility-location-gat_v9.pkl,1,False,0.0002663175982888788
1s72.cif,2264,0,2264,UCUAGCGA,2422,,U,2429,,A,"0:2422,0:2423,0:2424,0:2425,0:2426,0:2427,0:2428,0:2429",GAT,exact-facility-location-gat_v9.pkl,1,False,0.000173472028109245
1s72.cif,2265,0,2265,CUAGCGAA,2423,,C,2430,,A,"0:2423,0:2424,0:2425,0:2426,0:2427,0:2428,0:2429,0:2430",GAT,exact-facility-location-gat_v9.pkl,1,False,0.000712893670424819
1s72.cif,2266,0,2266,UAGCGAAC,2424,,U,2431,,C,"0:2424,0:2425,0:2426,0:2427,0:2428,0:2429,0:2430,0:2431",GAT,exact-facility-location-gat_v9.pkl,1,False,0.00010019624460255727
1s72.cif,2267,0,2267,AGCGAACC,2425,,A,2432,,C,"0:2425,0:2426,0:2427,0:2428,0:2429,0:2430,0:2431,0:2432",GAT,exact-facility-location-gat_v9.pkl,1,False,0.00039307615952566266
1s72.cif,2268,0,2268,GCGAACCA,2426,,G,2433,,A,"0:2426,0:2427,0:2428,0:2429,0:2430,0:2431,0:2432,0:2433",GAT,exact-facility-location-gat_v9.pkl,1,False,0.0351879857480526
1s72.cif,2269,0,2269,CGAACCAA,2427,,C,2434,,A,"0:2427,0:2428,0:2429,0:2430,0:2431,0:2432,0:2433,0:2434",GAT,exact-facility-location-gat_v9.pkl,1,False,0.013479837216436863
1s72.cif,2270,0,2270,GAACCAAU,2428,,G,2435,,U,"0:2428,0:2429,0:2430,0:2431,0:2432,0:2433,0:2434,0:2435",GAT,exact-facility-location-gat_v9.pkl,1,False,0.0006244982942007482
1s72.cif,2271,0,2271,AACCAAUU,2429,,A,2436,,U,"0:2429,0:2430,0:2431,0:2432,0:2433,0:2434,0:2435,0:2436",GAT,exact-facility-location-gat_v9.pkl,1,False,0.0005089124315418303
1s72.cif,2272,0,2272,ACCAAUUA,2430,,A,2437,,A,"0:2430,0:2431,0:2432,0:2433,0:2434,0:2435,0:2436,0:2437",GAT,exact-facility-location-gat_v9.pkl,1,False,0.00041370102553628385
1s72.cif,2273,0,2273,CCAAUUAG,2431,,C,2438,,G,"0:2431,0:2432,0:2433,0:2434,0:2435,0:2436,0:2437,0:2438",GAT,exact-facility-location-gat_v9.pkl,1,False,0.0006442185840569437
1s72.cif,2274,0,2274,CAAUUAGC,2432,,C,2439,,C,"0:2432,0:2433,0:2434,0:2435,0:2436,0:2437,0:2438,0:2439",GAT,exact-facility-location-gat_v9.pkl,1,False,0.0016982678789645433
1s72.cif,2275,0,2275,AAUUAGCC,2433,,A,2440,,C,"0:2433,0:2434,0:2435,0:2436,0:2437,0:2438,0:2439,0:2440",GAT,exact-facility-location-gat_v9.pkl,1,False,0.010102181695401669
1s72.cif,2276,0,2276,AUUAGCCU,2434,,A,2441,,U,"0:2434,0:2435,0:2436,0:2437,0:2438,0:2439,0:2440,0:2441",GAT,exact-facility-location-gat_v9.pkl,1,False,0.012302796356379986
1s72.cif,2277,0,2277,UUAGCCUG,2435,,U,2442,,G,"0:2435,0:2436,0:2437,0:2438,0:2439,0:2440,0:2441,0:2442",GAT,exact-facility-location-gat_v9.pkl,1,False,0.004685543943196535
1s72.cif,2278,0,2278,UAGCCUGC,2436,,U,2443,,C,"0:2436,0:2437,0:2438,0:2439,0:2440,0:2441,0:2442,0:2443",GAT,exact-facility-location-gat_v9.pkl,1,False,0.0004095040203537792
1s72.cif,2279,0,2279,AGCCUGCU,2437,,A,2444,,U,"0:2437,0:2438,0:2439,0:2440,0:2441,0:2442,0:2443,0:2444",GAT,exact-facility-location-gat_v9.pkl,1,False,9.771568147698417e-05
1s72.cif,2280,0,2280,GCCUGCUU,2438,,G,2445,,U,"0:2438,0:2439,0:2440,0:2441,0:2442,0:2443,0:2444,0:2445",GAT,exact-facility-location-gat_v9.pkl,1,False,0.0014384243404492736
1s72.cif,2281,0,2281,CCUGCUUG,2439,,C,2446,,G,"0:2439,0:2440,0:2441,0:2442,0:2443,0:2444,0:2445,0:2446",GAT,exact-facility-location-gat_v9.pkl,1,False,0.009287639521062374
1s72.cif,2282,0,2282,CUGCUUGA,2440,,C,2447,,A,"0:2440,0:2441,0:2442,0:2443,0:2444,0:2445,0:2446,0:2447",GAT,exact-facility-location-gat_v9.pkl,1,False,0.011075424030423164
1s72.cif,2283,0,2283,UGCUUGAU,2441,,U,2448,,U,"0:2441,0:2442,0:2443,0:2444,0:2445,0:2446,0:2447,0:2448",GAT,exact-facility-location-gat_v9.pkl,1,False,0.03129797801375389
1s72.cif,2284,0,2284,GCUUGAUG,2442,,G,2449,,G,"0:2442,0:2443,0:2444,0:2445,0:2446,0:2447,0:2448,0:2449",GAT,exact-facility-location-gat_v9.pkl,1,False,0.08339101076126099
1s72.cif,2285,0,2285,CUUGAUGC,2443,,C,2450,,C,"0:2443,0:2444,0:2445,0:2446,0:2447,0:2448,0:2449,0:2450",GAT,exact-facility-location-gat_v9.pkl,1,False,0.011081760749220848
1s72.cif,2286,0,2286,UUGAUGCG,2444,,U,2451,,G,"0:2444,0:2445,0:2446,0:2447,0:2448,0:2449,0:2450,0:2451",GAT,exact-facility-location-gat_v9.pkl,1,False,0.001356680877506733
1s72.cif,2287,0,2287,UGAUGCGG,2445,,U,2452,,G,"0:2445,0:2446,0:2447,0:2448,0:2449,0:2450,0:2451,0:2452",GAT,exact-facility-location-gat_v9.pkl,1,False,0.000991233391687274
1s72.cif,2288,0,2288,GAUGCGGG,2446,,G,2453,,G,"0:2446,0:2447,0:2448,0:2449,0:2450,0:2451,0:2452,0:2453",GAT,exact-facility-location-gat_v9.pkl,1,False,0.0006047996575944126
1s72.cif,2289,0,2289,AUGCGGGC,2447,,A,2454,,C,"0:2447,0:2448,0:2449,0:2450,0:2451,0:2452,0:2453,0:2454",GAT,exact-facility-location-gat_v9.pkl,1,False,0.00042481839773245156
1s72.cif,2290,0,2290,UGCGGGCA,2448,,U,2455,,A,"0:2448,0:2449,0:2450,0:2451,0:2452,0:2453,0:2454,0:2455",GAT,exact-facility-location-gat_v9.pkl,1,False,0.0003523023915477097
1s72.cif,2291,0,2291,GCGGGCAA,2449,,G,2456,,A,"0:2449,0:2450,0:2451,0:2452,0:2453,0:2454,0:2455,0:2456",GAT,exact-facility-location-gat_v9.pkl,1,False,0.0004055148456245661
1s72.cif,2292,0,2292,CGGGCAAU,2450,,C,2457,,U,"0:2450,0:2451,0:2452,0:2453,0:2454,0:2455,0:2456,0:2457",GAT,exact-facility-location-gat_v9.pkl,1,False,0.0011514676734805107
1s72.cif,2293,0,2293,GGGCAAUU,2451,,G,2458,,U,"0:2451,0:2452,0:2453,0:2454,0:2455,0:2456,0:2457,0:2458",GAT,exact-facility-location-gat_v9.pkl,1,False,0.0017115387599915266
1s72.cif,2294,0,2294,GGCAAUUG,2452,,G,2459,,G,"0:2452,0:2453,0:2454,0:2455,0:2456,0:2457,0:2458,0:2459",GAT,exact-facility-location-gat_v9.pkl,1,False,0.001828292733989656
1s72.cif,2295,0,2295,GCAAUUGA,2453,,G,2460,,A,"0:2453,0:2454,0:2455,0:2456,0:2457,0:2458,0:2459,0:2460",GAT,exact-facility-location-gat_v9.pkl,1,False,0.0006337472004815936
1s72.cif,2296,0,2296,CAAUUGAU,2454,,C,2461,,U,"0:2454,0:2455,0:2456,0:2457,0:2458,0:2459,0:2460,0:2461",GAT,exact-facility-location-gat_v9.pkl,1,False,0.0009529790258966386
1s72.cif,2297,0,2297,AAUUGAUG,2455,,A,2462,,G,"0:2455,0:2456,0:2457,0:2458,0:2459,0:2460,0:2461,0:2462",GAT,exact-facility-location-gat_v9.pkl,1,False,0.0009269118891097605
1s72.cif,2298,0,2298,AUUGAUGA,2456,,A,2463,,A,"0:2456,0:2457,0:2458,0:2459,0:2460,0:2461,0:2462,0:2463",GAT,exact-facility-location-gat_v9.pkl,1,False,0.000147672210005112
1s72.cif,2299,0,2299,UUGAUGAC,2457,,U,2464,,C,"0:2457,0:2458,0:2459,0:2460,0:2461,0:2462,0:2463,0:2464",GAT,exact-facility-location-gat_v9.pkl,1,False,0.0008460890385322273
1s72.cif,2300,0,2300,UGAUGACA,2458,,U,2465,,A,"0:2458,0:2459,0:2460,0:2461,0:2462,0:2463,0:2464,0:2465",GAT,exact-facility-location-gat_v9.pkl,1,False,0.000944559695199132
1s72.cif,2301,0,2301,GAUGACAG,2459,,G,2466,,G,"0:2459,0:2460,0:2461,0:2462,0:2463,0:2464,0:2465,0:2466",GAT,exact-facility-location-gat_v9.pkl,1,False,0.001122686080634594
1s72.cif,2302,0,2302,AUGACAGA,2460,,A,2467,,A,"0:2460,0:2461,0:2462,0:2463,0:2464,0:2465,0:2466,0:2467",GAT,exact-facility-location-gat_v9.pkl,1,False,0.0011219526641070843
1s72.cif,2303,0,2303,UGACAGAA,2461,,U,2468,,A,"0:2461,0:2462,0:2463,0:2464,0:2465,0:2466,0:2467,0:2468",GAT,exact-facility-location-gat_v9.pkl,1,False,0.030067717656493187
1s72.cif,2304,0,2304,GACAGAAA,2462,,G,2469,,A,"0:2462,0:2463,0:2464,0:2465,0:2466,0:2467,0:2468,0:2469",GAT,exact-facility-location-gat_v9.pkl,1,False,0.007936987094581127
1s72.cif,2305,0,2305,ACAGAAAA,2463,,A,2470,,A,"0:2463,0:2464,0:2465,0:2466,0:2467,0:2468,0:2469,0:2470",GAT,exact-facility-location-gat_v9.pkl,1,False,0.0186633188277483
1s72.cif,2306,0,2306,CAGAAAAG,2464,,C,2471,,G,"0:2464,0:2465,0:2466,0:2467,0:2468,0:2469,0:2470,0:2471",GAT,exact-facility-location-gat_v9.pkl,1,False,0.0011350968852639198
1s72.cif,2307,0,2307,AGAAAAGC,2465,,A,2472,,C,"0:2465,0:2466,0:2467,0:2468,0:2469,0:2470,0:2471,0:2472",GAT,exact-facility-location-gat_v9.pkl,1,False,0.001357451779767871
1s72.cif,2308,0,2308,GAAAAGCU,2466,,G,2473,,U,"0:2466,0:2467,0:2468,0:2469,0:2470,0:2471,0:2472,0:2473",GAT,exact-facility-location-gat_v9.pkl,1,False,0.000738868082407862
1s72.cif,2309,0,2309,AAAAGCUA,2467,,A,2474,,A,"0:2467,0:2468,0:2469,0:2470,0:2471,0:2472,0:2473,0:2474",GAT,exact-facility-location-gat_v9.pkl,1,False,0.003147504758089781
1s72.cif,2310,0,2310,AAAGCUAC,2468,,A,2475,,C,"0:2468,0:2469,0:2470,0:2471,0:2472,0:2473,0:2474,0:2475",GAT,exact-facility-location-gat_v9.pkl,1,False,0.0006523382035084069
1s72.cif,2311,0,2311,AAGCUACC,2469,,A,2476,,C,"0:2469,0:2470,0:2471,0:2472,0:2473,0:2474,0:2475,0:2476",GAT,exact-facility-location-gat_v9.pkl,1,False,0.0019108842825517058
1s72.cif,2312,0,2312,AGCUACCC,2470,,A,2477,,C,"0:2470,0:2471,0:2472,0:2473,0:2474,0:2475,0:2476,0:2477",GAT,exact-facility-location-gat_v9.pkl,1,False,0.007145346142351627
1s72.cif,2313,0,2313,GCUACCCU,2471,,G,2478,,U,"0:2471,0:2472,0:2473,0:2474,0:2475,0:2476,0:2477,0:2478",GAT,exact-facility-location-gat_v9.pkl,1,False,0.004325254820287228
1s72.cif,2314,0,2314,CUACCCUA,2472,,C,2479,,A,"0:2472,0:2473,0:2474,0:2475,0:2476,0:2477,0:2478,0:2479",GAT,exact-facility-location-gat_v9.pkl,1,False,0.0009309554006904364
1s72.cif,2315,0,2315,UACCCUAG,2473,,U,2480,,G,"0:2473,0:2474,0:2475,0:2476,0:2477,0:2478,0:2479,0:2480",GAT,exact-facility-location-gat_v9.pkl,1,False,0.00700203375890851
1s72.cif,2316,0,2316,ACCCUAGG,2474,,A,2481,,G,"0:2474,0:2475,0:2476,0:2477,0:2478,0:2479,0:2480,0:2481",GAT,exact-facility-location-gat_v9.pkl,1,False,0.03942675143480301
1s72.cif,2317,0,2317,CCCUAGGG,2475,,C,2482,,G,"0:2475,0:2476,0:2477,0:2478,0:2479,0:2480,0:2481,0:2482",GAT,exact-facility-location-gat_v9.pkl,1,False,0.007489362731575966
1s72.cif,2318,0,2318,CCUAGGGA,2476,,C,2483,,A,"0:2476,0:2477,0:2478,0:2479,0:2480,0:2481,0:2482,0:2483",GAT,exact-facility-location-gat_v9.pkl,1,False,0.0027250770945101976
1s72.cif,2319,0,2319,CUAGGGAU,2477,,C,2484,,U,"0:2477,0:2478,0:2479,0:2480,0:2481,0:2482,0:2483,0:2484",GAT,exact-facility-location-gat_v9.pkl,1,False,0.0006830097991041839
1s72.cif,2320,0,2320,UAGGGAUA,2478,,U,2485,,A,"0:2478,0:2479,0:2480,0:2481,0:2482,0:2483,0:2484,0:2485",GAT,exact-facility-location-gat_v9.pkl,1,False,0.0026015935000032187
1s72.cif,2321,0,2321,AGGGAUAA,2479,,A,2486,,A,"0:2479,0:2480,0:2481,0:2482,0:2483,0:2484,0:2485,0:2486",GAT,exact-facility-location-gat_v9.pkl,1,False,0.0016771148657426238
1s72.cif,2322,0,2322,GGGAUAAC,2480,,G,2487,,C,"0:2480,0:2481,0:2482,0:2483,0:2484,0:2485,0:2486,0:2487",GAT,exact-facility-location-gat_v9.pkl,1,False,0.0007920420612208545
1s72.cif,2323,0,2323,GGAUAACA,2481,,G,2488,,A,"0:2481,0:2482,0:2483,0:2484,0:2485,0:2486,0:2487,0:2488",GAT,exact-facility-location-gat_v9.pkl,1,False,0.0021819646935909986
1s72.cif,2324,0,2324,GAUAACAG,2482,,G,2489,,G,"0:2482,0:2483,0:2484,0:2485,0:2486,0:2487,0:2488,0:2489",GAT,exact-facility-location-gat_v9.pkl,1,False,0.003951543010771275
1s72.cif,2325,0,2325,AUAACAGA,2483,,A,2490,,A,"0:2483,0:2484,0:2485,0:2486,0:2487,0:2488,0:2489,0:2490",GAT,exact-facility-location-gat_v9.pkl,1,False,0.0011260873870924115
1s72.cif,2326,0,2326,UAACAGAG,2484,,U,2491,,G,"0:2484,0:2485,0:2486,0:2487,0:2488,0:2489,0:2490,0:2491",GAT,exact-facility-location-gat_v9.pkl,1,False,0.0008941247942857444
1s72.cif,2327,0,2327,AACAGAGU,2485,,A,2492,,U,"0:2485,0:2486,0:2487,0:2488,0:2489,0:2490,0:2491,0:2492",GAT,exact-facility-location-gat_v9.pkl,1,False,0.0006261697271838784
1s72.cif,2328,0,2328,ACAGAGUC,2486,,A,2493,,C,"0:2486,0:2487,0:2488,0:2489,0:2490,0:2491,0:2492,0:2493",GAT,exact-facility-location-gat_v9.pkl,1,False,0.00039204832864925265
1s72.cif,2329,0,2329,CAGAGUCG,2487,,C,2494,,G,"0:2487,0:2488,0:2489,0:2490,0:2491,0:2492,0:2493,0:2494",GAT,exact-facility-location-gat_v9.pkl,1,False,0.007347144652158022
1s72.cif,2330,0,2330,AGAGUCGU,2488,,A,2495,,U,"0:2488,0:2489,0:2490,0:2491,0:2492,0:2493,0:2494,0:2495",GAT,exact-facility-location-gat_v9.pkl,1,False,0.004207844380289316
1s72.cif,2331,0,2331,GAGUCGUC,2489,,G,2496,,C,"0:2489,0:2490,0:2491,0:2492,0:2493,0:2494,0:2495,0:2496",GAT,exact-facility-location-gat_v9.pkl,1,False,0.009191682562232018
1s72.cif,2332,0,2332,AGUCGUCA,2490,,A,2497,,A,"0:2490,0:2491,0:2492,0:2493,0:2494,0:2495,0:2496,0:2497",GAT,exact-facility-location-gat_v9.pkl,1,False,0.002540735062211752
1s72.cif,2333,0,2333,GUCGUCAC,2491,,G,2498,,C,"0:2491,0:2492,0:2493,0:2494,0:2495,0:2496,0:2497,0:2498",GAT,exact-facility-location-gat_v9.pkl,1,False,0.0007777420687489212
1s72.cif,2334,0,2334,UCGUCACU,2492,,U,2499,,U,"0:2492,0:2493,0:2494,0:2495,0:2496,0:2497,0:2498,0:2499",GAT,exact-facility-location-gat_v9.pkl,1,False,0.0006742840050719678
1s72.cif,2335,0,2335,CGUCACUC,2493,,C,2500,,C,"0:2493,0:2494,0:2495,0:2496,0:2497,0:2498,0:2499,0:2500",GAT,exact-facility-location-gat_v9.pkl,1,False,0.0016267866594716907
1s72.cif,2336,0,2336,GUCACUCG,2494,,G,2501,,G,"0:2494,0:2495,0:2496,0:2497,0:2498,0:2499,0:2500,0:2501",GAT,exact-facility-location-gat_v9.pkl,1,False,0.0013719362905249
1s72.cif,2337,0,2337,UCACUCGC,2495,,U,2502,,C,"0:2495,0:2496,0:2497,0:2498,0:2499,0:2500,0:2501,0:2502",GAT,exact-facility-location-gat_v9.pkl,1,False,0.0006886536721140146
1s72.cif,2338,0,2338,CACUCGCA,2496,,C,2503,,A,"0:2496,0:2497,0:2498,0:2499,0:2500,0:2501,0:2502,0:2503",GAT,exact-facility-location-gat_v9.pkl,1,False,0.0003610525163821876
1s72.cif,2339,0,2339,ACUCGCAA,2497,,A,2504,,A,"0:2497,0:2498,0:2499,0:2500,0:2501,0:2502,0:2503,0:2504",GAT,exact-facility-location-gat_v9.pkl,1,False,0.00443735346198082
1s72.cif,2340,0,2340,CUCGCAAG,2498,,C,2505,,G,"0:2498,0:2499,0:2500,0:2501,0:2502,0:2503,0:2504,0:2505",GAT,exact-facility-location-gat_v9.pkl,1,False,0.003565587569028139
1s72.cif,2341,0,2341,UCGCAAGA,2499,,U,2506,,A,"0:2499,0:2500,0:2501,0:2502,0:2503,0:2504,0:2505,0:2506",GAT,exact-facility-location-gat_v9.pkl,1,False,0.005959390662610531
1s72.cif,2342,0,2342,CGCAAGAG,2500,,C,2507,,G,"0:2500,0:2501,0:2502,0:2503,0:2504,0:2505,0:2506,0:2507",GAT,exact-facility-location-gat_v9.pkl,1,False,0.0028674255590885878
1s72.cif,2343,0,2343,GCAAGAGC,2501,,G,2508,,C,"0:2501,0:2502,0:2503,0:2504,0:2505,0:2506,0:2507,0:2508",GAT,exact-facility-location-gat_v9.pkl,1,False,0.0003011051448993385
1s72.cif,2344,0,2344,CAAGAGCA,2502,,C,2509,,A,"0:2502,0:2503,0:2504,0:2505,0:2506,0:2507,0:2508,0:2509",GAT,exact-facility-location-gat_v9.pkl,1,False,0.0008795995381660759
1s72.cif,2345,0,2345,AAGAGCAC,2503,,A,2510,,C,"0:2503,0:2504,0:2505,0:2506,0:2507,0:2508,0:2509,0:2510",GAT,exact-facility-location-gat_v9.pkl,1,False,0.008442500606179237
1s72.cif,2346,0,2346,AGAGCACA,2504,,A,2511,,A,"0:2504,0:2505,0:2506,0:2507,0:2508,0:2509,0:2510,0:2511",GAT,exact-facility-location-gat_v9.pkl,1,False,0.019827168434858322
1s72.cif,2347,0,2347,GAGCACAU,2505,,G,2512,,U,"0:2505,0:2506,0:2507,0:2508,0:2509,0:2510,0:2511,0:2512",GAT,exact-facility-location-gat_v9.pkl,1,False,0.11794769763946533
1s72.cif,2348,0,2348,AGCACAUA,2506,,A,2513,,A,"0:2506,0:2507,0:2508,0:2509,0:2510,0:2511,0:2512,0:2513",GAT,exact-facility-location-gat_v9.pkl,1,False,0.0016550786094740033
1s72.cif,2349,0,2349,GCACAUAU,2507,,G,2514,,U,"0:2507,0:2508,0:2509,0:2510,0:2511,0:2512,0:2513,0:2514",GAT,exact-facility-location-gat_v9.pkl,1,False,0.031777072697877884
1s72.cif,2350,0,2350,CACAUAUC,2508,,C,2515,,C,"0:2508,0:2509,0:2510,0:2511,0:2512,0:2513,0:2514,0:2515",GAT,exact-facility-location-gat_v9.pkl,1,False,0.014159965328872204
1s72.cif,2351,0,2351,ACAUAUCG,2509,,A,2516,,G,"0:2509,0:2510,0:2511,0:2512,0:2513,0:2514,0:2515,0:2516",GAT,exact-facility-location-gat_v9.pkl,1,False,0.0009719330701045692
1s72.cif,2352,0,2352,CAUAUCGA,2510,,C,2517,,A,"0:2510,0:2511,0:2512,0:2513,0:2514,0:2515,0:2516,0:2517",GAT,exact-facility-location-gat_v9.pkl,1,False,0.004947936162352562
1s72.cif,2353,0,2353,AUAUCGAC,2511,,A,2518,,C,"0:2511,0:2512,0:2513,0:2514,0:2515,0:2516,0:2517,0:2518",GAT,exact-facility-location-gat_v9.pkl,1,False,0.0041571022011339664
1s72.cif,2354,0,2354,UAUCGACC,2512,,U,2519,,C,"0:2512,0:2513,0:2514,0:2515,0:2516,0:2517,0:2518,0:2519",GAT,exact-facility-location-gat_v9.pkl,1,False,0.001009616767987609
1s72.cif,2355,0,2355,AUCGACCG,2513,,A,2520,,G,"0:2513,0:2514,0:2515,0:2516,0:2517,0:2518,0:2519,0:2520",GAT,exact-facility-location-gat_v9.pkl,1,False,0.001038914080709219
1s72.cif,2356,0,2356,UCGACCGA,2514,,U,2521,,A,"0:2514,0:2515,0:2516,0:2517,0:2518,0:2519,0:2520,0:2521",GAT,exact-facility-location-gat_v9.pkl,1,False,0.002524265553802252
1s72.cif,2357,0,2357,CGACCGAG,2515,,C,2522,,G,"0:2515,0:2516,0:2517,0:2518,0:2519,0:2520,0:2521,0:2522",GAT,exact-facility-location-gat_v9.pkl,1,False,0.00723222317174077
1s72.cif,2358,0,2358,GACCGAGU,2516,,G,2523,,U,"0:2516,0:2517,0:2518,0:2519,0:2520,0:2521,0:2522,0:2523",GAT,exact-facility-location-gat_v9.pkl,1,False,0.0018871499923989177
1s72.cif,2359,0,2359,ACCGAGUG,2517,,A,2524,,G,"0:2517,0:2518,0:2519,0:2520,0:2521,0:2522,0:2523,0:2524",GAT,exact-facility-location-gat_v9.pkl,1,False,0.0013705622404813766
1s72.cif,2360,0,2360,CCGAGUGG,2518,,C,2525,,G,"0:2518,0:2519,0:2520,0:2521,0:2522,0:2523,0:2524,0:2525",GAT,exact-facility-location-gat_v9.pkl,1,False,0.0004770085506606847
1s72.cif,2361,0,2361,CGAGUGGC,2519,,C,2526,,C,"0:2519,0:2520,0:2521,0:2522,0:2523,0:2524,0:2525,0:2526",GAT,exact-facility-location-gat_v9.pkl,1,False,0.009491637349128723
1s72.cif,2362,0,2362,GAGUGGCU,2520,,G,2527,,U,"0:2520,0:2521,0:2522,0:2523,0:2524,0:2525,0:2526,0:2527",GAT,exact-facility-location-gat_v9.pkl,1,False,0.0023775785230100155
1s72.cif,2363,0,2363,AGUGGCUU,2521,,A,2528,,U,"0:2521,0:2522,0:2523,0:2524,0:2525,0:2526,0:2527,0:2528",GAT,exact-facility-location-gat_v9.pkl,1,False,0.011172940954566002
1s72.cif,2364,0,2364,GUGGCUUG,2522,,G,2529,,G,"0:2522,0:2523,0:2524,0:2525,0:2526,0:2527,0:2528,0:2529",GAT,exact-facility-location-gat_v9.pkl,1,False,0.005482809618115425
1s72.cif,2365,0,2365,UGGCUUGC,2523,,U,2530,,C,"0:2523,0:2524,0:2525,0:2526,0:2527,0:2528,0:2529,0:2530",GAT,exact-facility-location-gat_v9.pkl,1,False,0.0017069951863959432
1s72.cif,2366,0,2366,GGCUUGCU,2524,,G,2531,,U,"0:2524,0:2525,0:2526,0:2527,0:2528,0:2529,0:2530,0:2531",GAT,exact-facility-location-gat_v9.pkl,1,False,0.0012080409796908498
1s72.cif,2367,0,2367,GCUUGCUA,2525,,G,2532,,A,"0:2525,0:2526,0:2527,0:2528,0:2529,0:2530,0:2531,0:2532",GAT,exact-facility-location-gat_v9.pkl,1,False,0.000700774195138365
1s72.cif,2368,0,2368,CUUGCUAC,2526,,C,2533,,C,"0:2526,0:2527,0:2528,0:2529,0:2530,0:2531,0:2532,0:2533",GAT,exact-facility-location-gat_v9.pkl,1,False,0.00596241420134902
1s72.cif,2369,0,2369,UUGCUACC,2527,,U,2534,,C,"0:2527,0:2528,0:2529,0:2530,0:2531,0:2532,0:2533,0:2534",GAT,exact-facility-location-gat_v9.pkl,1,False,0.002926105633378029
1s72.cif,2370,0,2370,UGCUACCU,2528,,U,2535,,U,"0:2528,0:2529,0:2530,0:2531,0:2532,0:2533,0:2534,0:2535",GAT,exact-facility-location-gat_v9.pkl,1,False,0.006506355945020914
1s72.cif,2371,0,2371,GCUACCUC,2529,,G,2536,,C,"0:2529,0:2530,0:2531,0:2532,0:2533,0:2534,0:2535,0:2536",GAT,exact-facility-location-gat_v9.pkl,1,False,0.0023223492316901684
1s72.cif,2372,0,2372,CUACCUCG,2530,,C,2537,,G,"0:2530,0:2531,0:2532,0:2533,0:2534,0:2535,0:2536,0:2537",GAT,exact-facility-location-gat_v9.pkl,1,False,0.0004420802288223058
1s72.cif,2373,0,2373,UACCUCGA,2531,,U,2538,,A,"0:2531,0:2532,0:2533,0:2534,0:2535,0:2536,0:2537,0:2538",GAT,exact-facility-location-gat_v9.pkl,1,False,0.00047977373469620943
1s72.cif,2374,0,2374,ACCUCGAU,2532,,A,2539,,U,"0:2532,0:2533,0:2534,0:2535,0:2536,0:2537,0:2538,0:2539",GAT,exact-facility-location-gat_v9.pkl,1,False,0.00026757793966680765
1s72.cif,2375,0,2375,CCUCGAUG,2533,,C,2540,,G,"0:2533,0:2534,0:2535,0:2536,0:2537,0:2538,0:2539,0:2540",GAT,exact-facility-location-gat_v9.pkl,1,False,0.0004922644584439695
1s72.cif,2376,0,2376,CUCGAUGU,2534,,C,2541,,U,"0:2534,0:2535,0:2536,0:2537,0:2538,0:2539,0:2540,0:2541",GAT,exact-facility-location-gat_v9.pkl,1,False,0.00031290148035623133
1s72.cif,2377,0,2377,UCGAUGUC,2535,,U,2542,,C,"0:2535,0:2536,0:2537,0:2538,0:2539,0:2540,0:2541,0:2542",GAT,exact-facility-location-gat_v9.pkl,1,False,0.0005859994562342763
1s72.cif,2378,0,2378,CGAUGUCG,2536,,C,2543,,G,"0:2536,0:2537,0:2538,0:2539,0:2540,0:2541,0:2542,0:2543",GAT,exact-facility-location-gat_v9.pkl,1,False,3.188174741808325e-05
1s72.cif,2379,0,2379,GAUGUCGG,2537,,G,2544,,G,"0:2537,0:2538,0:2539,0:2540,0:2541,0:2542,0:2543,0:2544",GAT,exact-facility-location-gat_v9.pkl,1,False,5.337219772627577e-05
1s72.cif,2380,0,2380,AUGUCGGU,2538,,A,2545,,U,"0:2538,0:2539,0:2540,0:2541,0:2542,0:2543,0:2544,0:2545",GAT,exact-facility-location-gat_v9.pkl,1,False,0.0001981063833227381
1s72.cif,2381,0,2381,UGUCGGUU,2539,,U,2546,,U,"0:2539,0:2540,0:2541,0:2542,0:2543,0:2544,0:2545,0:2546",GAT,exact-facility-location-gat_v9.pkl,1,False,0.078202985227108
1s72.cif,2382,0,2382,GUCGGUUC,2540,,G,2547,,C,"0:2540,0:2541,0:2542,0:2543,0:2544,0:2545,0:2546,0:2547",GAT,exact-facility-location-gat_v9.pkl,1,False,0.0009930809028446674
1s72.cif,2383,0,2383,UCGGUUCC,2541,,U,2548,,C,"0:2541,0:2542,0:2543,0:2544,0:2545,0:2546,0:2547,0:2548",GAT,exact-facility-location-gat_v9.pkl,1,False,0.00043106486555188894
1s72.cif,2384,0,2384,CGGUUCCC,2542,,C,2549,,C,"0:2542,0:2543,0:2544,0:2545,0:2546,0:2547,0:2548,0:2549",GAT,exact-facility-location-gat_v9.pkl,1,False,0.0007623996352776885
1s72.cif,2385,0,2385,GGUUCCCU,2543,,G,2550,,U,"0:2543,0:2544,0:2545,0:2546,0:2547,0:2548,0:2549,0:2550",GAT,exact-facility-location-gat_v9.pkl,1,False,0.0017167724436149001
1s72.cif,2386,0,2386,GUUCCCUC,2544,,G,2551,,C,"0:2544,0:2545,0:2546,0:2547,0:2548,0:2549,0:2550,0:2551",GAT,exact-facility-location-gat_v9.pkl,1,False,0.0029314542189240456
1s72.cif,2387,0,2387,UUCCCUCC,2545,,U,2552,,C,"0:2545,0:2546,0:2547,0:2548,0:2549,0:2550,0:2551,0:2552",GAT,exact-facility-location-gat_v9.pkl,1,False,0.0009098371956497431
1s72.cif,2388,0,2388,UCCCUCCA,2546,,U,2553,,A,"0:2546,0:2547,0:2548,0:2549,0:2550,0:2551,0:2552,0:2553",GAT,exact-facility-location-gat_v9.pkl,1,False,0.002947909524664283
1s72.cif,2389,0,2389,CCCUCCAU,2547,,C,2554,,U,"0:2547,0:2548,0:2549,0:2550,0:2551,0:2552,0:2553,0:2554",GAT,exact-facility-location-gat_v9.pkl,1,False,0.002507800003513694
1s72.cif,2390,0,2390,CCUCCAUC,2548,,C,2555,,C,"0:2548,0:2549,0:2550,0:2551,0:2552,0:2553,0:2554,0:2555",GAT,exact-facility-location-gat_v9.pkl,1,False,0.03255751356482506
1s72.cif,2391,0,2391,CUCCAUCC,2549,,C,2556,,C,"0:2549,0:2550,0:2551,0:2552,0:2553,0:2554,0:2555,0:2556",GAT,exact-facility-location-gat_v9.pkl,1,False,0.010629244148731232
1s72.cif,2392,0,2392,UCCAUCCU,2550,,U,2557,,U,"0:2550,0:2551,0:2552,0:2553,0:2554,0:2555,0:2556,0:2557",GAT,exact-facility-location-gat_v9.pkl,1,False,0.005025964230298996
1s72.cif,2393,0,2393,CCAUCCUG,2551,,C,2558,,G,"0:2551,0:2552,0:2553,0:2554,0:2555,0:2556,0:2557,0:2558",GAT,exact-facility-location-gat_v9.pkl,1,False,0.0020968145690858364
1s72.cif,2394,0,2394,CAUCCUGC,2552,,C,2559,,C,"0:2552,0:2553,0:2554,0:2555,0:2556,0:2557,0:2558,0:2559",GAT,exact-facility-location-gat_v9.pkl,1,False,0.0012087973300367594
1s72.cif,2395,0,2395,AUCCUGCC,2553,,A,2560,,C,"0:2553,0:2554,0:2555,0:2556,0:2557,0:2558,0:2559,0:2560",GAT,exact-facility-location-gat_v9.pkl,1,False,0.0022170888260006905
1s72.cif,2396,0,2396,UCCUGCCC,2554,,U,2561,,C,"0:2554,0:2555,0:2556,0:2557,0:2558,0:2559,0:2560,0:2561",GAT,exact-facility-location-gat_v9.pkl,1,False,0.0017746995436027646
1s72.cif,2397,0,2397,CCUGCCCG,2555,,C,2562,,G,"0:2555,0:2556,0:2557,0:2558,0:2559,0:2560,0:2561,0:2562",GAT,exact-facility-location-gat_v9.pkl,1,False,0.001436618622392416
1s72.cif,2398,0,2398,CUGCCCGU,2556,,C,2563,,U,"0:2556,0:2557,0:2558,0:2559,0:2560,0:2561,0:2562,0:2563",GAT,exact-facility-location-gat_v9.pkl,1,False,0.001039416529238224
1s72.cif,2399,0,2399,UGCCCGUG,2557,,U,2564,,G,"0:2557,0:2558,0:2559,0:2560,0:2561,0:2562,0:2563,0:2564",GAT,exact-facility-location-gat_v9.pkl,1,False,0.0005449015880003572
1s72.cif,2400,0,2400,GCCCGUGC,2558,,G,2565,,C,"0:2558,0:2559,0:2560,0:2561,0:2562,0:2563,0:2564,0:2565",GAT,exact-facility-location-gat_v9.pkl,1,False,0.0017528148600831628
1s72.cif,2401,0,2401,CCCGUGCA,2559,,C,2566,,A,"0:2559,0:2560,0:2561,0:2562,0:2563,0:2564,0:2565,0:2566",GAT,exact-facility-location-gat_v9.pkl,1,False,0.002334338380023837
1s72.cif,2402,0,2402,CCGUGCAG,2560,,C,2567,,G,"0:2560,0:2561,0:2562,0:2563,0:2564,0:2565,0:2566,0:2567",GAT,exact-facility-location-gat_v9.pkl,1,False,0.00030067827901802957
1s72.cif,2403,0,2403,CGUGCAGA,2561,,C,2568,,A,"0:2561,0:2562,0:2563,0:2564,0:2565,0:2566,0:2567,0:2568",GAT,exact-facility-location-gat_v9.pkl,1,False,0.000381319725420326
1s72.cif,2404,0,2404,GUGCAGAA,2562,,G,2569,,A,"0:2562,0:2563,0:2564,0:2565,0:2566,0:2567,0:2568,0:2569",GAT,exact-facility-location-gat_v9.pkl,1,False,0.001934207626618445
1s72.cif,2405,0,2405,UGCAGAAG,2563,,U,2570,,G,"0:2563,0:2564,0:2565,0:2566,0:2567,0:2568,0:2569,0:2570",GAT,exact-facility-location-gat_v9.pkl,1,False,0.10069718211889267
1s72.cif,2406,0,2406,GCAGAAGC,2564,,G,2571,,C,"0:2564,0:2565,0:2566,0:2567,0:2568,0:2569,0:2570,0:2571",GAT,exact-facility-location-gat_v9.pkl,1,False,0.028361288830637932
1s72.cif,2407,0,2407,CAGAAGCG,2565,,C,2572,,G,"0:2565,0:2566,0:2567,0:2568,0:2569,0:2570,0:2571,0:2572",GAT,exact-facility-location-gat_v9.pkl,1,False,0.012109206058084965
1s72.cif,2408,0,2408,AGAAGCGG,2566,,A,2573,,G,"0:2566,0:2567,0:2568,0:2569,0:2570,0:2571,0:2572,0:2573",GAT,exact-facility-location-gat_v9.pkl,1,False,0.00031686952570453286
1s72.cif,2409,0,2409,GAAGCGGG,2567,,G,2574,,G,"0:2567,0:2568,0:2569,0:2570,0:2571,0:2572,0:2573,0:2574",GAT,exact-facility-location-gat_v9.pkl,1,False,0.0006507421494461596
1s72.cif,2410,0,2410,AAGCGGGC,2568,,A,2575,,C,"0:2568,0:2569,0:2570,0:2571,0:2572,0:2573,0:2574,0:2575",GAT,exact-facility-location-gat_v9.pkl,1,False,0.0010284411255270243
1s72.cif,2411,0,2411,AGCGGGCA,2569,,A,2576,,A,"0:2569,0:2570,0:2571,0:2572,0:2573,0:2574,0:2575,0:2576",GAT,exact-facility-location-gat_v9.pkl,1,False,0.0008990921196527779
1s72.cif,2412,0,2412,GCGGGCAA,2570,,G,2577,,A,"0:2570,0:2571,0:2572,0:2573,0:2574,0:2575,0:2576,0:2577",GAT,exact-facility-location-gat_v9.pkl,1,False,0.0003600349591579288
1s72.cif,2413,0,2413,CGGGCAAG,2571,,C,2578,,G,"0:2571,0:2572,0:2573,0:2574,0:2575,0:2576,0:2577,0:2578",GAT,exact-facility-location-gat_v9.pkl,1,False,0.008047396317124367
1s72.cif,2414,0,2414,GGGCAAGG,2572,,G,2579,,G,"0:2572,0:2573,0:2574,0:2575,0:2576,0:2577,0:2578,0:2579",GAT,exact-facility-location-gat_v9.pkl,1,False,0.0019327870104461908
1s72.cif,2415,0,2415,GGCAAGGG,2573,,G,2580,,G,"0:2573,0:2574,0:2575,0:2576,0:2577,0:2578,0:2579,0:2580",GAT,exact-facility-location-gat_v9.pkl,1,False,0.004052790347486734
1s72.cif,2416,0,2416,GCAAGGGU,2574,,G,2581,,U,"0:2574,0:2575,0:2576,0:2577,0:2578,0:2579,0:2580,0:2581",GAT,exact-facility-location-gat_v9.pkl,1,False,0.002607869217172265
1s72.cif,2417,0,2417,CAAGGGUG,2575,,C,2582,,G,"0:2575,0:2576,0:2577,0:2578,0:2579,0:2580,0:2581,0:2582",GAT,exact-facility-location-gat_v9.pkl,1,False,0.0006754944915883243
1s72.cif,2418,0,2418,AAGGGUGA,2576,,A,2583,,A,"0:2576,0:2577,0:2578,0:2579,0:2580,0:2581,0:2582,0:2583",GAT,exact-facility-location-gat_v9.pkl,1,False,6.898293122503674e-06
1s72.cif,2419,0,2419,AGGGUGAG,2577,,A,2584,,G,"0:2577,0:2578,0:2579,0:2580,0:2581,0:2582,0:2583,0:2584",GAT,exact-facility-location-gat_v9.pkl,1,False,5.109945504955249e-06
1s72.cif,2420,0,2420,GGGUGAGG,2578,,G,2585,,G,"0:2578,0:2579,0:2580,0:2581,0:2582,0:2583,0:2584,0:2585",GAT,exact-facility-location-gat_v9.pkl,1,False,1.618992791918572e-05
1s72.cif,2421,0,2421,GGUGAGGU,2579,,G,2586,,U,"0:2579,0:2580,0:2581,0:2582,0:2583,0:2584,0:2585,0:2586",GAT,exact-facility-location-gat_v9.pkl,1,False,0.00036387715954333544
1s72.cif,2422,0,2422,GUGAGGUU,2580,,G,2587,,OMU,"0:2580,0:2581,0:2582,0:2583,0:2584,0:2585,0:2586,0:2587",GAT,exact-facility-location-gat_v9.pkl,1,False,0.0038303888868540525
1s72.cif,2423,0,2423,UGAGGUUG,2581,,U,2588,,OMG,"0:2581,0:2582,0:2583,0:2584,0:2585,0:2586,0:2587,0:2588",GAT,exact-facility-location-gat_v9.pkl,1,False,0.0005520538543350995
1s72.cif,2424,0,2424,GAGGUUGU,2582,,G,2589,,U,"0:2582,0:2583,0:2584,0:2585,0:2586,0:2587,0:2588,0:2589",GAT,exact-facility-location-gat_v9.pkl,1,False,0.022192301228642464
1s72.cif,2425,0,2425,AGGUUGUU,2583,,A,2590,,U,"0:2583,0:2584,0:2585,0:2586,0:2587,0:2588,0:2589,0:2590",GAT,exact-facility-location-gat_v9.pkl,1,False,0.002713663736358285
1s72.cif,2426,0,2426,GGUUGUUC,2584,,G,2591,,C,"0:2584,0:2585,0:2586,0:2587,0:2588,0:2589,0:2590,0:2591",GAT,exact-facility-location-gat_v9.pkl,1,False,0.0014214070979505777
1s72.cif,2427,0,2427,GUUGUUCG,2585,,G,2592,,G,"0:2585,0:2586,0:2587,0:2588,0:2589,0:2590,0:2591,0:2592",GAT,exact-facility-location-gat_v9.pkl,1,False,0.1082955077290535
1s72.cif,2428,0,2428,UUGUUCGC,2586,,U,2593,,C,"0:2586,0:2587,0:2588,0:2589,0:2590,0:2591,0:2592,0:2593",GAT,exact-facility-location-gat_v9.pkl,1,False,0.0563204362988472
1s72.cif,2429,0,2429,UGUUCGCC,2587,,OMU,2594,,C,"0:2587,0:2588,0:2589,0:2590,0:2591,0:2592,0:2593,0:2594",GAT,exact-facility-location-gat_v9.pkl,1,False,0.005807292647659779
1s72.cif,2430,0,2430,GUUCGCCU,2588,,OMG,2595,,U,"0:2588,0:2589,0:2590,0:2591,0:2592,0:2593,0:2594,0:2595",GAT,exact-facility-location-gat_v9.pkl,1,False,0.001991856377571821
1s72.cif,2431,0,2431,UUCGCCUA,2589,,U,2596,,A,"0:2589,0:2590,0:2591,0:2592,0:2593,0:2594,0:2595,0:2596",GAT,exact-facility-location-gat_v9.pkl,1,False,0.0004959114012308419
1s72.cif,2432,0,2432,UCGCCUAU,2590,,U,2597,,U,"0:2590,0:2591,0:2592,0:2593,0:2594,0:2595,0:2596,0:2597",GAT,exact-facility-location-gat_v9.pkl,1,False,0.0007170792086981237
1s72.cif,2433,0,2433,CGCCUAUU,2591,,C,2598,,U,"0:2591,0:2592,0:2593,0:2594,0:2595,0:2596,0:2597,0:2598",GAT,exact-facility-location-gat_v9.pkl,1,False,0.0010526117403060198
1s72.cif,2434,0,2434,GCCUAUUA,2592,,G,2599,,A,"0:2592,0:2593,0:2594,0:2595,0:2596,0:2597,0:2598,0:2599",GAT,exact-facility-location-gat_v9.pkl,1,False,0.0005742993671447039
1s72.cif,2435,0,2435,CCUAUUAA,2593,,C,2600,,A,"0:2593,0:2594,0:2595,0:2596,0:2597,0:2598,0:2599,0:2600",GAT,exact-facility-location-gat_v9.pkl,1,False,0.02512362040579319
1s72.cif,2436,0,2436,CUAUUAAA,2594,,C,2601,,A,"0:2594,0:2595,0:2596,0:2597,0:2598,0:2599,0:2600,0:2601",GAT,exact-facility-location-gat_v9.pkl,1,False,0.07815268635749817
1s72.cif,2437,0,2437,UAUUAAAG,2595,,U,2602,,G,"0:2595,0:2596,0:2597,0:2598,0:2599,0:2600,0:2601,0:2602",GAT,exact-facility-location-gat_v9.pkl,1,False,0.007836626842617989
1s72.cif,2438,0,2438,AUUAAAGG,2596,,A,2603,,G,"0:2596,0:2597,0:2598,0:2599,0:2600,0:2601,0:2602,0:2603",GAT,exact-facility-location-gat_v9.pkl,1,False,5.1636845455504954e-05
1s72.cif,2439,0,2439,UUAAAGGA,2597,,U,2604,,A,"0:2597,0:2598,0:2599,0:2600,0:2601,0:2602,0:2603,0:2604",GAT,exact-facility-location-gat_v9.pkl,1,False,1.5000666280684527e-05
1s72.cif,2440,0,2440,UAAAGGAG,2598,,U,2605,,G,"0:2598,0:2599,0:2600,0:2601,0:2602,0:2603,0:2604,0:2605",GAT,exact-facility-location-gat_v9.pkl,1,False,0.00018943128816317767
1s72.cif,2441,0,2441,AAAGGAGG,2599,,A,2606,,G,"0:2599,0:2600,0:2601,0:2602,0:2603,0:2604,0:2605,0:2606",GAT,exact-facility-location-gat_v9.pkl,1,False,0.0030188891105353832
1s72.cif,2442,0,2442,AAGGAGGU,2600,,A,2607,,U,"0:2600,0:2601,0:2602,0:2603,0:2604,0:2605,0:2606,0:2607",GAT,exact-facility-location-gat_v9.pkl,1,False,0.003237406024709344
1s72.cif,2443,0,2443,AGGAGGUC,2601,,A,2608,,C,"0:2601,0:2602,0:2603,0:2604,0:2605,0:2606,0:2607,0:2608",GAT,exact-facility-location-gat_v9.pkl,1,False,0.002586394315585494
1s72.cif,2444,0,2444,GGAGGUCG,2602,,G,2609,,G,"0:2602,0:2603,0:2604,0:2605,0:2606,0:2607,0:2608,0:2609",GAT,exact-facility-location-gat_v9.pkl,1,False,0.007636404130607843
1s72.cif,2445,0,2445,GAGGUCGU,2603,,G,2610,,U,"0:2603,0:2604,0:2605,0:2606,0:2607,0:2608,0:2609,0:2610",GAT,exact-facility-location-gat_v9.pkl,1,False,0.0006720284000039101
1s72.cif,2446,0,2446,AGGUCGUG,2604,,A,2611,,G,"0:2604,0:2605,0:2606,0:2607,0:2608,0:2609,0:2610,0:2611",GAT,exact-facility-location-gat_v9.pkl,1,False,4.261884168954566e-05
1s72.cif,2447,0,2447,GGUCGUGA,2605,,G,2612,,A,"0:2605,0:2606,0:2607,0:2608,0:2609,0:2610,0:2611,0:2612",GAT,exact-facility-location-gat_v9.pkl,1,False,0.00010970319272018969
1s72.cif,2448,0,2448,GUCGUGAG,2606,,G,2613,,G,"0:2606,0:2607,0:2608,0:2609,0:2610,0:2611,0:2612,0:2613",GAT,exact-facility-location-gat_v9.pkl,1,False,0.0007085134857334197
1s72.cif,2449,0,2449,UCGUGAGC,2607,,U,2614,,C,"0:2607,0:2608,0:2609,0:2610,0:2611,0:2612,0:2613,0:2614",GAT,exact-facility-location-gat_v9.pkl,1,False,0.0004090469446964562
1s72.cif,2450,0,2450,CGUGAGCU,2608,,C,2615,,U,"0:2608,0:2609,0:2610,0:2611,0:2612,0:2613,0:2614,0:2615",GAT,exact-facility-location-gat_v9.pkl,1,False,0.0007517646881751716
1s72.cif,2451,0,2451,GUGAGCUG,2609,,G,2616,,G,"0:2609,0:2610,0:2611,0:2612,0:2613,0:2614,0:2615,0:2616",GAT,exact-facility-location-gat_v9.pkl,1,False,0.0006970691028982401
1s72.cif,2452,0,2452,UGAGCUGG,2610,,U,2617,,G,"0:2610,0:2611,0:2612,0:2613,0:2614,0:2615,0:2616,0:2617",GAT,exact-facility-location-gat_v9.pkl,1,False,0.0027169561944901943
1s72.cif,2453,0,2453,GAGCUGGG,2611,,G,2618,,G,"0:2611,0:2612,0:2613,0:2614,0:2615,0:2616,0:2617,0:2618",GAT,exact-facility-location-gat_v9.pkl,1,False,0.0021712458692491055
1s72.cif,2454,0,2454,AGCUGGGU,2612,,A,2619,,UR3,"0:2612,0:2613,0:2614,0:2615,0:2616,0:2617,0:2618,0:2619",GAT,exact-facility-location-gat_v9.pkl,1,False,0.007420740555971861
1s72.cif,2455,0,2455,GCUGGGUU,2613,,G,2620,,U,"0:2613,0:2614,0:2615,0:2616,0:2617,0:2618,0:2619,0:2620",GAT,exact-facility-location-gat_v9.pkl,1,False,0.0025021082255989313
1s72.cif,2456,0,2456,CUGGGUUU,2614,,C,2621,,PSU,"0:2614,0:2615,0:2616,0:2617,0:2618,0:2619,0:2620,0:2621",GAT,exact-facility-location-gat_v9.pkl,1,False,0.0004624016582965851
1s72.cif,2457,0,2457,UGGGUUUA,2615,,U,2622,,A,"0:2615,0:2616,0:2617,0:2618,0:2619,0:2620,0:2621,0:2622",GAT,exact-facility-location-gat_v9.pkl,1,False,0.00040735097718425095
1s72.cif,2458,0,2458,GGGUUUAG,2616,,G,2623,,G,"0:2616,0:2617,0:2618,0:2619,0:2620,0:2621,0:2622,0:2623",GAT,exact-facility-location-gat_v9.pkl,1,False,0.0007946407422423363
1s72.cif,2459,0,2459,GGUUUAGA,2617,,G,2624,,A,"0:2617,0:2618,0:2619,0:2620,0:2621,0:2622,0:2623,0:2624",GAT,exact-facility-location-gat_v9.pkl,1,False,0.0009365343721583486
1s72.cif,2460,0,2460,GUUUAGAC,2618,,G,2625,,C,"0:2618,0:2619,0:2620,0:2621,0:2622,0:2623,0:2624,0:2625",GAT,exact-facility-location-gat_v9.pkl,1,False,0.0011646770872175694
1s72.cif,2461,0,2461,UUUAGACC,2619,,UR3,2626,,C,"0:2619,0:2620,0:2621,0:2622,0:2623,0:2624,0:2625,0:2626",GAT,exact-facility-location-gat_v9.pkl,1,False,0.0017535891383886337
1s72.cif,2462,0,2462,UUAGACCG,2620,,U,2627,,G,"0:2620,0:2621,0:2622,0:2623,0:2624,0:2625,0:2626,0:2627",GAT,exact-facility-location-gat_v9.pkl,1,False,0.0013828447554260492
1s72.cif,2463,0,2463,UAGACCGU,2621,,PSU,2628,,U,"0:2621,0:2622,0:2623,0:2624,0:2625,0:2626,0:2627,0:2628",GAT,exact-facility-location-gat_v9.pkl,1,False,0.0009849538328126073
1s72.cif,2464,0,2464,AGACCGUC,2622,,A,2629,,C,"0:2622,0:2623,0:2624,0:2625,0:2626,0:2627,0:2628,0:2629",GAT,exact-facility-location-gat_v9.pkl,1,False,0.0011077214730903506
1s72.cif,2465,0,2465,GACCGUCG,2623,,G,2630,,G,"0:2623,0:2624,0:2625,0:2626,0:2627,0:2628,0:2629,0:2630",GAT,exact-facility-location-gat_v9.pkl,1,False,0.0008719603647477925
1s72.cif,2466,0,2466,ACCGUCGU,2624,,A,2631,,U,"0:2624,0:2625,0:2626,0:2627,0:2628,0:2629,0:2630,0:2631",GAT,exact-facility-location-gat_v9.pkl,1,False,0.0005520564736798406
1s72.cif,2467,0,2467,CCGUCGUG,2625,,C,2632,,G,"0:2625,0:2626,0:2627,0:2628,0:2629,0:2630,0:2631,0:2632",GAT,exact-facility-location-gat_v9.pkl,1,False,0.010568219237029552
1s72.cif,2468,0,2468,CGUCGUGA,2626,,C,2633,,A,"0:2626,0:2627,0:2628,0:2629,0:2630,0:2631,0:2632,0:2633",GAT,exact-facility-location-gat_v9.pkl,1,False,0.006649498827755451
1s72.cif,2469,0,2469,GUCGUGAG,2627,,G,2634,,G,"0:2627,0:2628,0:2629,0:2630,0:2631,0:2632,0:2633,0:2634",GAT,exact-facility-location-gat_v9.pkl,1,False,0.014845429919660091
1s72.cif,2470,0,2470,UCGUGAGA,2628,,U,2635,,A,"0:2628,0:2629,0:2630,0:2631,0:2632,0:2633,0:2634,0:2635",GAT,exact-facility-location-gat_v9.pkl,1,True,0.9672908186912537
1s72.cif,2471,0,2471,CGUGAGAC,2629,,C,2636,,C,"0:2629,0:2630,0:2631,0:2632,0:2633,0:2634,0:2635,0:2636",GAT,exact-facility-location-gat_v9.pkl,1,False,0.07501313090324402
1s72.cif,2472,0,2472,GUGAGACA,2630,,G,2637,,A,"0:2630,0:2631,0:2632,0:2633,0:2634,0:2635,0:2636,0:2637",GAT,exact-facility-location-gat_v9.pkl,1,False,0.0008284177747555077
1s72.cif,2473,0,2473,UGAGACAG,2631,,U,2638,,G,"0:2631,0:2632,0:2633,0:2634,0:2635,0:2636,0:2637,0:2638",GAT,exact-facility-location-gat_v9.pkl,1,False,0.000612834352068603
1s72.cif,2474,0,2474,GAGACAGG,2632,,G,2639,,G,"0:2632,0:2633,0:2634,0:2635,0:2636,0:2637,0:2638,0:2639",GAT,exact-facility-location-gat_v9.pkl,1,False,0.0001873933506431058
1s72.cif,2475,0,2475,AGACAGGU,2633,,A,2640,,U,"0:2633,0:2634,0:2635,0:2636,0:2637,0:2638,0:2639,0:2640",GAT,exact-facility-location-gat_v9.pkl,1,False,0.002160322852432728
1s72.cif,2476,0,2476,GACAGGUC,2634,,G,2641,,C,"0:2634,0:2635,0:2636,0:2637,0:2638,0:2639,0:2640,0:2641",GAT,exact-facility-location-gat_v9.pkl,1,False,0.008031394332647324
1s72.cif,2477,0,2477,ACAGGUCG,2635,,A,2642,,G,"0:2635,0:2636,0:2637,0:2638,0:2639,0:2640,0:2641,0:2642",GAT,exact-facility-location-gat_v9.pkl,1,False,0.0017745509976521134
1s72.cif,2478,0,2478,CAGGUCGG,2636,,C,2643,,G,"0:2636,0:2637,0:2638,0:2639,0:2640,0:2641,0:2642,0:2643",GAT,exact-facility-location-gat_v9.pkl,1,False,0.006248727906495333
1s72.cif,2479,0,2479,AGGUCGGC,2637,,A,2644,,C,"0:2637,0:2638,0:2639,0:2640,0:2641,0:2642,0:2643,0:2644",GAT,exact-facility-location-gat_v9.pkl,1,False,0.003867560997605324
1s72.cif,2480,0,2480,GGUCGGCU,2638,,G,2645,,U,"0:2638,0:2639,0:2640,0:2641,0:2642,0:2643,0:2644,0:2645",GAT,exact-facility-location-gat_v9.pkl,1,False,0.0010404875501990318
1s72.cif,2481,0,2481,GUCGGCUG,2639,,G,2646,,G,"0:2639,0:2640,0:2641,0:2642,0:2643,0:2644,0:2645,0:2646",GAT,exact-facility-location-gat_v9.pkl,1,False,0.0019241798436269164
1s72.cif,2482,0,2482,UCGGCUGC,2640,,U,2647,,C,"0:2640,0:2641,0:2642,0:2643,0:2644,0:2645,0:2646,0:2647",GAT,exact-facility-location-gat_v9.pkl,1,False,1.1541312233021017e-05
1s72.cif,2483,0,2483,CGGCUGCU,2641,,C,2648,,U,"0:2641,0:2642,0:2643,0:2644,0:2645,0:2646,0:2647,0:2648",GAT,exact-facility-location-gat_v9.pkl,1,False,8.42880217533093e-06
1s72.cif,2484,0,2484,GGCUGCUA,2642,,G,2649,,A,"0:2642,0:2643,0:2644,0:2645,0:2646,0:2647,0:2648,0:2649",GAT,exact-facility-location-gat_v9.pkl,1,False,6.603123620152473e-05
1s72.cif,2485,0,2485,GCUGCUAU,2643,,G,2650,,U,"0:2643,0:2644,0:2645,0:2646,0:2647,0:2648,0:2649,0:2650",GAT,exact-facility-location-gat_v9.pkl,1,False,3.826474494417198e-05
1s72.cif,2486,0,2486,CUGCUAUC,2644,,C,2651,,C,"0:2644,0:2645,0:2646,0:2647,0:2648,0:2649,0:2650,0:2651",GAT,exact-facility-location-gat_v9.pkl,1,False,8.79718572832644e-05
1s72.cif,2487,0,2487,UGCUAUCU,2645,,U,2652,,U,"0:2645,0:2646,0:2647,0:2648,0:2649,0:2650,0:2651,0:2652",GAT,exact-facility-location-gat_v9.pkl,1,False,0.0023722597397863865
1s72.cif,2488,0,2488,GCUAUCUA,2646,,G,2653,,A,"0:2646,0:2647,0:2648,0:2649,0:2650,0:2651,0:2652,0:2653",GAT,exact-facility-location-gat_v9.pkl,1,False,0.0030592763796448708
1s72.cif,2489,0,2489,CUAUCUAC,2647,,C,2654,,C,"0:2647,0:2648,0:2649,0:2650,0:2651,0:2652,0:2653,0:2654",GAT,exact-facility-location-gat_v9.pkl,1,False,0.0004649717011488974
1s72.cif,2490,0,2490,UAUCUACU,2648,,U,2655,,U,"0:2648,0:2649,0:2650,0:2651,0:2652,0:2653,0:2654,0:2655",GAT,exact-facility-location-gat_v9.pkl,1,False,0.005490018520504236
1s72.cif,2491,0,2491,AUCUACUG,2649,,A,2656,,G,"0:2649,0:2650,0:2651,0:2652,0:2653,0:2654,0:2655,0:2656",GAT,exact-facility-location-gat_v9.pkl,1,False,0.000947328400798142
1s72.cif,2492,0,2492,UCUACUGG,2650,,U,2657,,G,"0:2650,0:2651,0:2652,0:2653,0:2654,0:2655,0:2656,0:2657",GAT,exact-facility-location-gat_v9.pkl,1,False,0.0011874320916831493
1s72.cif,2493,0,2493,CUACUGGG,2651,,C,2658,,G,"0:2651,0:2652,0:2653,0:2654,0:2655,0:2656,0:2657,0:2658",GAT,exact-facility-location-gat_v9.pkl,1,False,0.0016388804651796818
1s72.cif,2494,0,2494,UACUGGGU,2652,,U,2659,,U,"0:2652,0:2653,0:2654,0:2655,0:2656,0:2657,0:2658,0:2659",GAT,exact-facility-location-gat_v9.pkl,1,False,0.0021422214340418577
1s72.cif,2495,0,2495,ACUGGGUG,2653,,A,2660,,G,"0:2653,0:2654,0:2655,0:2656,0:2657,0:2658,0:2659,0:2660",GAT,exact-facility-location-gat_v9.pkl,1,False,0.0012548405211418867
1s72.cif,2496,0,2496,CUGGGUGU,2654,,C,2661,,U,"0:2654,0:2655,0:2656,0:2657,0:2658,0:2659,0:2660,0:2661",GAT,exact-facility-location-gat_v9.pkl,1,False,0.0009198967018164694
1s72.cif,2497,0,2497,UGGGUGUG,2655,,U,2662,,G,"0:2655,0:2656,0:2657,0:2658,0:2659,0:2660,0:2661,0:2662",GAT,exact-facility-location-gat_v9.pkl,1,False,0.0007282616570591927
1s72.cif,2498,0,2498,GGGUGUGU,2656,,G,2663,,U,"0:2656,0:2657,0:2658,0:2659,0:2660,0:2661,0:2662,0:2663",GAT,exact-facility-location-gat_v9.pkl,1,False,0.0006145281950011849
1s72.cif,2499,0,2499,GGUGUGUA,2657,,G,2664,,A,"0:2657,0:2658,0:2659,0:2660,0:2661,0:2662,0:2663,0:2664",GAT,exact-facility-location-gat_v9.pkl,1,False,0.0006973445415496826
1s72.cif,2500,0,2500,GUGUGUAG,2658,,G,2667,,G,"0:2658,0:2659,0:2660,0:2661,0:2662,0:2663,0:2664,0:2667",GAT,exact-facility-location-gat_v9.pkl,1,False,0.0012331341858953238
1s72.cif,2501,0,2501,UGUGUAGG,2659,,U,2668,,G,"0:2659,0:2660,0:2661,0:2662,0:2663,0:2664,0:2667,0:2668",GAT,exact-facility-location-gat_v9.pkl,1,False,0.0062189847230911255
1s72.cif,2502,0,2502,GUGUAGGU,2660,,G,2669,,U,"0:2660,0:2661,0:2662,0:2663,0:2664,0:2667,0:2668,0:2669",GAT,exact-facility-location-gat_v9.pkl,1,False,0.0032118968665599823
1s72.cif,2503,0,2503,UGUAGGUG,2661,,U,2670,,G,"0:2661,0:2662,0:2663,0:2664,0:2667,0:2668,0:2669,0:2670",GAT,exact-facility-location-gat_v9.pkl,1,False,0.002274106489494443
1s72.cif,2504,0,2504,GUAGGUGU,2662,,G,2671,,U,"0:2662,0:2663,0:2664,0:2667,0:2668,0:2669,0:2670,0:2671",GAT,exact-facility-location-gat_v9.pkl,1,False,0.02001573145389557
1s72.cif,2505,0,2505,UAGGUGUC,2663,,U,2672,,C,"0:2663,0:2664,0:2667,0:2668,0:2669,0:2670,0:2671,0:2672",GAT,exact-facility-location-gat_v9.pkl,1,False,0.04260856658220291
1s72.cif,2506,0,2506,AGGUGUCU,2664,,A,2673,,U,"0:2664,0:2667,0:2668,0:2669,0:2670,0:2671,0:2672,0:2673",GAT,exact-facility-location-gat_v9.pkl,1,False,0.013892597518861294
1s72.cif,2507,0,2507,GGUGUCUG,2667,,G,2674,,G,"0:2667,0:2668,0:2669,0:2670,0:2671,0:2672,0:2673,0:2674",GAT,exact-facility-location-gat_v9.pkl,1,False,0.0008758619078435004
1s72.cif,2508,0,2508,GUGUCUGA,2668,,G,2675,,A,"0:2668,0:2669,0:2670,0:2671,0:2672,0:2673,0:2674,0:2675",GAT,exact-facility-location-gat_v9.pkl,1,False,0.0011394433677196503
1s72.cif,2509,0,2509,UGUCUGAC,2669,,U,2676,,C,"0:2669,0:2670,0:2671,0:2672,0:2673,0:2674,0:2675,0:2676",GAT,exact-facility-location-gat_v9.pkl,1,False,0.0015672326553612947
1s72.cif,2510,0,2510,GUCUGACA,2670,,G,2677,,A,"0:2670,0:2671,0:2672,0:2673,0:2674,0:2675,0:2676,0:2677",GAT,exact-facility-location-gat_v9.pkl,1,False,0.003228815970942378
1s72.cif,2511,0,2511,UCUGACAA,2671,,U,2678,,A,"0:2671,0:2672,0:2673,0:2674,0:2675,0:2676,0:2677,0:2678",GAT,exact-facility-location-gat_v9.pkl,1,False,0.004290313459932804
1s72.cif,2512,0,2512,CUGACAAG,2672,,C,2679,,G,"0:2672,0:2673,0:2674,0:2675,0:2676,0:2677,0:2678,0:2679",GAT,exact-facility-location-gat_v9.pkl,1,False,0.0018805705476552248
1s72.cif,2513,0,2513,UGACAAGA,2673,,U,2680,,A,"0:2673,0:2674,0:2675,0:2676,0:2677,0:2678,0:2679,0:2680",GAT,exact-facility-location-gat_v9.pkl,1,False,0.00025993181043304503
1s72.cif,2514,0,2514,GACAAGAA,2674,,G,2681,,A,"0:2674,0:2675,0:2676,0:2677,0:2678,0:2679,0:2680,0:2681",GAT,exact-facility-location-gat_v9.pkl,1,False,0.0023100257385522127
1s72.cif,2515,0,2515,ACAAGAAC,2675,,A,2682,,C,"0:2675,0:2676,0:2677,0:2678,0:2679,0:2680,0:2681,0:2682",GAT,exact-facility-location-gat_v9.pkl,1,False,0.001542027574032545
1s72.cif,2516,0,2516,CAAGAACG,2676,,C,2683,,G,"0:2676,0:2677,0:2678,0:2679,0:2680,0:2681,0:2682,0:2683",GAT,exact-facility-location-gat_v9.pkl,1,False,7.489442214136943e-05
1s72.cif,2517,0,2517,AAGAACGA,2677,,A,2684,,A,"0:2677,0:2678,0:2679,0:2680,0:2681,0:2682,0:2683,0:2684",GAT,exact-facility-location-gat_v9.pkl,1,False,1.9306395188323222e-05
1s72.cif,2518,0,2518,AGAACGAC,2678,,A,2685,,C,"0:2678,0:2679,0:2680,0:2681,0:2682,0:2683,0:2684,0:2685",GAT,exact-facility-location-gat_v9.pkl,1,False,3.11998555844184e-05
1s72.cif,2519,0,2519,GAACGACC,2679,,G,2686,,C,"0:2679,0:2680,0:2681,0:2682,0:2683,0:2684,0:2685,0:2686",GAT,exact-facility-location-gat_v9.pkl,1,False,2.211077844549436e-05
1s72.cif,2520,0,2520,AACGACCG,2680,,A,2687,,G,"0:2680,0:2681,0:2682,0:2683,0:2684,0:2685,0:2686,0:2687",GAT,exact-facility-location-gat_v9.pkl,1,False,0.0022740510758012533
1s72.cif,2521,0,2521,ACGACCGU,2681,,A,2688,,U,"0:2681,0:2682,0:2683,0:2684,0:2685,0:2686,0:2687,0:2688",GAT,exact-facility-location-gat_v9.pkl,1,False,0.0005810346337966621
1s72.cif,2522,0,2522,CGACCGUA,2682,,C,2689,,A,"0:2682,0:2683,0:2684,0:2685,0:2686,0:2687,0:2688,0:2689",GAT,exact-facility-location-gat_v9.pkl,1,False,0.0004193025815766305
1s72.cif,2523,0,2523,GACCGUAU,2683,,G,2690,,U,"0:2683,0:2684,0:2685,0:2686,0:2687,0:2688,0:2689,0:2690",GAT,exact-facility-location-gat_v9.pkl,1,False,0.00040537607856094837
1s72.cif,2524,0,2524,ACCGUAUA,2684,,A,2691,,A,"0:2684,0:2685,0:2686,0:2687,0:2688,0:2689,0:2690,0:2691",GAT,exact-facility-location-gat_v9.pkl,1,False,0.0006652656593360007
1s72.cif,2525,0,2525,CCGUAUAG,2685,,C,2692,,G,"0:2685,0:2686,0:2687,0:2688,0:2689,0:2690,0:2691,0:2692",GAT,exact-facility-location-gat_v9.pkl,1,False,0.0008341395296156406
1s72.cif,2526,0,2526,CGUAUAGU,2686,,C,2693,,U,"0:2686,0:2687,0:2688,0:2689,0:2690,0:2691,0:2692,0:2693",GAT,exact-facility-location-gat_v9.pkl,1,False,0.002207934856414795
1s72.cif,2527,0,2527,GUAUAGUA,2687,,G,2694,,A,"0:2687,0:2688,0:2689,0:2690,0:2691,0:2692,0:2693,0:2694",GAT,exact-facility-location-gat_v9.pkl,1,False,5.200083978706971e-05
1s72.cif,2528,0,2528,UAUAGUAC,2688,,U,2695,,C,"0:2688,0:2689,0:2690,0:2691,0:2692,0:2693,0:2694,0:2695",GAT,exact-facility-location-gat_v9.pkl,1,False,6.298997323028743e-05
1s72.cif,2529,0,2529,AUAGUACG,2689,,A,2696,,G,"0:2689,0:2690,0:2691,0:2692,0:2693,0:2694,0:2695,0:2696",GAT,exact-facility-location-gat_v9.pkl,1,False,6.320593092823401e-05
1s72.cif,2530,0,2530,UAGUACGA,2690,,U,2697,,A,"0:2690,0:2691,0:2692,0:2693,0:2694,0:2695,0:2696,0:2697",GAT,exact-facility-location-gat_v9.pkl,1,False,0.00019515020539984107
1s72.cif,2531,0,2531,AGUACGAG,2691,,A,2698,,G,"0:2691,0:2692,0:2693,0:2694,0:2695,0:2696,0:2697,0:2698",GAT,exact-facility-location-gat_v9.pkl,1,False,0.009941351599991322
1s72.cif,2532,0,2532,GUACGAGA,2692,,G,2699,,A,"0:2692,0:2693,0:2694,0:2695,0:2696,0:2697,0:2698,0:2699",GAT,exact-facility-location-gat_v9.pkl,1,False,0.01745920442044735
1s72.cif,2533,0,2533,UACGAGAG,2693,,U,2700,,G,"0:2693,0:2694,0:2695,0:2696,0:2697,0:2698,0:2699,0:2700",GAT,exact-facility-location-gat_v9.pkl,1,False,0.008053545840084553
1s72.cif,2534,0,2534,ACGAGAGG,2694,,A,2701,,G,"0:2694,0:2695,0:2696,0:2697,0:2698,0:2699,0:2700,0:2701",GAT,exact-facility-location-gat_v9.pkl,1,True,0.9270085692405701
1s72.cif,2535,0,2535,CGAGAGGA,2695,,C,2702,,A,"0:2695,0:2696,0:2697,0:2698,0:2699,0:2700,0:2701,0:2702",GAT,exact-facility-location-gat_v9.pkl,1,False,0.1356731355190277
1s72.cif,2536,0,2536,GAGAGGAA,2696,,G,2703,,A,"0:2696,0:2697,0:2698,0:2699,0:2700,0:2701,0:2702,0:2703",GAT,exact-facility-location-gat_v9.pkl,1,False,0.005323393736034632
1s72.cif,2537,0,2537,AGAGGAAC,2697,,A,2704,,C,"0:2697,0:2698,0:2699,0:2700,0:2701,0:2702,0:2703,0:2704",GAT,exact-facility-location-gat_v9.pkl,1,False,0.0012506804196164012
1s72.cif,2538,0,2538,GAGGAACU,2698,,G,2705,,U,"0:2698,0:2699,0:2700,0:2701,0:2702,0:2703,0:2704,0:2705",GAT,exact-facility-location-gat_v9.pkl,1,False,0.00011180906585650519
1s72.cif,2539,0,2539,AGGAACUA,2699,,A,2706,,A,"0:2699,0:2700,0:2701,0:2702,0:2703,0:2704,0:2705,0:2706",GAT,exact-facility-location-gat_v9.pkl,1,False,7.583176193293184e-05
1s72.cif,2540,0,2540,GGAACUAC,2700,,G,2707,,C,"0:2700,0:2701,0:2702,0:2703,0:2704,0:2705,0:2706,0:2707",GAT,exact-facility-location-gat_v9.pkl,1,False,0.0015658581396564841
1s72.cif,2541,0,2541,GAACUACG,2701,,G,2708,,G,"0:2701,0:2702,0:2703,0:2704,0:2705,0:2706,0:2707,0:2708",GAT,exact-facility-location-gat_v9.pkl,1,False,0.0008256032015196979
1s72.cif,2542,0,2542,AACUACGG,2702,,A,2709,,G,"0:2702,0:2703,0:2704,0:2705,0:2706,0:2707,0:2708,0:2709",GAT,exact-facility-location-gat_v9.pkl,1,False,0.0007000326877459884
1s72.cif,2543,0,2543,ACUACGGU,2703,,A,2710,,U,"0:2703,0:2704,0:2705,0:2706,0:2707,0:2708,0:2709,0:2710",GAT,exact-facility-location-gat_v9.pkl,1,False,0.0007602133555337787
1s72.cif,2544,0,2544,CUACGGUU,2704,,C,2711,,U,"0:2704,0:2705,0:2706,0:2707,0:2708,0:2709,0:2710,0:2711",GAT,exact-facility-location-gat_v9.pkl,1,False,0.0008852390456013381
1s72.cif,2545,0,2545,UACGGUUG,2705,,U,2712,,G,"0:2705,0:2706,0:2707,0:2708,0:2709,0:2710,0:2711,0:2712",GAT,exact-facility-location-gat_v9.pkl,1,False,0.0007134987390600145
1s72.cif,2546,0,2546,ACGGUUGG,2706,,A,2713,,G,"0:2706,0:2707,0:2708,0:2709,0:2710,0:2711,0:2712,0:2713",GAT,exact-facility-location-gat_v9.pkl,1,False,0.0005751664866693318
1s72.cif,2547,0,2547,CGGUUGGU,2707,,C,2714,,U,"0:2707,0:2708,0:2709,0:2710,0:2711,0:2712,0:2713,0:2714",GAT,exact-facility-location-gat_v9.pkl,1,False,0.0004670875787269324
1s72.cif,2548,0,2548,GGUUGGUG,2708,,G,2715,,G,"0:2708,0:2709,0:2710,0:2711,0:2712,0:2713,0:2714,0:2715",GAT,exact-facility-location-gat_v9.pkl,1,False,0.0006157124298624694
1s72.cif,2549,0,2549,GUUGGUGG,2709,,G,2716,,G,"0:2709,0:2710,0:2711,0:2712,0:2713,0:2714,0:2715,0:2716",GAT,exact-facility-location-gat_v9.pkl,1,False,0.0008005046402104199
1s72.cif,2550,0,2550,UUGGUGGC,2710,,U,2717,,C,"0:2710,0:2711,0:2712,0:2713,0:2714,0:2715,0:2716,0:2717",GAT,exact-facility-location-gat_v9.pkl,1,False,0.0009579621837474406
1s72.cif,2551,0,2551,UGGUGGCC,2711,,U,2718,,C,"0:2711,0:2712,0:2713,0:2714,0:2715,0:2716,0:2717,0:2718",GAT,exact-facility-location-gat_v9.pkl,1,False,0.0010387003421783447
1s72.cif,2552,0,2552,GGUGGCCA,2712,,G,2719,,A,"0:2712,0:2713,0:2714,0:2715,0:2716,0:2717,0:2718,0:2719",GAT,exact-facility-location-gat_v9.pkl,1,False,0.01334423292428255
1s72.cif,2553,0,2553,GUGGCCAC,2713,,G,2720,,C,"0:2713,0:2714,0:2715,0:2716,0:2717,0:2718,0:2719,0:2720",GAT,exact-facility-location-gat_v9.pkl,1,False,0.004488184582442045
1s72.cif,2554,0,2554,UGGCCACU,2714,,U,2721,,U,"0:2714,0:2715,0:2716,0:2717,0:2718,0:2719,0:2720,0:2721",GAT,exact-facility-location-gat_v9.pkl,1,False,0.011345592327415943
1s72.cif,2555,0,2555,GGCCACUG,2715,,G,2722,,G,"0:2715,0:2716,0:2717,0:2718,0:2719,0:2720,0:2721,0:2722",GAT,exact-facility-location-gat_v9.pkl,1,False,0.0034807866904884577
1s72.cif,2556,0,2556,GCCACUGG,2716,,G,2723,,G,"0:2716,0:2717,0:2718,0:2719,0:2720,0:2721,0:2722,0:2723",GAT,exact-facility-location-gat_v9.pkl,1,False,0.0020448421128094196
1s72.cif,2557,0,2557,CCACUGGU,2717,,C,2724,,U,"0:2717,0:2718,0:2719,0:2720,0:2721,0:2722,0:2723,0:2724",GAT,exact-facility-location-gat_v9.pkl,1,False,0.0010038843611255288
1s72.cif,2558,0,2558,CACUGGUG,2718,,C,2725,,G,"0:2718,0:2719,0:2720,0:2721,0:2722,0:2723,0:2724,0:2725",GAT,exact-facility-location-gat_v9.pkl,1,False,0.0015038377605378628
1s72.cif,2559,0,2559,ACUGGUGU,2719,,A,2726,,U,"0:2719,0:2720,0:2721,0:2722,0:2723,0:2724,0:2725,0:2726",GAT,exact-facility-location-gat_v9.pkl,1,False,0.0002893486525863409
1s72.cif,2560,0,2560,CUGGUGUA,2720,,C,2727,,A,"0:2720,0:2721,0:2722,0:2723,0:2724,0:2725,0:2726,0:2727",GAT,exact-facility-location-gat_v9.pkl,1,False,0.0006691722082905471
1s72.cif,2561,0,2561,UGGUGUAC,2721,,U,2728,,C,"0:2721,0:2722,0:2723,0:2724,0:2725,0:2726,0:2727,0:2728",GAT,exact-facility-location-gat_v9.pkl,1,False,0.0025183106772601604
1s72.cif,2562,0,2562,GGUGUACC,2722,,G,2729,,C,"0:2722,0:2723,0:2724,0:2725,0:2726,0:2727,0:2728,0:2729",GAT,exact-facility-location-gat_v9.pkl,1,False,0.0036390109453350306
1s72.cif,2563,0,2563,GUGUACCG,2723,,G,2730,,G,"0:2723,0:2724,0:2725,0:2726,0:2727,0:2728,0:2729,0:2730",GAT,exact-facility-location-gat_v9.pkl,1,False,0.003615202382206917
1s72.cif,2564,0,2564,UGUACCGG,2724,,U,2731,,G,"0:2724,0:2725,0:2726,0:2727,0:2728,0:2729,0:2730,0:2731",GAT,exact-facility-location-gat_v9.pkl,1,False,0.001695537706837058
1s72.cif,2565,0,2565,GUACCGGU,2725,,G,2732,,U,"0:2725,0:2726,0:2727,0:2728,0:2729,0:2730,0:2731,0:2732",GAT,exact-facility-location-gat_v9.pkl,1,False,0.0027150833047926426
1s72.cif,2566,0,2566,UACCGGUU,2726,,U,2733,,U,"0:2726,0:2727,0:2728,0:2729,0:2730,0:2731,0:2732,0:2733",GAT,exact-facility-location-gat_v9.pkl,1,False,0.004037450533360243
1s72.cif,2567,0,2567,ACCGGUUG,2727,,A,2734,,G,"0:2727,0:2728,0:2729,0:2730,0:2731,0:2732,0:2733,0:2734",GAT,exact-facility-location-gat_v9.pkl,1,False,0.0011899269884452224
1s72.cif,2568,0,2568,CCGGUUGU,2728,,C,2735,,U,"0:2728,0:2729,0:2730,0:2731,0:2732,0:2733,0:2734,0:2735",GAT,exact-facility-location-gat_v9.pkl,1,False,0.0008224493940360844
1s72.cif,2569,0,2569,CGGUUGUU,2729,,C,2736,,U,"0:2729,0:2730,0:2731,0:2732,0:2733,0:2734,0:2735,0:2736",GAT,exact-facility-location-gat_v9.pkl,1,False,0.0016951655270531774
1s72.cif,2570,0,2570,GGUUGUUC,2730,,G,2737,,C,"0:2730,0:2731,0:2732,0:2733,0:2734,0:2735,0:2736,0:2737",GAT,exact-facility-location-gat_v9.pkl,1,False,0.0019022576743736863
1s72.cif,2571,0,2571,GUUGUUCG,2731,,G,2738,,G,"0:2731,0:2732,0:2733,0:2734,0:2735,0:2736,0:2737,0:2738",GAT,exact-facility-location-gat_v9.pkl,1,False,0.0010444814106449485
1s72.cif,2572,0,2572,UUGUUCGA,2732,,U,2739,,A,"0:2732,0:2733,0:2734,0:2735,0:2736,0:2737,0:2738,0:2739",GAT,exact-facility-location-gat_v9.pkl,1,False,0.0029833947774022818
1s72.cif,2573,0,2573,UGUUCGAG,2733,,U,2740,,G,"0:2733,0:2734,0:2735,0:2736,0:2737,0:2738,0:2739,0:2740",GAT,exact-facility-location-gat_v9.pkl,1,False,0.009837474673986435
1s72.cif,2574,0,2574,GUUCGAGA,2734,,G,2741,,A,"0:2734,0:2735,0:2736,0:2737,0:2738,0:2739,0:2740,0:2741",GAT,exact-facility-location-gat_v9.pkl,1,False,0.0015352368354797363
1s72.cif,2575,0,2575,UUCGAGAG,2735,,U,2742,,G,"0:2735,0:2736,0:2737,0:2738,0:2739,0:2740,0:2741,0:2742",GAT,exact-facility-location-gat_v9.pkl,1,False,0.03141080588102341
1s72.cif,2576,0,2576,UCGAGAGA,2736,,U,2743,,A,"0:2736,0:2737,0:2738,0:2739,0:2740,0:2741,0:2742,0:2743",GAT,exact-facility-location-gat_v9.pkl,1,False,0.15101194381713867
1s72.cif,2577,0,2577,CGAGAGAG,2737,,C,2744,,G,"0:2737,0:2738,0:2739,0:2740,0:2741,0:2742,0:2743,0:2744",GAT,exact-facility-location-gat_v9.pkl,1,False,0.012147861532866955
1s72.cif,2578,0,2578,GAGAGAGC,2738,,G,2745,,C,"0:2738,0:2739,0:2740,0:2741,0:2742,0:2743,0:2744,0:2745",GAT,exact-facility-location-gat_v9.pkl,1,False,0.0010624900460243225
1s72.cif,2579,0,2579,AGAGAGCA,2739,,A,2746,,A,"0:2739,0:2740,0:2741,0:2742,0:2743,0:2744,0:2745,0:2746",GAT,exact-facility-location-gat_v9.pkl,1,False,0.0003585427475627512
1s72.cif,2580,0,2580,GAGAGCAC,2740,,G,2747,,C,"0:2740,0:2741,0:2742,0:2743,0:2744,0:2745,0:2746,0:2747",GAT,exact-facility-location-gat_v9.pkl,1,False,0.0005291432607918978
1s72.cif,2581,0,2581,AGAGCACG,2741,,A,2748,,G,"0:2741,0:2742,0:2743,0:2744,0:2745,0:2746,0:2747,0:2748",GAT,exact-facility-location-gat_v9.pkl,1,False,0.00023431492445524782
1s72.cif,2582,0,2582,GAGCACGU,2742,,G,2749,,U,"0:2742,0:2743,0:2744,0:2745,0:2746,0:2747,0:2748,0:2749",GAT,exact-facility-location-gat_v9.pkl,1,False,0.004377998411655426
1s72.cif,2583,0,2583,AGCACGUG,2743,,A,2750,,G,"0:2743,0:2744,0:2745,0:2746,0:2747,0:2748,0:2749,0:2750",GAT,exact-facility-location-gat_v9.pkl,1,False,0.0030617197044193745
1s72.cif,2584,0,2584,GCACGUGC,2744,,G,2751,,C,"0:2744,0:2745,0:2746,0:2747,0:2748,0:2749,0:2750,0:2751",GAT,exact-facility-location-gat_v9.pkl,1,False,0.0005722268833778799
1s72.cif,2585,0,2585,CACGUGCC,2745,,C,2752,,C,"0:2745,0:2746,0:2747,0:2748,0:2749,0:2750,0:2751,0:2752",GAT,exact-facility-location-gat_v9.pkl,1,False,2.6408790290588513e-05
1s72.cif,2586,0,2586,ACGUGCCG,2746,,A,2753,,G,"0:2746,0:2747,0:2748,0:2749,0:2750,0:2751,0:2752,0:2753",GAT,exact-facility-location-gat_v9.pkl,1,False,2.8425652999430895e-05
1s72.cif,2587,0,2587,CGUGCCGG,2747,,C,2754,,G,"0:2747,0:2748,0:2749,0:2750,0:2751,0:2752,0:2753,0:2754",GAT,exact-facility-location-gat_v9.pkl,1,False,0.0007532882154919207
1s72.cif,2588,0,2588,GUGCCGGG,2748,,G,2755,,G,"0:2748,0:2749,0:2750,0:2751,0:2752,0:2753,0:2754,0:2755",GAT,exact-facility-location-gat_v9.pkl,1,False,0.01185371819883585
1s72.cif,2589,0,2589,UGCCGGGU,2749,,U,2756,,U,"0:2749,0:2750,0:2751,0:2752,0:2753,0:2754,0:2755,0:2756",GAT,exact-facility-location-gat_v9.pkl,1,False,0.011354105547070503
1s72.cif,2590,0,2590,GCCGGGUA,2750,,G,2757,,A,"0:2750,0:2751,0:2752,0:2753,0:2754,0:2755,0:2756,0:2757",GAT,exact-facility-location-gat_v9.pkl,1,False,0.0017508016899228096
1s72.cif,2591,0,2591,CCGGGUAG,2751,,C,2758,,G,"0:2751,0:2752,0:2753,0:2754,0:2755,0:2756,0:2757,0:2758",GAT,exact-facility-location-gat_v9.pkl,1,False,0.0015591742703691125
1s72.cif,2592,0,2592,CGGGUAGC,2752,,C,2759,,C,"0:2752,0:2753,0:2754,0:2755,0:2756,0:2757,0:2758,0:2759",GAT,exact-facility-location-gat_v9.pkl,1,False,0.0021554622799158096
1s72.cif,2593,0,2593,GGGUAGCC,2753,,G,2760,,C,"0:2753,0:2754,0:2755,0:2756,0:2757,0:2758,0:2759,0:2760",GAT,exact-facility-location-gat_v9.pkl,1,False,0.0012833618093281984
1s72.cif,2594,0,2594,GGUAGCCA,2754,,G,2761,,A,"0:2754,0:2755,0:2756,0:2757,0:2758,0:2759,0:2760,0:2761",GAT,exact-facility-location-gat_v9.pkl,1,False,0.003419670043513179
1s72.cif,2595,0,2595,GUAGCCAC,2755,,G,2762,,C,"0:2755,0:2756,0:2757,0:2758,0:2759,0:2760,0:2761,0:2762",GAT,exact-facility-location-gat_v9.pkl,1,False,0.0027937095146626234
1s72.cif,2596,0,2596,UAGCCACG,2756,,U,2763,,G,"0:2756,0:2757,0:2758,0:2759,0:2760,0:2761,0:2762,0:2763",GAT,exact-facility-location-gat_v9.pkl,1,False,0.002637861529365182
1s72.cif,2597,0,2597,AGCCACGC,2757,,A,2764,,C,"0:2757,0:2758,0:2759,0:2760,0:2761,0:2762,0:2763,0:2764",GAT,exact-facility-location-gat_v9.pkl,1,False,0.0025383171159774065
1s72.cif,2598,0,2598,GCCACGCC,2758,,G,2765,,C,"0:2758,0:2759,0:2760,0:2761,0:2762,0:2763,0:2764,0:2765",GAT,exact-facility-location-gat_v9.pkl,1,False,0.0014383954694494605
1s72.cif,2599,0,2599,CCACGCCA,2759,,C,2766,,A,"0:2759,0:2760,0:2761,0:2762,0:2763,0:2764,0:2765,0:2766",GAT,exact-facility-location-gat_v9.pkl,1,False,0.0007569986046291888
1s72.cif,2600,0,2600,CACGCCAC,2760,,C,2767,,C,"0:2760,0:2761,0:2762,0:2763,0:2764,0:2765,0:2766,0:2767",GAT,exact-facility-location-gat_v9.pkl,1,False,0.0007462493376806378
1s72.cif,2601,0,2601,ACGCCACA,2761,,A,2768,,A,"0:2761,0:2762,0:2763,0:2764,0:2765,0:2766,0:2767,0:2768",GAT,exact-facility-location-gat_v9.pkl,1,False,0.0009621396893635392
1s72.cif,2602,0,2602,CGCCACAC,2762,,C,2769,,C,"0:2762,0:2763,0:2764,0:2765,0:2766,0:2767,0:2768,0:2769",GAT,exact-facility-location-gat_v9.pkl,1,False,5.884238998987712e-05
1s72.cif,2603,0,2603,GCCACACG,2763,,G,2770,,G,"0:2763,0:2764,0:2765,0:2766,0:2767,0:2768,0:2769,0:2770",GAT,exact-facility-location-gat_v9.pkl,1,False,2.5097284378716722e-05
1s72.cif,2604,0,2604,CCACACGG,2764,,C,2771,,G,"0:2764,0:2765,0:2766,0:2767,0:2768,0:2769,0:2770,0:2771",GAT,exact-facility-location-gat_v9.pkl,1,False,3.411784200579859e-05
1s72.cif,2605,0,2605,CACACGGG,2765,,C,2772,,G,"0:2765,0:2766,0:2767,0:2768,0:2769,0:2770,0:2771,0:2772",GAT,exact-facility-location-gat_v9.pkl,1,False,0.00011162774171680212
1s72.cif,2606,0,2606,ACACGGGG,2766,,A,2773,,G,"0:2766,0:2767,0:2768,0:2769,0:2770,0:2771,0:2772,0:2773",GAT,exact-facility-location-gat_v9.pkl,1,False,0.000565866706892848
1s72.cif,2607,0,2607,CACGGGGU,2767,,C,2774,,U,"0:2767,0:2768,0:2769,0:2770,0:2771,0:2772,0:2773,0:2774",GAT,exact-facility-location-gat_v9.pkl,1,False,0.00046266490244306624
1s72.cif,2608,0,2608,ACGGGGUA,2768,,A,2775,,A,"0:2768,0:2769,0:2770,0:2771,0:2772,0:2773,0:2774,0:2775",GAT,exact-facility-location-gat_v9.pkl,1,False,0.001069636782631278
1s72.cif,2609,0,2609,CGGGGUAA,2769,,C,2776,,A,"0:2769,0:2770,0:2771,0:2772,0:2773,0:2774,0:2775,0:2776",GAT,exact-facility-location-gat_v9.pkl,1,False,0.0012972868280485272
1s72.cif,2610,0,2610,GGGGUAAG,2770,,G,2777,,G,"0:2770,0:2771,0:2772,0:2773,0:2774,0:2775,0:2776,0:2777",GAT,exact-facility-location-gat_v9.pkl,1,False,0.0006458600983023643
1s72.cif,2611,0,2611,GGGUAAGA,2771,,G,2778,,A,"0:2771,0:2772,0:2773,0:2774,0:2775,0:2776,0:2777,0:2778",GAT,exact-facility-location-gat_v9.pkl,1,False,0.001050542457960546
1s72.cif,2612,0,2612,GGUAAGAG,2772,,G,2779,,G,"0:2772,0:2773,0:2774,0:2775,0:2776,0:2777,0:2778,0:2779",GAT,exact-facility-location-gat_v9.pkl,1,False,0.00108557369094342
1s72.cif,2613,0,2613,GUAAGAGC,2773,,G,2780,,C,"0:2773,0:2774,0:2775,0:2776,0:2777,0:2778,0:2779,0:2780",GAT,exact-facility-location-gat_v9.pkl,1,False,0.002502943854779005
1s72.cif,2614,0,2614,UAAGAGCU,2774,,U,2781,,U,"0:2774,0:2775,0:2776,0:2777,0:2778,0:2779,0:2780,0:2781",GAT,exact-facility-location-gat_v9.pkl,1,False,0.000914925301913172
1s72.cif,2615,0,2615,AAGAGCUG,2775,,A,2782,,G,"0:2775,0:2776,0:2777,0:2778,0:2779,0:2780,0:2781,0:2782",GAT,exact-facility-location-gat_v9.pkl,1,False,0.0005343352095223963
1s72.cif,2616,0,2616,AGAGCUGA,2776,,A,2783,,A,"0:2776,0:2777,0:2778,0:2779,0:2780,0:2781,0:2782,0:2783",GAT,exact-facility-location-gat_v9.pkl,1,False,0.0021876716054975986
1s72.cif,2617,0,2617,GAGCUGAA,2777,,G,2784,,A,"0:2777,0:2778,0:2779,0:2780,0:2781,0:2782,0:2783,0:2784",GAT,exact-facility-location-gat_v9.pkl,1,False,0.004865122027695179
1s72.cif,2618,0,2618,AGCUGAAC,2778,,A,2785,,C,"0:2778,0:2779,0:2780,0:2781,0:2782,0:2783,0:2784,0:2785",GAT,exact-facility-location-gat_v9.pkl,1,False,0.0021141173783689737
1s72.cif,2619,0,2619,GCUGAACG,2779,,G,2786,,G,"0:2779,0:2780,0:2781,0:2782,0:2783,0:2784,0:2785,0:2786",GAT,exact-facility-location-gat_v9.pkl,1,False,0.001477366196922958
1s72.cif,2620,0,2620,CUGAACGC,2780,,C,2787,,C,"0:2780,0:2781,0:2782,0:2783,0:2784,0:2785,0:2786,0:2787",GAT,exact-facility-location-gat_v9.pkl,1,False,0.005261990241706371
1s72.cif,2621,0,2621,UGAACGCA,2781,,U,2788,,A,"0:2781,0:2782,0:2783,0:2784,0:2785,0:2786,0:2787,0:2788",GAT,exact-facility-location-gat_v9.pkl,1,False,0.0017361092614009976
1s72.cif,2622,0,2622,GAACGCAU,2782,,G,2789,,U,"0:2782,0:2783,0:2784,0:2785,0:2786,0:2787,0:2788,0:2789",GAT,exact-facility-location-gat_v9.pkl,1,False,0.011451342143118382
1s72.cif,2623,0,2623,AACGCAUC,2783,,A,2790,,C,"0:2783,0:2784,0:2785,0:2786,0:2787,0:2788,0:2789,0:2790",GAT,exact-facility-location-gat_v9.pkl,1,False,0.03707102686166763
1s72.cif,2624,0,2624,ACGCAUCU,2784,,A,2791,,U,"0:2784,0:2785,0:2786,0:2787,0:2788,0:2789,0:2790,0:2791",GAT,exact-facility-location-gat_v9.pkl,1,False,0.016955964267253876
1s72.cif,2625,0,2625,CGCAUCUA,2785,,C,2792,,A,"0:2785,0:2786,0:2787,0:2788,0:2789,0:2790,0:2791,0:2792",GAT,exact-facility-location-gat_v9.pkl,1,False,0.019533054903149605
1s72.cif,2626,0,2626,GCAUCUAA,2786,,G,2793,,A,"0:2786,0:2787,0:2788,0:2789,0:2790,0:2791,0:2792,0:2793",GAT,exact-facility-location-gat_v9.pkl,1,False,0.014795205555856228
1s72.cif,2627,0,2627,CAUCUAAG,2787,,C,2794,,G,"0:2787,0:2788,0:2789,0:2790,0:2791,0:2792,0:2793,0:2794",GAT,exact-facility-location-gat_v9.pkl,1,False,0.004837786313146353
1s72.cif,2628,0,2628,AUCUAAGC,2788,,A,2795,,C,"0:2788,0:2789,0:2790,0:2791,0:2792,0:2793,0:2794,0:2795",GAT,exact-facility-location-gat_v9.pkl,1,False,0.00028028685483150184
1s72.cif,2629,0,2629,UCUAAGCU,2789,,U,2796,,U,"0:2789,0:2790,0:2791,0:2792,0:2793,0:2794,0:2795,0:2796",GAT,exact-facility-location-gat_v9.pkl,1,False,0.005844718776643276
1s72.cif,2630,0,2630,CUAAGCUC,2790,,C,2797,,C,"0:2790,0:2791,0:2792,0:2793,0:2794,0:2795,0:2796,0:2797",GAT,exact-facility-location-gat_v9.pkl,1,False,0.004834349267184734
1s72.cif,2631,0,2631,UAAGCUCG,2791,,U,2798,,G,"0:2791,0:2792,0:2793,0:2794,0:2795,0:2796,0:2797,0:2798",GAT,exact-facility-location-gat_v9.pkl,1,False,0.0019359455909579992
1s72.cif,2632,0,2632,AAGCUCGA,2792,,A,2799,,A,"0:2792,0:2793,0:2794,0:2795,0:2796,0:2797,0:2798,0:2799",GAT,exact-facility-location-gat_v9.pkl,1,False,0.0004615717625711113
1s72.cif,2633,0,2633,AGCUCGAA,2793,,A,2800,,A,"0:2793,0:2794,0:2795,0:2796,0:2797,0:2798,0:2799,0:2800",GAT,exact-facility-location-gat_v9.pkl,1,False,0.0002262658381368965
1s72.cif,2634,0,2634,GCUCGAAA,2794,,G,2801,,A,"0:2794,0:2795,0:2796,0:2797,0:2798,0:2799,0:2800,0:2801",GAT,exact-facility-location-gat_v9.pkl,1,False,0.003014268586412072
1s72.cif,2635,0,2635,CUCGAAAC,2795,,C,2802,,C,"0:2795,0:2796,0:2797,0:2798,0:2799,0:2800,0:2801,0:2802",GAT,exact-facility-location-gat_v9.pkl,1,False,0.0020646615885198116
1s72.cif,2636,0,2636,UCGAAACC,2796,,U,2803,,C,"0:2796,0:2797,0:2798,0:2799,0:2800,0:2801,0:2802,0:2803",GAT,exact-facility-location-gat_v9.pkl,1,False,0.018428033217787743
1s72.cif,2637,0,2637,CGAAACCC,2797,,C,2804,,C,"0:2797,0:2798,0:2799,0:2800,0:2801,0:2802,0:2803,0:2804",GAT,exact-facility-location-gat_v9.pkl,1,False,0.008375200442969799
1s72.cif,2638,0,2638,GAAACCCA,2798,,G,2805,,A,"0:2798,0:2799,0:2800,0:2801,0:2802,0:2803,0:2804,0:2805",GAT,exact-facility-location-gat_v9.pkl,1,False,0.0009319369564764202
1s72.cif,2639,0,2639,AAACCCAC,2799,,A,2806,,C,"0:2799,0:2800,0:2801,0:2802,0:2803,0:2804,0:2805,0:2806",GAT,exact-facility-location-gat_v9.pkl,1,False,0.001716761733405292
1s72.cif,2640,0,2640,AACCCACU,2800,,A,2807,,U,"0:2800,0:2801,0:2802,0:2803,0:2804,0:2805,0:2806,0:2807",GAT,exact-facility-location-gat_v9.pkl,1,False,0.0007189579191617668
1s72.cif,2641,0,2641,ACCCACUU,2801,,A,2808,,U,"0:2801,0:2802,0:2803,0:2804,0:2805,0:2806,0:2807,0:2808",GAT,exact-facility-location-gat_v9.pkl,1,False,0.0004427113162819296
1s72.cif,2642,0,2642,CCCACUUG,2802,,C,2809,,G,"0:2802,0:2803,0:2804,0:2805,0:2806,0:2807,0:2808,0:2809",GAT,exact-facility-location-gat_v9.pkl,1,False,0.0004941932274959981
1s72.cif,2643,0,2643,CCACUUGG,2803,,C,2810,,G,"0:2803,0:2804,0:2805,0:2806,0:2807,0:2808,0:2809,0:2810",GAT,exact-facility-location-gat_v9.pkl,1,False,0.0007204809226095676
1s72.cif,2644,0,2644,CACUUGGA,2804,,C,2811,,A,"0:2804,0:2805,0:2806,0:2807,0:2808,0:2809,0:2810,0:2811",GAT,exact-facility-location-gat_v9.pkl,1,False,0.0002872771874535829
1s72.cif,2645,0,2645,ACUUGGAA,2805,,A,2812,,A,"0:2805,0:2806,0:2807,0:2808,0:2809,0:2810,0:2811,0:2812",GAT,exact-facility-location-gat_v9.pkl,1,False,0.0002874201745726168
1s72.cif,2646,0,2646,CUUGGAAA,2806,,C,2813,,A,"0:2806,0:2807,0:2808,0:2809,0:2810,0:2811,0:2812,0:2813",GAT,exact-facility-location-gat_v9.pkl,1,False,0.0006136224837973714
1s72.cif,2647,0,2647,UUGGAAAA,2807,,U,2814,,A,"0:2807,0:2808,0:2809,0:2810,0:2811,0:2812,0:2813,0:2814",GAT,exact-facility-location-gat_v9.pkl,1,False,0.00019198407244402915
1s72.cif,2648,0,2648,UGGAAAAG,2808,,U,2815,,G,"0:2808,0:2809,0:2810,0:2811,0:2812,0:2813,0:2814,0:2815",GAT,exact-facility-location-gat_v9.pkl,1,False,2.9237502531032078e-05
1s72.cif,2649,0,2649,GGAAAAGA,2809,,G,2816,,A,"0:2809,0:2810,0:2811,0:2812,0:2813,0:2814,0:2815,0:2816",GAT,exact-facility-location-gat_v9.pkl,1,False,0.0002507070603314787
1s72.cif,2650,0,2650,GAAAAGAG,2810,,G,2817,,G,"0:2810,0:2811,0:2812,0:2813,0:2814,0:2815,0:2816,0:2817",GAT,exact-facility-location-gat_v9.pkl,1,False,0.007711437065154314
1s72.cif,2651,0,2651,AAAAGAGA,2811,,A,2818,,A,"0:2811,0:2812,0:2813,0:2814,0:2815,0:2816,0:2817,0:2818",GAT,exact-facility-location-gat_v9.pkl,1,False,0.002842362504452467
1s72.cif,2652,0,2652,AAAGAGAC,2812,,A,2819,,C,"0:2812,0:2813,0:2814,0:2815,0:2816,0:2817,0:2818,0:2819",GAT,exact-facility-location-gat_v9.pkl,1,False,5.759637133451179e-05
1s72.cif,2653,0,2653,AAGAGACA,2813,,A,2820,,A,"0:2813,0:2814,0:2815,0:2816,0:2817,0:2818,0:2819,0:2820",GAT,exact-facility-location-gat_v9.pkl,1,False,7.446434756275266e-05
1s72.cif,2654,0,2654,AGAGACAC,2814,,A,2821,,C,"0:2814,0:2815,0:2816,0:2817,0:2818,0:2819,0:2820,0:2821",GAT,exact-facility-location-gat_v9.pkl,1,False,0.00011832694144686684
1s72.cif,2655,0,2655,GAGACACC,2815,,G,2822,,C,"0:2815,0:2816,0:2817,0:2818,0:2819,0:2820,0:2821,0:2822",GAT,exact-facility-location-gat_v9.pkl,1,False,0.02036198414862156
1s72.cif,2656,0,2656,AGACACCG,2816,,A,2823,,G,"0:2816,0:2817,0:2818,0:2819,0:2820,0:2821,0:2822,0:2823",GAT,exact-facility-location-gat_v9.pkl,1,False,0.003788501489907503
1s72.cif,2657,0,2657,GACACCGC,2817,,G,2824,,C,"0:2817,0:2818,0:2819,0:2820,0:2821,0:2822,0:2823,0:2824",GAT,exact-facility-location-gat_v9.pkl,1,False,0.0014887303113937378
1s72.cif,2658,0,2658,ACACCGCC,2818,,A,2825,,C,"0:2818,0:2819,0:2820,0:2821,0:2822,0:2823,0:2824,0:2825",GAT,exact-facility-location-gat_v9.pkl,1,False,0.0010096041951328516
1s72.cif,2659,0,2659,CACCGCCG,2819,,C,2826,,G,"0:2819,0:2820,0:2821,0:2822,0:2823,0:2824,0:2825,0:2826",GAT,exact-facility-location-gat_v9.pkl,1,False,0.0001242488215211779
1s72.cif,2660,0,2660,ACCGCCGA,2820,,A,2827,,A,"0:2820,0:2821,0:2822,0:2823,0:2824,0:2825,0:2826,0:2827",GAT,exact-facility-location-gat_v9.pkl,1,False,0.00029226759215816855
1s72.cif,2661,0,2661,CCGCCGAG,2821,,C,2828,,G,"0:2821,0:2822,0:2823,0:2824,0:2825,0:2826,0:2827,0:2828",GAT,exact-facility-location-gat_v9.pkl,1,False,0.001703709247522056
1s72.cif,2662,0,2662,CGCCGAGG,2822,,C,2829,,G,"0:2822,0:2823,0:2824,0:2825,0:2826,0:2827,0:2828,0:2829",GAT,exact-facility-location-gat_v9.pkl,1,False,0.0011170065263286233
1s72.cif,2663,0,2663,GCCGAGGU,2823,,G,2830,,U,"0:2823,0:2824,0:2825,0:2826,0:2827,0:2828,0:2829,0:2830",GAT,exact-facility-location-gat_v9.pkl,1,False,0.0006275814957916737
1s72.cif,2664,0,2664,CCGAGGUC,2824,,C,2831,,C,"0:2824,0:2825,0:2826,0:2827,0:2828,0:2829,0:2830,0:2831",GAT,exact-facility-location-gat_v9.pkl,1,False,0.001764981192536652
1s72.cif,2665,0,2665,CGAGGUCC,2825,,C,2832,,C,"0:2825,0:2826,0:2827,0:2828,0:2829,0:2830,0:2831,0:2832",GAT,exact-facility-location-gat_v9.pkl,1,False,0.0004250279744155705
1s72.cif,2666,0,2666,GAGGUCCC,2826,,G,2833,,C,"0:2826,0:2827,0:2828,0:2829,0:2830,0:2831,0:2832,0:2833",GAT,exact-facility-location-gat_v9.pkl,1,False,0.00028936879243701696
1s72.cif,2667,0,2667,AGGUCCCG,2827,,A,2834,,G,"0:2827,0:2828,0:2829,0:2830,0:2831,0:2832,0:2833,0:2834",GAT,exact-facility-location-gat_v9.pkl,1,False,0.0004078553174622357
1s72.cif,2668,0,2668,GGUCCCGC,2828,,G,2835,,C,"0:2828,0:2829,0:2830,0:2831,0:2832,0:2833,0:2834,0:2835",GAT,exact-facility-location-gat_v9.pkl,1,False,0.000446810619905591
1s72.cif,2669,0,2669,GUCCCGCG,2829,,G,2836,,G,"0:2829,0:2830,0:2831,0:2832,0:2833,0:2834,0:2835,0:2836",GAT,exact-facility-location-gat_v9.pkl,1,False,0.0013438136084005237
1s72.cif,2670,0,2670,UCCCGCGU,2830,,U,2837,,U,"0:2830,0:2831,0:2832,0:2833,0:2834,0:2835,0:2836,0:2837",GAT,exact-facility-location-gat_v9.pkl,1,False,0.017831284552812576
1s72.cif,2671,0,2671,CCCGCGUA,2831,,C,2838,,A,"0:2831,0:2832,0:2833,0:2834,0:2835,0:2836,0:2837,0:2838",GAT,exact-facility-location-gat_v9.pkl,1,False,0.017307942733168602
1s72.cif,2672,0,2672,CCGCGUAC,2832,,C,2839,,C,"0:2832,0:2833,0:2834,0:2835,0:2836,0:2837,0:2838,0:2839",GAT,exact-facility-location-gat_v9.pkl,1,False,0.0052168527618050575
1s72.cif,2673,0,2673,CGCGUACA,2833,,C,2840,,A,"0:2833,0:2834,0:2835,0:2836,0:2837,0:2838,0:2839,0:2840",GAT,exact-facility-location-gat_v9.pkl,1,False,0.0007909091655164957
1s72.cif,2674,0,2674,GCGUACAA,2834,,G,2841,,A,"0:2834,0:2835,0:2836,0:2837,0:2838,0:2839,0:2840,0:2841",GAT,exact-facility-location-gat_v9.pkl,1,False,0.0037664403207600117
1s72.cif,2675,0,2675,CGUACAAG,2835,,C,2842,,G,"0:2835,0:2836,0:2837,0:2838,0:2839,0:2840,0:2841,0:2842",GAT,exact-facility-location-gat_v9.pkl,1,False,0.0014263360062614083
1s72.cif,2676,0,2676,GUACAAGA,2836,,G,2843,,A,"0:2836,0:2837,0:2838,0:2839,0:2840,0:2841,0:2842,0:2843",GAT,exact-facility-location-gat_v9.pkl,1,False,0.0013109234860166907
1s72.cif,2677,0,2677,UACAAGAC,2837,,U,2844,,C,"0:2837,0:2838,0:2839,0:2840,0:2841,0:2842,0:2843,0:2844",GAT,exact-facility-location-gat_v9.pkl,1,False,0.4431726336479187
1s72.cif,2678,0,2678,ACAAGACG,2838,,A,2845,,G,"0:2838,0:2839,0:2840,0:2841,0:2842,0:2843,0:2844,0:2845",GAT,exact-facility-location-gat_v9.pkl,1,False,0.04078058898448944
1s72.cif,2679,0,2679,CAAGACGC,2839,,C,2846,,C,"0:2839,0:2840,0:2841,0:2842,0:2843,0:2844,0:2845,0:2846",GAT,exact-facility-location-gat_v9.pkl,1,False,0.003427488962188363
1s72.cif,2680,0,2680,AAGACGCG,2840,,A,2847,,G,"0:2840,0:2841,0:2842,0:2843,0:2844,0:2845,0:2846,0:2847",GAT,exact-facility-location-gat_v9.pkl,1,False,0.0006010540528222919
1s72.cif,2681,0,2681,AGACGCGG,2841,,A,2848,,G,"0:2841,0:2842,0:2843,0:2844,0:2845,0:2846,0:2847,0:2848",GAT,exact-facility-location-gat_v9.pkl,1,False,0.0008843644754961133
1s72.cif,2682,0,2682,GACGCGGU,2842,,G,2849,,U,"0:2842,0:2843,0:2844,0:2845,0:2846,0:2847,0:2848,0:2849",GAT,exact-facility-location-gat_v9.pkl,1,False,0.000345493433997035
1s72.cif,2683,0,2683,ACGCGGUC,2843,,A,2850,,C,"0:2843,0:2844,0:2845,0:2846,0:2847,0:2848,0:2849,0:2850",GAT,exact-facility-location-gat_v9.pkl,1,False,0.00017696773284114897
1s72.cif,2684,0,2684,CGCGGUCG,2844,,C,2851,,G,"0:2844,0:2845,0:2846,0:2847,0:2848,0:2849,0:2850,0:2851",GAT,exact-facility-location-gat_v9.pkl,1,False,0.000504069437738508
1s72.cif,2685,0,2685,GCGGUCGA,2845,,G,2852,,A,"0:2845,0:2846,0:2847,0:2848,0:2849,0:2850,0:2851,0:2852",GAT,exact-facility-location-gat_v9.pkl,1,False,0.00032539243693463504
1s72.cif,2686,0,2686,CGGUCGAU,2846,,C,2853,,U,"0:2846,0:2847,0:2848,0:2849,0:2850,0:2851,0:2852,0:2853",GAT,exact-facility-location-gat_v9.pkl,1,False,0.0015137136215344071
1s72.cif,2687,0,2687,GGUCGAUA,2847,,G,2854,,A,"0:2847,0:2848,0:2849,0:2850,0:2851,0:2852,0:2853,0:2854",GAT,exact-facility-location-gat_v9.pkl,1,False,0.001416548970155418
1s72.cif,2688,0,2688,GUCGAUAG,2848,,G,2855,,G,"0:2848,0:2849,0:2850,0:2851,0:2852,0:2853,0:2854,0:2855",GAT,exact-facility-location-gat_v9.pkl,1,False,0.0038097803480923176
1s72.cif,2689,0,2689,UCGAUAGA,2849,,U,2856,,A,"0:2849,0:2850,0:2851,0:2852,0:2853,0:2854,0:2855,0:2856",GAT,exact-facility-location-gat_v9.pkl,1,False,0.0027190190739929676
1s72.cif,2690,0,2690,CGAUAGAC,2850,,C,2857,,C,"0:2850,0:2851,0:2852,0:2853,0:2854,0:2855,0:2856,0:2857",GAT,exact-facility-location-gat_v9.pkl,1,False,0.0006279908120632172
1s72.cif,2691,0,2691,GAUAGACU,2851,,G,2858,,U,"0:2851,0:2852,0:2853,0:2854,0:2855,0:2856,0:2857,0:2858",GAT,exact-facility-location-gat_v9.pkl,1,False,0.0015433963853865862
1s72.cif,2692,0,2692,AUAGACUC,2852,,A,2859,,C,"0:2852,0:2853,0:2854,0:2855,0:2856,0:2857,0:2858,0:2859",GAT,exact-facility-location-gat_v9.pkl,1,False,0.0012494713300839067
1s72.cif,2693,0,2693,UAGACUCG,2853,,U,2860,,G,"0:2853,0:2854,0:2855,0:2856,0:2857,0:2858,0:2859,0:2860",GAT,exact-facility-location-gat_v9.pkl,1,False,0.0007087191333994269
1s72.cif,2694,0,2694,AGACUCGG,2854,,A,2861,,G,"0:2854,0:2855,0:2856,0:2857,0:2858,0:2859,0:2860,0:2861",GAT,exact-facility-location-gat_v9.pkl,1,False,0.0008083920693024993
1s72.cif,2695,0,2695,GACUCGGG,2855,,G,2862,,G,"0:2855,0:2856,0:2857,0:2858,0:2859,0:2860,0:2861,0:2862",GAT,exact-facility-location-gat_v9.pkl,1,False,0.000656471645925194
1s72.cif,2696,0,2696,ACUCGGGG,2856,,A,2863,,G,"0:2856,0:2857,0:2858,0:2859,0:2860,0:2861,0:2862,0:2863",GAT,exact-facility-location-gat_v9.pkl,1,False,0.000507615739479661
1s72.cif,2697,0,2697,CUCGGGGU,2857,,C,2864,,U,"0:2857,0:2858,0:2859,0:2860,0:2861,0:2862,0:2863,0:2864",GAT,exact-facility-location-gat_v9.pkl,1,False,0.0003935786080546677
1s72.cif,2698,0,2698,UCGGGGUG,2858,,U,2865,,G,"0:2858,0:2859,0:2860,0:2861,0:2862,0:2863,0:2864,0:2865",GAT,exact-facility-location-gat_v9.pkl,1,False,0.0003239061334170401
1s72.cif,2699,0,2699,CGGGGUGU,2859,,C,2866,,U,"0:2859,0:2860,0:2861,0:2862,0:2863,0:2864,0:2865,0:2866",GAT,exact-facility-location-gat_v9.pkl,1,False,0.0019568686839193106
1s72.cif,2700,0,2700,GGGGUGUG,2860,,G,2867,,G,"0:2860,0:2861,0:2862,0:2863,0:2864,0:2865,0:2866,0:2867",GAT,exact-facility-location-gat_v9.pkl,1,False,0.014666556380689144
1s72.cif,2701,0,2701,GGGUGUGC,2861,,G,2868,,C,"0:2861,0:2862,0:2863,0:2864,0:2865,0:2866,0:2867,0:2868",GAT,exact-facility-location-gat_v9.pkl,1,False,0.0007924329838715494
1s72.cif,2702,0,2702,GGUGUGCG,2862,,G,2869,,G,"0:2862,0:2863,0:2864,0:2865,0:2866,0:2867,0:2868,0:2869",GAT,exact-facility-location-gat_v9.pkl,1,False,7.201708649517968e-05
1s72.cif,2703,0,2703,GUGUGCGC,2863,,G,2870,,C,"0:2863,0:2864,0:2865,0:2866,0:2867,0:2868,0:2869,0:2870",GAT,exact-facility-location-gat_v9.pkl,1,False,7.974689651746303e-05
1s72.cif,2704,0,2704,UGUGCGCG,2864,,U,2871,,G,"0:2864,0:2865,0:2866,0:2867,0:2868,0:2869,0:2870,0:2871",GAT,exact-facility-location-gat_v9.pkl,1,False,0.0008262984920293093
1s72.cif,2705,0,2705,GUGCGCGU,2865,,G,2872,,U,"0:2865,0:2866,0:2867,0:2868,0:2869,0:2870,0:2871,0:2872",GAT,exact-facility-location-gat_v9.pkl,1,False,0.010601608082652092
1s72.cif,2706,0,2706,UGCGCGUC,2866,,U,2873,,C,"0:2866,0:2867,0:2868,0:2869,0:2870,0:2871,0:2872,0:2873",GAT,exact-facility-location-gat_v9.pkl,1,False,0.000991786946542561
1s72.cif,2707,0,2707,GCGCGUCG,2867,,G,2874,,G,"0:2867,0:2868,0:2869,0:2870,0:2871,0:2872,0:2873,0:2874",GAT,exact-facility-location-gat_v9.pkl,1,False,0.0004391405964270234
1s72.cif,2708,0,2708,CGCGUCGA,2868,,C,2875,,A,"0:2868,0:2869,0:2870,0:2871,0:2872,0:2873,0:2874,0:2875",GAT,exact-facility-location-gat_v9.pkl,1,False,0.00019398661970626563
1s72.cif,2709,0,2709,GCGUCGAG,2869,,G,2876,,G,"0:2869,0:2870,0:2871,0:2872,0:2873,0:2874,0:2875,0:2876",GAT,exact-facility-location-gat_v9.pkl,1,False,0.00043370528146624565
1s72.cif,2710,0,2710,CGUCGAGG,2870,,C,2877,,G,"0:2870,0:2871,0:2872,0:2873,0:2874,0:2875,0:2876,0:2877",GAT,exact-facility-location-gat_v9.pkl,1,False,0.0017510110046714544
1s72.cif,2711,0,2711,GUCGAGGU,2871,,G,2878,,U,"0:2871,0:2872,0:2873,0:2874,0:2875,0:2876,0:2877,0:2878",GAT,exact-facility-location-gat_v9.pkl,1,False,0.003570229047909379
1s72.cif,2712,0,2712,UCGAGGUA,2872,,U,2879,,A,"0:2872,0:2873,0:2874,0:2875,0:2876,0:2877,0:2878,0:2879",GAT,exact-facility-location-gat_v9.pkl,1,False,0.1388549655675888
1s72.cif,2713,0,2713,CGAGGUAA,2873,,C,2880,,A,"0:2873,0:2874,0:2875,0:2876,0:2877,0:2878,0:2879,0:2880",GAT,exact-facility-location-gat_v9.pkl,1,False,0.005000739824026823
1s72.cif,2714,0,2714,GAGGUAAC,2874,,G,2881,,C,"0:2874,0:2875,0:2876,0:2877,0:2878,0:2879,0:2880,0:2881",GAT,exact-facility-location-gat_v9.pkl,1,False,0.016955876722931862
1s72.cif,2715,0,2715,AGGUAACG,2875,,A,2882,,G,"0:2875,0:2876,0:2877,0:2878,0:2879,0:2880,0:2881,0:2882",GAT,exact-facility-location-gat_v9.pkl,1,True,0.8800551295280457
1s72.cif,2716,0,2716,GGUAACGA,2876,,G,2883,,A,"0:2876,0:2877,0:2878,0:2879,0:2880,0:2881,0:2882,0:2883",GAT,exact-facility-location-gat_v9.pkl,1,False,0.057108256965875626
1s72.cif,2717,0,2717,GUAACGAG,2877,,G,2884,,G,"0:2877,0:2878,0:2879,0:2880,0:2881,0:2882,0:2883,0:2884",GAT,exact-facility-location-gat_v9.pkl,1,False,0.00048506452003493905
1s72.cif,2718,0,2718,UAACGAGA,2878,,U,2885,,A,"0:2878,0:2879,0:2880,0:2881,0:2882,0:2883,0:2884,0:2885",GAT,exact-facility-location-gat_v9.pkl,1,False,0.00039665328222326934
1s72.cif,2719,0,2719,AACGAGAC,2879,,A,2886,,C,"0:2879,0:2880,0:2881,0:2882,0:2883,0:2884,0:2885,0:2886",GAT,exact-facility-location-gat_v9.pkl,1,False,0.0003991103731095791
1s72.cif,2720,0,2720,ACGAGACG,2880,,A,2887,,G,"0:2880,0:2881,0:2882,0:2883,0:2884,0:2885,0:2886,0:2887",GAT,exact-facility-location-gat_v9.pkl,1,False,0.015065875835716724
1s72.cif,2721,0,2721,CGAGACGU,2881,,C,2888,,U,"0:2881,0:2882,0:2883,0:2884,0:2885,0:2886,0:2887,0:2888",GAT,exact-facility-location-gat_v9.pkl,1,False,0.0031481122132390738
1s72.cif,2722,0,2722,GAGACGUU,2882,,G,2889,,U,"0:2882,0:2883,0:2884,0:2885,0:2886,0:2887,0:2888,0:2889",GAT,exact-facility-location-gat_v9.pkl,1,False,0.0005778860067948699
1s72.cif,2723,0,2723,AGACGUUA,2883,,A,2890,,A,"0:2883,0:2884,0:2885,0:2886,0:2887,0:2888,0:2889,0:2890",GAT,exact-facility-location-gat_v9.pkl,1,False,0.0003575274895410985
1s72.cif,2724,0,2724,GACGUUAA,2884,,G,2891,,A,"0:2884,0:2885,0:2886,0:2887,0:2888,0:2889,0:2890,0:2891",GAT,exact-facility-location-gat_v9.pkl,1,False,0.0045920368283987045
1s72.cif,2725,0,2725,ACGUUAAG,2885,,A,2892,,G,"0:2885,0:2886,0:2887,0:2888,0:2889,0:2890,0:2891,0:2892",GAT,exact-facility-location-gat_v9.pkl,1,False,0.0004820194735657424
1s72.cif,2726,0,2726,CGUUAAGC,2886,,C,2893,,C,"0:2886,0:2887,0:2888,0:2889,0:2890,0:2891,0:2892,0:2893",GAT,exact-facility-location-gat_v9.pkl,1,False,0.0003319026727695018
1s72.cif,2727,0,2727,GUUAAGCC,2887,,G,2894,,C,"0:2887,0:2888,0:2889,0:2890,0:2891,0:2892,0:2893,0:2894",GAT,exact-facility-location-gat_v9.pkl,1,False,3.9178372389869764e-05
1s72.cif,2728,0,2728,UUAAGCCC,2888,,U,2895,,C,"0:2888,0:2889,0:2890,0:2891,0:2892,0:2893,0:2894,0:2895",GAT,exact-facility-location-gat_v9.pkl,1,False,0.0002578942512627691
1s72.cif,2729,0,2729,UAAGCCCA,2889,,U,2896,,A,"0:2889,0:2890,0:2891,0:2892,0:2893,0:2894,0:2895,0:2896",GAT,exact-facility-location-gat_v9.pkl,1,False,0.0005293177673593163
1s72.cif,2730,0,2730,AAGCCCAC,2890,,A,2897,,C,"0:2890,0:2891,0:2892,0:2893,0:2894,0:2895,0:2896,0:2897",GAT,exact-facility-location-gat_v9.pkl,1,False,0.0008184267207980156
1s72.cif,2731,0,2731,AGCCCACG,2891,,A,2898,,G,"0:2891,0:2892,0:2893,0:2894,0:2895,0:2896,0:2897,0:2898",GAT,exact-facility-location-gat_v9.pkl,1,False,0.004215079825371504
1s72.cif,2732,0,2732,GCCCACGA,2892,,G,2899,,A,"0:2892,0:2893,0:2894,0:2895,0:2896,0:2897,0:2898,0:2899",GAT,exact-facility-location-gat_v9.pkl,1,False,0.005861674901098013
1s72.cif,2733,0,2733,CCCACGAG,2893,,C,2900,,G,"0:2893,0:2894,0:2895,0:2896,0:2897,0:2898,0:2899,0:2900",GAT,exact-facility-location-gat_v9.pkl,1,False,0.006970944814383984
1s72.cif,2734,0,2734,CCACGAGC,2894,,C,2901,,C,"0:2894,0:2895,0:2896,0:2897,0:2898,0:2899,0:2900,0:2901",GAT,exact-facility-location-gat_v9.pkl,1,False,0.0006794261280447245
1s72.cif,2735,0,2735,CACGAGCA,2895,,C,2902,,A,"0:2895,0:2896,0:2897,0:2898,0:2899,0:2900,0:2901,0:2902",GAT,exact-facility-location-gat_v9.pkl,1,False,0.0010617387015372515
1s72.cif,2736,0,2736,ACGAGCAC,2896,,A,2903,,C,"0:2896,0:2897,0:2898,0:2899,0:2900,0:2901,0:2902,0:2903",GAT,exact-facility-location-gat_v9.pkl,1,False,0.02640850841999054
1s72.cif,2737,0,2737,CGAGCACU,2897,,C,2904,,U,"0:2897,0:2898,0:2899,0:2900,0:2901,0:2902,0:2903,0:2904",GAT,exact-facility-location-gat_v9.pkl,1,False,0.003248050343245268
1s72.cif,2738,0,2738,GAGCACUA,2898,,G,2905,,A,"0:2898,0:2899,0:2900,0:2901,0:2902,0:2903,0:2904,0:2905",GAT,exact-facility-location-gat_v9.pkl,1,False,0.008029845543205738
1s72.cif,2739,0,2739,AGCACUAA,2899,,A,2906,,A,"0:2899,0:2900,0:2901,0:2902,0:2903,0:2904,0:2905,0:2906",GAT,exact-facility-location-gat_v9.pkl,1,False,0.0030373847112059593
1s72.cif,2740,0,2740,GCACUAAC,2900,,G,2907,,C,"0:2900,0:2901,0:2902,0:2903,0:2904,0:2905,0:2906,0:2907",GAT,exact-facility-location-gat_v9.pkl,1,False,0.0005803638487122953
1s72.cif,2741,0,2741,CACUAACA,2901,,C,2908,,A,"0:2901,0:2902,0:2903,0:2904,0:2905,0:2906,0:2907,0:2908",GAT,exact-facility-location-gat_v9.pkl,1,False,0.00015039779827930033
1s72.cif,2742,0,2742,ACUAACAG,2902,,A,2909,,G,"0:2902,0:2903,0:2904,0:2905,0:2906,0:2907,0:2908,0:2909",GAT,exact-facility-location-gat_v9.pkl,1,False,7.295708928722888e-05
1s72.cif,2743,0,2743,CUAACAGA,2903,,C,2910,,A,"0:2903,0:2904,0:2905,0:2906,0:2907,0:2908,0:2909,0:2910",GAT,exact-facility-location-gat_v9.pkl,1,False,2.4447097530355677e-05
1s72.cif,2744,0,2744,UAACAGAC,2904,,U,2911,,C,"0:2904,0:2905,0:2906,0:2907,0:2908,0:2909,0:2910,0:2911",GAT,exact-facility-location-gat_v9.pkl,1,False,0.0004426642553880811
1s72.cif,2745,0,2745,AACAGACC,2905,,A,2912,,C,"0:2905,0:2906,0:2907,0:2908,0:2909,0:2910,0:2911,0:2912",GAT,exact-facility-location-gat_v9.pkl,1,False,0.005293381866067648
1s72.cif,2746,0,2746,ACAGACCA,2906,,A,2913,,A,"0:2906,0:2907,0:2908,0:2909,0:2910,0:2911,0:2912,0:2913",GAT,exact-facility-location-gat_v9.pkl,1,False,0.0009920141892507672
1s72.cif,2747,0,2747,CAGACCAA,2907,,C,2914,,A,"0:2907,0:2908,0:2909,0:2910,0:2911,0:2912,0:2913,0:2914",GAT,exact-facility-location-gat_v9.pkl,1,False,0.00014639680739492178
1s72.cif,2748,9,1,UUAGGCGG,1,,U,8,,G,"9:1,9:2,9:3,9:4,9:5,9:6,9:7,9:8",GAT,exact-facility-location-gat_v9.pkl,1,False,0.009833880700170994
1s72.cif,2749,9,2,UAGGCGGC,2,,U,9,,C,"9:2,9:3,9:4,9:5,9:6,9:7,9:8,9:9",GAT,exact-facility-location-gat_v9.pkl,1,False,0.006090593058615923
1s72.cif,2750,9,3,AGGCGGCC,3,,A,10,,C,"9:3,9:4,9:5,9:6,9:7,9:8,9:9,9:10",GAT,exact-facility-location-gat_v9.pkl,1,False,0.0024149848613888025
1s72.cif,2751,9,4,GGCGGCCA,4,,G,11,,A,"9:4,9:5,9:6,9:7,9:8,9:9,9:10,9:11",GAT,exact-facility-location-gat_v9.pkl,1,False,0.005024829413741827
1s72.cif,2752,9,5,GCGGCCAC,5,,G,12,,C,"9:5,9:6,9:7,9:8,9:9,9:10,9:11,9:12",GAT,exact-facility-location-gat_v9.pkl,1,False,0.00403639767318964
1s72.cif,2753,9,6,CGGCCACA,6,,C,13,,A,"9:6,9:7,9:8,9:9,9:10,9:11,9:12,9:13",GAT,exact-facility-location-gat_v9.pkl,1,False,0.012276923283934593
1s72.cif,2754,9,7,GGCCACAG,7,,G,14,,G,"9:7,9:8,9:9,9:10,9:11,9:12,9:13,9:14",GAT,exact-facility-location-gat_v9.pkl,1,False,0.010129808448255062
1s72.cif,2755,9,8,GCCACAGC,8,,G,15,,C,"9:8,9:9,9:10,9:11,9:12,9:13,9:14,9:15",GAT,exact-facility-location-gat_v9.pkl,1,False,0.00019615628116298467
1s72.cif,2756,9,9,CCACAGCG,9,,C,16,,G,"9:9,9:10,9:11,9:12,9:13,9:14,9:15,9:16",GAT,exact-facility-location-gat_v9.pkl,1,False,6.993048737058416e-05
1s72.cif,2757,9,10,CACAGCGG,10,,C,17,,G,"9:10,9:11,9:12,9:13,9:14,9:15,9:16,9:17",GAT,exact-facility-location-gat_v9.pkl,1,False,0.0003204329696018249
1s72.cif,2758,9,11,ACAGCGGU,11,,A,18,,U,"9:11,9:12,9:13,9:14,9:15,9:16,9:17,9:18",GAT,exact-facility-location-gat_v9.pkl,1,False,0.01850186474621296
1s72.cif,2759,9,12,CAGCGGUG,12,,C,19,,G,"9:12,9:13,9:14,9:15,9:16,9:17,9:18,9:19",GAT,exact-facility-location-gat_v9.pkl,1,False,0.0015224679373204708
1s72.cif,2760,9,13,AGCGGUGG,13,,A,20,,G,"9:13,9:14,9:15,9:16,9:17,9:18,9:19,9:20",GAT,exact-facility-location-gat_v9.pkl,1,False,0.0013488194672390819
1s72.cif,2761,9,14,GCGGUGGG,14,,G,21,,G,"9:14,9:15,9:16,9:17,9:18,9:19,9:20,9:21",GAT,exact-facility-location-gat_v9.pkl,1,False,0.0006602716166526079
1s72.cif,2762,9,15,CGGUGGGG,15,,C,22,,G,"9:15,9:16,9:17,9:18,9:19,9:20,9:21,9:22",GAT,exact-facility-location-gat_v9.pkl,1,False,0.0004121589590795338
1s72.cif,2763,9,16,GGUGGGGU,16,,G,23,,U,"9:16,9:17,9:18,9:19,9:20,9:21,9:22,9:23",GAT,exact-facility-location-gat_v9.pkl,1,False,0.00026292778784409165
1s72.cif,2764,9,17,GUGGGGUU,17,,G,24,,U,"9:17,9:18,9:19,9:20,9:21,9:22,9:23,9:24",GAT,exact-facility-location-gat_v9.pkl,1,False,4.763438118970953e-05
1s72.cif,2765,9,18,UGGGGUUG,18,,U,25,,G,"9:18,9:19,9:20,9:21,9:22,9:23,9:24,9:25",GAT,exact-facility-location-gat_v9.pkl,1,False,4.695180541602895e-05
1s72.cif,2766,9,19,GGGGUUGC,19,,G,26,,C,"9:19,9:20,9:21,9:22,9:23,9:24,9:25,9:26",GAT,exact-facility-location-gat_v9.pkl,1,False,8.33422745927237e-05
1s72.cif,2767,9,20,GGGUUGCC,20,,G,27,,C,"9:20,9:21,9:22,9:23,9:24,9:25,9:26,9:27",GAT,exact-facility-location-gat_v9.pkl,1,False,0.0011651974637061357
1s72.cif,2768,9,21,GGUUGCCU,21,,G,28,,U,"9:21,9:22,9:23,9:24,9:25,9:26,9:27,9:28",GAT,exact-facility-location-gat_v9.pkl,1,False,0.0036458068061619997
1s72.cif,2769,9,22,GUUGCCUC,22,,G,29,,C,"9:22,9:23,9:24,9:25,9:26,9:27,9:28,9:29",GAT,exact-facility-location-gat_v9.pkl,1,False,0.004868064075708389
1s72.cif,2770,9,23,UUGCCUCC,23,,U,30,,C,"9:23,9:24,9:25,9:26,9:27,9:28,9:29,9:30",GAT,exact-facility-location-gat_v9.pkl,1,False,0.003046520985662937
1s72.cif,2771,9,24,UGCCUCCC,24,,U,31,,C,"9:24,9:25,9:26,9:27,9:28,9:29,9:30,9:31",GAT,exact-facility-location-gat_v9.pkl,1,False,0.002750940155237913
1s72.cif,2772,9,25,GCCUCCCG,25,,G,32,,G,"9:25,9:26,9:27,9:28,9:29,9:30,9:31,9:32",GAT,exact-facility-location-gat_v9.pkl,1,False,0.0005511175259016454
1s72.cif,2773,9,26,CCUCCCGU,26,,C,33,,U,"9:26,9:27,9:28,9:29,9:30,9:31,9:32,9:33",GAT,exact-facility-location-gat_v9.pkl,1,False,0.000326699810102582
1s72.cif,2774,9,27,CUCCCGUA,27,,C,34,,A,"9:27,9:28,9:29,9:30,9:31,9:32,9:33,9:34",GAT,exact-facility-location-gat_v9.pkl,1,False,0.00481913797557354
1s72.cif,2775,9,28,UCCCGUAC,28,,U,35,,C,"9:28,9:29,9:30,9:31,9:32,9:33,9:34,9:35",GAT,exact-facility-location-gat_v9.pkl,1,False,0.002488741185516119
1s72.cif,2776,9,29,CCCGUACC,29,,C,36,,C,"9:29,9:30,9:31,9:32,9:33,9:34,9:35,9:36",GAT,exact-facility-location-gat_v9.pkl,1,False,0.01560632511973381
1s72.cif,2777,9,30,CCGUACCC,30,,C,37,,C,"9:30,9:31,9:32,9:33,9:34,9:35,9:36,9:37",GAT,exact-facility-location-gat_v9.pkl,1,False,0.008937963284552097
1s72.cif,2778,9,31,CGUACCCA,31,,C,38,,A,"9:31,9:32,9:33,9:34,9:35,9:36,9:37,9:38",GAT,exact-facility-location-gat_v9.pkl,1,False,0.0023346664384007454
1s72.cif,2779,9,32,GUACCCAU,32,,G,39,,U,"9:32,9:33,9:34,9:35,9:36,9:37,9:38,9:39",GAT,exact-facility-location-gat_v9.pkl,1,False,0.0012974945129826665
1s72.cif,2780,9,33,UACCCAUC,33,,U,40,,C,"9:33,9:34,9:35,9:36,9:37,9:38,9:39,9:40",GAT,exact-facility-location-gat_v9.pkl,1,False,0.0006272023892961442
1s72.cif,2781,9,34,ACCCAUCC,34,,A,41,,C,"9:34,9:35,9:36,9:37,9:38,9:39,9:40,9:41",GAT,exact-facility-location-gat_v9.pkl,1,False,0.0024267376866191626
1s72.cif,2782,9,35,CCCAUCCC,35,,C,42,,C,"9:35,9:36,9:37,9:38,9:39,9:40,9:41,9:42",GAT,exact-facility-location-gat_v9.pkl,1,False,0.0013419259339571
1s72.cif,2783,9,36,CCAUCCCG,36,,C,43,,G,"9:36,9:37,9:38,9:39,9:40,9:41,9:42,9:43",GAT,exact-facility-location-gat_v9.pkl,1,False,0.0011673644185066223
1s72.cif,2784,9,37,CAUCCCGA,37,,C,44,,A,"9:37,9:38,9:39,9:40,9:41,9:42,9:43,9:44",GAT,exact-facility-location-gat_v9.pkl,1,False,0.008453433401882648
1s72.cif,2785,9,38,AUCCCGAA,38,,A,45,,A,"9:38,9:39,9:40,9:41,9:42,9:43,9:44,9:45",GAT,exact-facility-location-gat_v9.pkl,1,False,0.0011034049093723297
1s72.cif,2786,9,39,UCCCGAAC,39,,U,46,,C,"9:39,9:40,9:41,9:42,9:43,9:44,9:45,9:46",GAT,exact-facility-location-gat_v9.pkl,1,False,0.028878895565867424
1s72.cif,2787,9,40,CCCGAACA,40,,C,47,,A,"9:40,9:41,9:42,9:43,9:44,9:45,9:46,9:47",GAT,exact-facility-location-gat_v9.pkl,1,False,0.0027903986629098654
1s72.cif,2788,9,41,CCGAACAC,41,,C,48,,C,"9:41,9:42,9:43,9:44,9:45,9:46,9:47,9:48",GAT,exact-facility-location-gat_v9.pkl,1,False,0.0007963815587572753
1s72.cif,2789,9,42,CGAACACG,42,,C,49,,G,"9:42,9:43,9:44,9:45,9:46,9:47,9:48,9:49",GAT,exact-facility-location-gat_v9.pkl,1,False,0.001756740384735167
1s72.cif,2790,9,43,GAACACGG,43,,G,50,,G,"9:43,9:44,9:45,9:46,9:47,9:48,9:49,9:50",GAT,exact-facility-location-gat_v9.pkl,1,False,0.002527091186493635
1s72.cif,2791,9,44,AACACGGA,44,,A,51,,A,"9:44,9:45,9:46,9:47,9:48,9:49,9:50,9:51",GAT,exact-facility-location-gat_v9.pkl,1,False,0.0008882043184712529
1s72.cif,2792,9,45,ACACGGAA,45,,A,52,,A,"9:45,9:46,9:47,9:48,9:49,9:50,9:51,9:52",GAT,exact-facility-location-gat_v9.pkl,1,False,0.014252815395593643
1s72.cif,2793,9,46,CACGGAAG,46,,C,53,,G,"9:46,9:47,9:48,9:49,9:50,9:51,9:52,9:53",GAT,exact-facility-location-gat_v9.pkl,1,False,0.00871849525719881
1s72.cif,2794,9,47,ACGGAAGA,47,,A,54,,A,"9:47,9:48,9:49,9:50,9:51,9:52,9:53,9:54",GAT,exact-facility-location-gat_v9.pkl,1,False,0.01854761503636837
1s72.cif,2795,9,48,CGGAAGAU,48,,C,55,,U,"9:48,9:49,9:50,9:51,9:52,9:53,9:54,9:55",GAT,exact-facility-location-gat_v9.pkl,1,False,0.0038146390579640865
1s72.cif,2796,9,49,GGAAGAUA,49,,G,56,,A,"9:49,9:50,9:51,9:52,9:53,9:54,9:55,9:56",GAT,exact-facility-location-gat_v9.pkl,1,False,0.010090263560414314
1s72.cif,2797,9,50,GAAGAUAA,50,,G,57,,A,"9:50,9:51,9:52,9:53,9:54,9:55,9:56,9:57",GAT,exact-facility-location-gat_v9.pkl,1,False,0.0017456605564802885
1s72.cif,2798,9,51,AAGAUAAG,51,,A,58,,G,"9:51,9:52,9:53,9:54,9:55,9:56,9:57,9:58",GAT,exact-facility-location-gat_v9.pkl,1,False,0.002223149873316288
1s72.cif,2799,9,52,AGAUAAGC,52,,A,59,,C,"9:52,9:53,9:54,9:55,9:56,9:57,9:58,9:59",GAT,exact-facility-location-gat_v9.pkl,1,False,0.0013294212985783815
1s72.cif,2800,9,53,GAUAAGCC,53,,G,60,,C,"9:53,9:54,9:55,9:56,9:57,9:58,9:59,9:60",GAT,exact-facility-location-gat_v9.pkl,1,False,0.0005729836411774158
1s72.cif,2801,9,54,AUAAGCCC,54,,A,61,,C,"9:54,9:55,9:56,9:57,9:58,9:59,9:60,9:61",GAT,exact-facility-location-gat_v9.pkl,1,False,0.0009884178871288896
1s72.cif,2802,9,55,UAAGCCCA,55,,U,62,,A,"9:55,9:56,9:57,9:58,9:59,9:60,9:61,9:62",GAT,exact-facility-location-gat_v9.pkl,1,False,0.00093095499323681
1s72.cif,2803,9,56,AAGCCCAC,56,,A,63,,C,"9:56,9:57,9:58,9:59,9:60,9:61,9:62,9:63",GAT,exact-facility-location-gat_v9.pkl,1,False,0.0004669918562285602
1s72.cif,2804,9,57,AGCCCACC,57,,A,64,,C,"9:57,9:58,9:59,9:60,9:61,9:62,9:63,9:64",GAT,exact-facility-location-gat_v9.pkl,1,False,0.0011297001037746668
1s72.cif,2805,9,58,GCCCACCA,58,,G,65,,A,"9:58,9:59,9:60,9:61,9:62,9:63,9:64,9:65",GAT,exact-facility-location-gat_v9.pkl,1,False,0.0008944276487454772
1s72.cif,2806,9,59,CCCACCAG,59,,C,66,,G,"9:59,9:60,9:61,9:62,9:63,9:64,9:65,9:66",GAT,exact-facility-location-gat_v9.pkl,1,False,0.006405008025467396
1s72.cif,2807,9,60,CCACCAGC,60,,C,67,,C,"9:60,9:61,9:62,9:63,9:64,9:65,9:66,9:67",GAT,exact-facility-location-gat_v9.pkl,1,False,0.002430397318676114
1s72.cif,2808,9,61,CACCAGCG,61,,C,68,,G,"9:61,9:62,9:63,9:64,9:65,9:66,9:67,9:68",GAT,exact-facility-location-gat_v9.pkl,1,False,0.004426412284374237
1s72.cif,2809,9,62,ACCAGCGU,62,,A,69,,U,"9:62,9:63,9:64,9:65,9:66,9:67,9:68,9:69",GAT,exact-facility-location-gat_v9.pkl,1,False,0.007009073626250029
1s72.cif,2810,9,63,CCAGCGUU,63,,C,70,,U,"9:63,9:64,9:65,9:66,9:67,9:68,9:69,9:70",GAT,exact-facility-location-gat_v9.pkl,1,False,0.0021589435636997223
1s72.cif,2811,9,64,CAGCGUUC,64,,C,71,,C,"9:64,9:65,9:66,9:67,9:68,9:69,9:70,9:71",GAT,exact-facility-location-gat_v9.pkl,1,False,0.0010971678420901299
1s72.cif,2812,9,65,AGCGUUCC,65,,A,72,,C,"9:65,9:66,9:67,9:68,9:69,9:70,9:71,9:72",GAT,exact-facility-location-gat_v9.pkl,1,False,0.0016159436199814081
1s72.cif,2813,9,66,GCGUUCCG,66,,G,73,,G,"9:66,9:67,9:68,9:69,9:70,9:71,9:72,9:73",GAT,exact-facility-location-gat_v9.pkl,1,False,0.0009813214419409633
1s72.cif,2814,9,67,CGUUCCGG,67,,C,74,,G,"9:67,9:68,9:69,9:70,9:71,9:72,9:73,9:74",GAT,exact-facility-location-gat_v9.pkl,1,False,0.0010582427494227886
1s72.cif,2815,9,68,GUUCCGGG,68,,G,75,,G,"9:68,9:69,9:70,9:71,9:72,9:73,9:74,9:75",GAT,exact-facility-location-gat_v9.pkl,1,False,0.001079409383237362
1s72.cif,2816,9,69,UUCCGGGG,69,,U,76,,G,"9:69,9:70,9:71,9:72,9:73,9:74,9:75,9:76",GAT,exact-facility-location-gat_v9.pkl,1,False,0.0007004784420132637
1s72.cif,2817,9,70,UCCGGGGA,70,,U,77,,A,"9:70,9:71,9:72,9:73,9:74,9:75,9:76,9:77",GAT,exact-facility-location-gat_v9.pkl,1,False,0.0007608450250700116
1s72.cif,2818,9,71,CCGGGGAG,71,,C,78,,G,"9:71,9:72,9:73,9:74,9:75,9:76,9:77,9:78",GAT,exact-facility-location-gat_v9.pkl,1,False,0.0007242826395668089
1s72.cif,2819,9,72,CGGGGAGU,72,,C,79,,U,"9:72,9:73,9:74,9:75,9:76,9:77,9:78,9:79",GAT,exact-facility-location-gat_v9.pkl,1,False,0.0009500390733592212
1s72.cif,2820,9,73,GGGGAGUA,73,,G,80,,A,"9:73,9:74,9:75,9:76,9:77,9:78,9:79,9:80",GAT,exact-facility-location-gat_v9.pkl,1,False,6.16000615991652e-05
1s72.cif,2821,9,74,GGGAGUAC,74,,G,81,,C,"9:74,9:75,9:76,9:77,9:78,9:79,9:80,9:81",GAT,exact-facility-location-gat_v9.pkl,1,False,4.9792914069257677e-05
1s72.cif,2822,9,75,GGAGUACU,75,,G,82,,U,"9:75,9:76,9:77,9:78,9:79,9:80,9:81,9:82",GAT,exact-facility-location-gat_v9.pkl,1,False,5.8919376897392794e-05
1s72.cif,2823,9,76,GAGUACUG,76,,G,83,,G,"9:76,9:77,9:78,9:79,9:80,9:81,9:82,9:83",GAT,exact-facility-location-gat_v9.pkl,1,False,0.00029167189495638013
1s72.cif,2824,9,77,AGUACUGG,77,,A,84,,G,"9:77,9:78,9:79,9:80,9:81,9:82,9:83,9:84",GAT,exact-facility-location-gat_v9.pkl,1,False,0.003075884422287345
1s72.cif,2825,9,78,GUACUGGA,78,,G,85,,A,"9:78,9:79,9:80,9:81,9:82,9:83,9:84,9:85",GAT,exact-facility-location-gat_v9.pkl,1,False,0.0004838778986595571
1s72.cif,2826,9,79,UACUGGAG,79,,U,86,,G,"9:79,9:80,9:81,9:82,9:83,9:84,9:85,9:86",GAT,exact-facility-location-gat_v9.pkl,1,False,0.0011476933723315597
1s72.cif,2827,9,80,ACUGGAGU,80,,A,87,,U,"9:80,9:81,9:82,9:83,9:84,9:85,9:86,9:87",GAT,exact-facility-location-gat_v9.pkl,1,False,0.0005099810077808797
1s72.cif,2828,9,81,CUGGAGUG,81,,C,88,,G,"9:81,9:82,9:83,9:84,9:85,9:86,9:87,9:88",GAT,exact-facility-location-gat_v9.pkl,1,False,0.033921558409929276
1s72.cif,2829,9,82,UGGAGUGC,82,,U,89,,C,"9:82,9:83,9:84,9:85,9:86,9:87,9:88,9:89",GAT,exact-facility-location-gat_v9.pkl,1,False,0.005136832594871521
1s72.cif,2830,9,83,GGAGUGCG,83,,G,90,,G,"9:83,9:84,9:85,9:86,9:87,9:88,9:89,9:90",GAT,exact-facility-location-gat_v9.pkl,1,False,0.00958196260035038
1s72.cif,2831,9,84,GAGUGCGC,84,,G,91,,C,"9:84,9:85,9:86,9:87,9:88,9:89,9:90,9:91",GAT,exact-facility-location-gat_v9.pkl,1,False,0.001013921108096838
1s72.cif,2832,9,85,AGUGCGCG,85,,A,92,,G,"9:85,9:86,9:87,9:88,9:89,9:90,9:91,9:92",GAT,exact-facility-location-gat_v9.pkl,1,False,0.005142330192029476
1s72.cif,2833,9,86,GUGCGCGA,86,,G,93,,A,"9:86,9:87,9:88,9:89,9:90,9:91,9:92,9:93",GAT,exact-facility-location-gat_v9.pkl,1,False,0.0029382160864770412
1s72.cif,2834,9,87,UGCGCGAG,87,,U,94,,G,"9:87,9:88,9:89,9:90,9:91,9:92,9:93,9:94",GAT,exact-facility-location-gat_v9.pkl,1,False,0.0013772117672488093
1s72.cif,2835,9,88,GCGCGAGC,88,,G,95,,C,"9:88,9:89,9:90,9:91,9:92,9:93,9:94,9:95",GAT,exact-facility-location-gat_v9.pkl,1,True,0.96792072057724
1s72.cif,2836,9,89,CGCGAGCC,89,,C,96,,C,"9:89,9:90,9:91,9:92,9:93,9:94,9:95,9:96",GAT,exact-facility-location-gat_v9.pkl,1,False,0.09767752885818481
1s72.cif,2837,9,90,GCGAGCCU,90,,G,97,,U,"9:90,9:91,9:92,9:93,9:94,9:95,9:96,9:97",GAT,exact-facility-location-gat_v9.pkl,1,False,0.0031060732435435057
1s72.cif,2838,9,91,CGAGCCUC,91,,C,98,,C,"9:91,9:92,9:93,9:94,9:95,9:96,9:97,9:98",GAT,exact-facility-location-gat_v9.pkl,1,False,0.00020015389600303024
1s72.cif,2839,9,92,GAGCCUCU,92,,G,99,,U,"9:92,9:93,9:94,9:95,9:96,9:97,9:98,9:99",GAT,exact-facility-location-gat_v9.pkl,1,False,0.00026565545704215765
1s72.cif,2840,9,93,AGCCUCUG,93,,A,100,,G,"9:93,9:94,9:95,9:96,9:97,9:98,9:99,9:100",GAT,exact-facility-location-gat_v9.pkl,1,False,0.00039171415846794844
1s72.cif,2841,9,94,GCCUCUGG,94,,G,101,,G,"9:94,9:95,9:96,9:97,9:98,9:99,9:100,9:101",GAT,exact-facility-location-gat_v9.pkl,1,False,0.0007679489208385348
1s72.cif,2842,9,95,CCUCUGGG,95,,C,102,,G,"9:95,9:96,9:97,9:98,9:99,9:100,9:101,9:102",GAT,exact-facility-location-gat_v9.pkl,1,False,0.0010558556532487273
1s72.cif,2843,9,96,CUCUGGGA,96,,C,103,,A,"9:96,9:97,9:98,9:99,9:100,9:101,9:102,9:103",GAT,exact-facility-location-gat_v9.pkl,1,False,0.004664664622396231
1s72.cif,2844,9,97,UCUGGGAA,97,,U,104,,A,"9:97,9:98,9:99,9:100,9:101,9:102,9:103,9:104",GAT,exact-facility-location-gat_v9.pkl,1,False,0.0019992704037576914
1s72.cif,2845,9,98,CUGGGAAA,98,,C,105,,A,"9:98,9:99,9:100,9:101,9:102,9:103,9:104,9:105",GAT,exact-facility-location-gat_v9.pkl,1,False,0.000713485584128648
1s72.cif,2846,9,99,UGGGAAAC,99,,U,106,,C,"9:99,9:100,9:101,9:102,9:103,9:104,9:105,9:106",GAT,exact-facility-location-gat_v9.pkl,1,False,0.0001226327003678307
1s72.cif,2847,9,100,GGGAAACC,100,,G,107,,C,"9:100,9:101,9:102,9:103,9:104,9:105,9:106,9:107",GAT,exact-facility-location-gat_v9.pkl,1,False,9.32639668462798e-05
1s72.cif,2848,9,101,GGAAACCC,101,,G,108,,C,"9:101,9:102,9:103,9:104,9:105,9:106,9:107,9:108",GAT,exact-facility-location-gat_v9.pkl,1,False,0.002164368284866214
1s72.cif,2849,9,102,GAAACCCG,102,,G,109,,G,"9:102,9:103,9:104,9:105,9:106,9:107,9:108,9:109",GAT,exact-facility-location-gat_v9.pkl,1,False,0.0005460822721943259
1s72.cif,2850,9,103,AAACCCGG,103,,A,110,,G,"9:103,9:104,9:105,9:106,9:107,9:108,9:109,9:110",GAT,exact-facility-location-gat_v9.pkl,1,False,0.0006383193540386856
1s72.cif,2851,9,104,AACCCGGU,104,,A,111,,U,"9:104,9:105,9:106,9:107,9:108,9:109,9:110,9:111",GAT,exact-facility-location-gat_v9.pkl,1,False,0.0008676936849951744
1s72.cif,2852,9,105,ACCCGGUU,105,,A,112,,U,"9:105,9:106,9:107,9:108,9:109,9:110,9:111,9:112",GAT,exact-facility-location-gat_v9.pkl,1,False,0.001011957647278905
1s72.cif,2853,9,106,CCCGGUUC,106,,C,113,,C,"9:106,9:107,9:108,9:109,9:110,9:111,9:112,9:113",GAT,exact-facility-location-gat_v9.pkl,1,False,0.0005307123647071421
1s72.cif,2854,9,107,CCGGUUCG,107,,C,114,,G,"9:107,9:108,9:109,9:110,9:111,9:112,9:113,9:114",GAT,exact-facility-location-gat_v9.pkl,1,False,0.00020527097512967885
1s72.cif,2855,9,108,CGGUUCGC,108,,C,115,,C,"9:108,9:109,9:110,9:111,9:112,9:113,9:114,9:115",GAT,exact-facility-location-gat_v9.pkl,1,False,8.084365981630981e-05
1s72.cif,2856,9,109,GGUUCGCC,109,,G,116,,C,"9:109,9:110,9:111,9:112,9:113,9:114,9:115,9:116",GAT,exact-facility-location-gat_v9.pkl,1,False,2.6945033823722042e-05
1s72.cif,2857,9,110,GUUCGCCG,110,,G,117,,G,"9:110,9:111,9:112,9:113,9:114,9:115,9:116,9:117",GAT,exact-facility-location-gat_v9.pkl,1,False,0.00012490764493122697
1s72.cif,2858,9,111,UUCGCCGC,111,,U,118,,C,"9:111,9:112,9:113,9:114,9:115,9:116,9:117,9:118",GAT,exact-facility-location-gat_v9.pkl,1,False,4.6642984671052545e-05
1s72.cif,2859,9,112,UCGCCGCC,112,,U,119,,C,"9:112,9:113,9:114,9:115,9:116,9:117,9:118,9:119",GAT,exact-facility-location-gat_v9.pkl,1,False,0.0009856532560661435
1s72.cif,2860,9,113,CGCCGCCA,113,,C,120,,A,"9:113,9:114,9:115,9:116,9:117,9:118,9:119,9:120",GAT,exact-facility-location-gat_v9.pkl,1,False,0.009377636946737766
1s72.cif,2861,9,114,GCCGCCAC,114,,G,121,,C,"9:114,9:115,9:116,9:117,9:118,9:119,9:120,9:121",GAT,exact-facility-location-gat_v9.pkl,1,False,0.0007242647698149085
1s72.cif,2862,9,115,CCGCCACC,115,,C,122,,C,"9:115,9:116,9:117,9:118,9:119,9:120,9:121,9:122",GAT,exact-facility-location-gat_v9.pkl,1,False,0.0006238296627998352
